{
  "nodes": [
    {
      "index": 0,
      "id": "(0, 0, 0)",
      "x": 4.0812,
      "y": -80.605
    },
    {
      "index": 1,
      "id": "(0, 0, 1)",
      "x": 12.86,
      "y": 21.997
    },
    {
      "index": 2,
      "id": "(0, 1, 0)",
      "x": 92.917,
      "y": -52.779
    },
    {
      "index": 3,
      "id": "(0, 1, 1)",
      "x": 92.708,
      "y": 57.145
    },
    {
      "index": 4,
      "id": "(1, 0, 0)",
      "x": -92.744,
      "y": -57.089
    },
    {
      "index": 5,
      "id": "(1, 0, 1)",
      "x": -93.069,
      "y": 52.7
    },
    {
      "index": 6,
      "id": "(1, 1, 0)",
      "x": -12.562,
      "y": -21.679
    },
    {
      "index": 7,
      "id": "(1, 1, 1)",
      "x": -4.4432,
      "y": 80.761
    }
  ],
  "edges": [
    {
      "source": "(0, 0, 0)",
      "target": "(0, 1, 0)"
    },
    {
      "source": "(0, 0, 0)",
      "target": "(1, 0, 0)"
    },
    {
      "source": "(0, 0, 0)",
      "target": "(0, 0, 1)"
    },
    {
      "source": "(0, 0, 1)",
      "target": "(1, 0, 1)"
    },
    {
      "source": "(0, 0, 1)",
      "target": "(0, 1, 1)"
    },
    {
      "source": "(0, 1, 0)",
      "target": "(1, 1, 0)"
    },
    {
      "source": "(0, 1, 0)",
      "target": "(0, 1, 1)"
    },
    {
      "source": "(0, 1, 1)",
      "target": "(1, 1, 1)"
    },
    {
      "source": "(1, 0, 0)",
      "target": "(1, 1, 0)"
    },
    {
      "source": "(1, 0, 0)",
      "target": "(1, 0, 1)"
    },
    {
      "source": "(1, 0, 1)",
      "target": "(1, 1, 1)"
    },
    {
      "source": "(1, 1, 0)",
      "target": "(1, 1, 1)"
    }
  ],
  "weight": [
    [
      1.0,
      1.0,
      1.0,
      0.25,
      1.0,
      0.25,
      0.25,
      0.1111111119389534
    ],
    [
      1.0,
      1.0,
      0.25,
      1.0,
      0.25,
      1.0,
      0.1111111119389534,
      0.25
    ],
    [
      1.0,
      0.25,
      1.0,
      1.0,
      0.25,
      0.1111111119389534,
      1.0,
      0.25
    ],
    [
      0.25,
      1.0,
      1.0,
      1.0,
      0.1111111119389534,
      0.25,
      0.25,
      1.0
    ],
    [
      1.0,
      0.25,
      0.25,
      0.1111111119389534,
      1.0,
      1.0,
      1.0,
      0.25
    ],
    [
      0.25,
      1.0,
      0.1111111119389534,
      0.25,
      1.0,
      1.0,
      0.25,
      1.0
    ],
    [
      0.25,
      0.1111111119389534,
      1.0,
      0.25,
      1.0,
      0.25,
      1.0,
      1.0
    ],
    [
      0.1111111119389534,
      0.25,
      0.25,
      1.0,
      0.25,
      1.0,
      1.0,
      1.0
    ]
  ],
  "graphDistance": [
    [
      0.0,
      1.0,
      1.0,
      2.0,
      1.0,
      2.0,
      2.0,
      3.0
    ],
    [
      1.0,
      0.0,
      2.0,
      1.0,
      2.0,
      1.0,
      3.0,
      2.0
    ],
    [
      1.0,
      2.0,
      0.0,
      1.0,
      2.0,
      3.0,
      1.0,
      2.0
    ],
    [
      2.0,
      1.0,
      1.0,
      0.0,
      3.0,
      2.0,
      2.0,
      1.0
    ],
    [
      1.0,
      2.0,
      2.0,
      3.0,
      0.0,
      1.0,
      1.0,
      2.0
    ],
    [
      2.0,
      1.0,
      3.0,
      2.0,
      1.0,
      0.0,
      2.0,
      1.0
    ],
    [
      2.0,
      3.0,
      1.0,
      2.0,
      1.0,
      2.0,
      0.0,
      1.0
    ],
    [
      3.0,
      2.0,
      2.0,
      1.0,
      2.0,
      1.0,
      1.0,
      0.0
    ]
  ]
}