{
  "nodes": [
    {
      "index": 0,
      "id": "0",
      "x": 137.01,
      "y": 136.42
    },
    {
      "index": 1,
      "id": "1",
      "x": 111.37,
      "y": 226.0
    },
    {
      "index": 2,
      "id": "2",
      "x": 173.37,
      "y": 254.79
    },
    {
      "index": 3,
      "id": "3",
      "x": 111.02,
      "y": 46.997
    },
    {
      "index": 4,
      "id": "4",
      "x": 173.13,
      "y": 18.0
    },
    {
      "index": 5,
      "id": "5",
      "x": 272.35,
      "y": 136.38
    },
    {
      "index": 6,
      "id": "6",
      "x": 229.85,
      "y": 81.299
    },
    {
      "index": 7,
      "id": "7",
      "x": 27.0,
      "y": 97.821
    },
    {
      "index": 8,
      "id": "8",
      "x": 229.87,
      "y": 191.49
    },
    {
      "index": 9,
      "id": "9",
      "x": 27.461,
      "y": 175.53
    }
  ],
  "edges": [
    {
      "source": "0",
      "target": "5"
    },
    {
      "source": "0",
      "target": "7"
    },
    {
      "source": "0",
      "target": "9"
    },
    {
      "source": "0",
      "target": "6"
    },
    {
      "source": "0",
      "target": "8"
    },
    {
      "source": "1",
      "target": "5"
    },
    {
      "source": "1",
      "target": "7"
    },
    {
      "source": "1",
      "target": "9"
    },
    {
      "source": "1",
      "target": "6"
    },
    {
      "source": "1",
      "target": "8"
    },
    {
      "source": "2",
      "target": "5"
    },
    {
      "source": "2",
      "target": "7"
    },
    {
      "source": "2",
      "target": "9"
    },
    {
      "source": "2",
      "target": "6"
    },
    {
      "source": "2",
      "target": "8"
    },
    {
      "source": "3",
      "target": "5"
    },
    {
      "source": "3",
      "target": "7"
    },
    {
      "source": "3",
      "target": "9"
    },
    {
      "source": "3",
      "target": "6"
    },
    {
      "source": "3",
      "target": "8"
    },
    {
      "source": "4",
      "target": "5"
    },
    {
      "source": "4",
      "target": "7"
    },
    {
      "source": "4",
      "target": "9"
    },
    {
      "source": "4",
      "target": "6"
    },
    {
      "source": "4",
      "target": "8"
    }
  ],
  "weight": [
    [
      1.0,
      0.25,
      0.25,
      0.25,
      0.25,
      1.0,
      1.0,
      1.0,
      1.0,
      1.0
    ],
    [
      0.25,
      1.0,
      0.25,
      0.25,
      0.25,
      1.0,
      1.0,
      1.0,
      1.0,
      1.0
    ],
    [
      0.25,
      0.25,
      1.0,
      0.25,
      0.25,
      1.0,
      1.0,
      1.0,
      1.0,
      1.0
    ],
    [
      0.25,
      0.25,
      0.25,
      1.0,
      0.25,
      1.0,
      1.0,
      1.0,
      1.0,
      1.0
    ],
    [
      0.25,
      0.25,
      0.25,
      0.25,
      1.0,
      1.0,
      1.0,
      1.0,
      1.0,
      1.0
    ],
    [
      1.0,
      1.0,
      1.0,
      1.0,
      1.0,
      1.0,
      0.25,
      0.25,
      0.25,
      0.25
    ],
    [
      1.0,
      1.0,
      1.0,
      1.0,
      1.0,
      0.25,
      1.0,
      0.25,
      0.25,
      0.25
    ],
    [
      1.0,
      1.0,
      1.0,
      1.0,
      1.0,
      0.25,
      0.25,
      1.0,
      0.25,
      0.25
    ],
    [
      1.0,
      1.0,
      1.0,
      1.0,
      1.0,
      0.25,
      0.25,
      0.25,
      1.0,
      0.25
    ],
    [
      1.0,
      1.0,
      1.0,
      1.0,
      1.0,
      0.25,
      0.25,
      0.25,
      0.25,
      1.0
    ]
  ],
  "graphDistance": [
    [
      0.0,
      2.0,
      2.0,
      2.0,
      2.0,
      1.0,
      1.0,
      1.0,
      1.0,
      1.0
    ],
    [
      2.0,
      0.0,
      2.0,
      2.0,
      2.0,
      1.0,
      1.0,
      1.0,
      1.0,
      1.0
    ],
    [
      2.0,
      2.0,
      0.0,
      2.0,
      2.0,
      1.0,
      1.0,
      1.0,
      1.0,
      1.0
    ],
    [
      2.0,
      2.0,
      2.0,
      0.0,
      2.0,
      1.0,
      1.0,
      1.0,
      1.0,
      1.0
    ],
    [
      2.0,
      2.0,
      2.0,
      2.0,
      0.0,
      1.0,
      1.0,
      1.0,
      1.0,
      1.0
    ],
    [
      1.0,
      1.0,
      1.0,
      1.0,
      1.0,
      0.0,
      2.0,
      2.0,
      2.0,
      2.0
    ],
    [
      1.0,
      1.0,
      1.0,
      1.0,
      1.0,
      2.0,
      0.0,
      2.0,
      2.0,
      2.0
    ],
    [
      1.0,
      1.0,
      1.0,
      1.0,
      1.0,
      2.0,
      2.0,
      0.0,
      2.0,
      2.0
    ],
    [
      1.0,
      1.0,
      1.0,
      1.0,
      1.0,
      2.0,
      2.0,
      2.0,
      0.0,
      2.0
    ],
    [
      1.0,
      1.0,
      1.0,
      1.0,
      1.0,
      2.0,
      2.0,
      2.0,
      2.0,
      0.0
    ]
  ],
  "initPosition_neato": [
    [
      89.002,
      -72.031
    ],
    [
      -43.139,
      76.886
    ],
    [
      -101.9,
      60.633
    ],
    [
      10.068,
      -70.917
    ],
    [
      78.072,
      -0.36385
    ],
    [
      -95.106,
      -19.056
    ],
    [
      -77.409,
      -80.652
    ],
    [
      91.255,
      72.614
    ],
    [
      20.336,
      69.305
    ],
    [
      -15.049,
      -0.81244
    ]
  ],
  "initPosition_sfdp": [
    [
      137.01,
      136.42
    ],
    [
      111.37,
      226.0
    ],
    [
      173.37,
      254.79
    ],
    [
      111.02,
      46.997
    ],
    [
      173.13,
      18.0
    ],
    [
      272.35,
      136.38
    ],
    [
      229.85,
      81.299
    ],
    [
      27.0,
      97.821
    ],
    [
      229.87,
      191.49
    ],
    [
      27.461,
      175.53
    ]
  ]
}