{
  "nodes": [
    {
      "index": 0,
      "id": "0",
      "x": 181.86,
      "y": 166.78
    },
    {
      "index": 1,
      "id": "1",
      "x": 27.0,
      "y": 182.09
    },
    {
      "index": 2,
      "id": "2",
      "x": 56.537,
      "y": 248.08
    },
    {
      "index": 3,
      "id": "3",
      "x": 80.873,
      "y": 49.301
    },
    {
      "index": 4,
      "id": "4",
      "x": 249.11,
      "y": 306.51
    },
    {
      "index": 5,
      "id": "5",
      "x": 227.58,
      "y": 238.3
    },
    {
      "index": 6,
      "id": "6",
      "x": 267.63,
      "y": 163.18
    },
    {
      "index": 7,
      "id": "7",
      "x": 304.07,
      "y": 255.3
    },
    {
      "index": 8,
      "id": "8",
      "x": 150.3,
      "y": 18.0
    },
    {
      "index": 9,
      "id": "9",
      "x": 43.134,
      "y": 109.54
    },
    {
      "index": 10,
      "id": "10",
      "x": 97.316,
      "y": 168.79
    },
    {
      "index": 11,
      "id": "11",
      "x": 287.65,
      "y": 55.824
    },
    {
      "index": 12,
      "id": "12",
      "x": 325.67,
      "y": 115.49
    },
    {
      "index": 13,
      "id": "13",
      "x": 221.52,
      "y": 18.232
    },
    {
      "index": 14,
      "id": "14",
      "x": 222.26,
      "y": 90.977
    },
    {
      "index": 15,
      "id": "15",
      "x": 334.46,
      "y": 191.34
    },
    {
      "index": 16,
      "id": "16",
      "x": 137.09,
      "y": 93.306
    },
    {
      "index": 17,
      "id": "17",
      "x": 142.4,
      "y": 242.17
    },
    {
      "index": 18,
      "id": "18",
      "x": 105.37,
      "y": 302.46
    },
    {
      "index": 19,
      "id": "19",
      "x": 178.1,
      "y": 316.58
    }
  ],
  "edges": [
    {
      "source": "0",
      "target": "5"
    },
    {
      "source": "0",
      "target": "9"
    },
    {
      "source": "0",
      "target": "6"
    },
    {
      "source": "0",
      "target": "15"
    },
    {
      "source": "0",
      "target": "13"
    },
    {
      "source": "0",
      "target": "1"
    },
    {
      "source": "0",
      "target": "10"
    },
    {
      "source": "0",
      "target": "11"
    },
    {
      "source": "0",
      "target": "19"
    },
    {
      "source": "0",
      "target": "8"
    },
    {
      "source": "0",
      "target": "12"
    },
    {
      "source": "0",
      "target": "18"
    },
    {
      "source": "0",
      "target": "17"
    },
    {
      "source": "0",
      "target": "7"
    },
    {
      "source": "0",
      "target": "2"
    },
    {
      "source": "0",
      "target": "3"
    },
    {
      "source": "0",
      "target": "16"
    },
    {
      "source": "0",
      "target": "4"
    },
    {
      "source": "0",
      "target": "14"
    },
    {
      "source": "1",
      "target": "5"
    },
    {
      "source": "1",
      "target": "9"
    },
    {
      "source": "1",
      "target": "6"
    },
    {
      "source": "1",
      "target": "15"
    },
    {
      "source": "1",
      "target": "13"
    },
    {
      "source": "1",
      "target": "10"
    },
    {
      "source": "1",
      "target": "11"
    },
    {
      "source": "1",
      "target": "19"
    },
    {
      "source": "1",
      "target": "8"
    },
    {
      "source": "1",
      "target": "12"
    },
    {
      "source": "1",
      "target": "18"
    },
    {
      "source": "1",
      "target": "17"
    },
    {
      "source": "1",
      "target": "7"
    },
    {
      "source": "1",
      "target": "2"
    },
    {
      "source": "1",
      "target": "3"
    },
    {
      "source": "1",
      "target": "16"
    },
    {
      "source": "1",
      "target": "4"
    },
    {
      "source": "1",
      "target": "14"
    },
    {
      "source": "2",
      "target": "5"
    },
    {
      "source": "2",
      "target": "9"
    },
    {
      "source": "2",
      "target": "6"
    },
    {
      "source": "2",
      "target": "15"
    },
    {
      "source": "2",
      "target": "13"
    },
    {
      "source": "2",
      "target": "10"
    },
    {
      "source": "2",
      "target": "11"
    },
    {
      "source": "2",
      "target": "19"
    },
    {
      "source": "2",
      "target": "8"
    },
    {
      "source": "2",
      "target": "12"
    },
    {
      "source": "2",
      "target": "18"
    },
    {
      "source": "2",
      "target": "17"
    },
    {
      "source": "2",
      "target": "7"
    },
    {
      "source": "2",
      "target": "3"
    },
    {
      "source": "2",
      "target": "16"
    },
    {
      "source": "2",
      "target": "4"
    },
    {
      "source": "2",
      "target": "14"
    },
    {
      "source": "3",
      "target": "5"
    },
    {
      "source": "3",
      "target": "9"
    },
    {
      "source": "3",
      "target": "6"
    },
    {
      "source": "3",
      "target": "15"
    },
    {
      "source": "3",
      "target": "13"
    },
    {
      "source": "3",
      "target": "10"
    },
    {
      "source": "3",
      "target": "11"
    },
    {
      "source": "3",
      "target": "19"
    },
    {
      "source": "3",
      "target": "8"
    },
    {
      "source": "3",
      "target": "12"
    },
    {
      "source": "3",
      "target": "18"
    },
    {
      "source": "3",
      "target": "17"
    },
    {
      "source": "3",
      "target": "7"
    },
    {
      "source": "3",
      "target": "16"
    },
    {
      "source": "3",
      "target": "4"
    },
    {
      "source": "3",
      "target": "14"
    },
    {
      "source": "4",
      "target": "5"
    },
    {
      "source": "4",
      "target": "9"
    },
    {
      "source": "4",
      "target": "6"
    },
    {
      "source": "4",
      "target": "15"
    },
    {
      "source": "4",
      "target": "13"
    },
    {
      "source": "4",
      "target": "10"
    },
    {
      "source": "4",
      "target": "11"
    },
    {
      "source": "4",
      "target": "19"
    },
    {
      "source": "4",
      "target": "8"
    },
    {
      "source": "4",
      "target": "12"
    },
    {
      "source": "4",
      "target": "18"
    },
    {
      "source": "4",
      "target": "17"
    },
    {
      "source": "4",
      "target": "7"
    },
    {
      "source": "4",
      "target": "16"
    },
    {
      "source": "4",
      "target": "14"
    },
    {
      "source": "5",
      "target": "9"
    },
    {
      "source": "5",
      "target": "6"
    },
    {
      "source": "5",
      "target": "15"
    },
    {
      "source": "5",
      "target": "13"
    },
    {
      "source": "5",
      "target": "10"
    },
    {
      "source": "5",
      "target": "11"
    },
    {
      "source": "5",
      "target": "19"
    },
    {
      "source": "5",
      "target": "8"
    },
    {
      "source": "5",
      "target": "12"
    },
    {
      "source": "5",
      "target": "18"
    },
    {
      "source": "5",
      "target": "17"
    },
    {
      "source": "5",
      "target": "7"
    },
    {
      "source": "5",
      "target": "16"
    },
    {
      "source": "5",
      "target": "14"
    },
    {
      "source": "6",
      "target": "9"
    },
    {
      "source": "6",
      "target": "15"
    },
    {
      "source": "6",
      "target": "13"
    },
    {
      "source": "6",
      "target": "10"
    },
    {
      "source": "6",
      "target": "11"
    },
    {
      "source": "6",
      "target": "19"
    },
    {
      "source": "6",
      "target": "8"
    },
    {
      "source": "6",
      "target": "12"
    },
    {
      "source": "6",
      "target": "18"
    },
    {
      "source": "6",
      "target": "17"
    },
    {
      "source": "6",
      "target": "7"
    },
    {
      "source": "6",
      "target": "16"
    },
    {
      "source": "6",
      "target": "14"
    },
    {
      "source": "7",
      "target": "9"
    },
    {
      "source": "7",
      "target": "15"
    },
    {
      "source": "7",
      "target": "13"
    },
    {
      "source": "7",
      "target": "10"
    },
    {
      "source": "7",
      "target": "11"
    },
    {
      "source": "7",
      "target": "19"
    },
    {
      "source": "7",
      "target": "8"
    },
    {
      "source": "7",
      "target": "12"
    },
    {
      "source": "7",
      "target": "18"
    },
    {
      "source": "7",
      "target": "17"
    },
    {
      "source": "7",
      "target": "16"
    },
    {
      "source": "7",
      "target": "14"
    },
    {
      "source": "8",
      "target": "9"
    },
    {
      "source": "8",
      "target": "15"
    },
    {
      "source": "8",
      "target": "13"
    },
    {
      "source": "8",
      "target": "10"
    },
    {
      "source": "8",
      "target": "11"
    },
    {
      "source": "8",
      "target": "19"
    },
    {
      "source": "8",
      "target": "12"
    },
    {
      "source": "8",
      "target": "18"
    },
    {
      "source": "8",
      "target": "17"
    },
    {
      "source": "8",
      "target": "16"
    },
    {
      "source": "8",
      "target": "14"
    },
    {
      "source": "9",
      "target": "15"
    },
    {
      "source": "9",
      "target": "13"
    },
    {
      "source": "9",
      "target": "10"
    },
    {
      "source": "9",
      "target": "11"
    },
    {
      "source": "9",
      "target": "19"
    },
    {
      "source": "9",
      "target": "12"
    },
    {
      "source": "9",
      "target": "18"
    },
    {
      "source": "9",
      "target": "17"
    },
    {
      "source": "9",
      "target": "16"
    },
    {
      "source": "9",
      "target": "14"
    },
    {
      "source": "10",
      "target": "15"
    },
    {
      "source": "10",
      "target": "13"
    },
    {
      "source": "10",
      "target": "11"
    },
    {
      "source": "10",
      "target": "19"
    },
    {
      "source": "10",
      "target": "12"
    },
    {
      "source": "10",
      "target": "18"
    },
    {
      "source": "10",
      "target": "17"
    },
    {
      "source": "10",
      "target": "16"
    },
    {
      "source": "10",
      "target": "14"
    },
    {
      "source": "11",
      "target": "15"
    },
    {
      "source": "11",
      "target": "13"
    },
    {
      "source": "11",
      "target": "19"
    },
    {
      "source": "11",
      "target": "12"
    },
    {
      "source": "11",
      "target": "18"
    },
    {
      "source": "11",
      "target": "17"
    },
    {
      "source": "11",
      "target": "16"
    },
    {
      "source": "11",
      "target": "14"
    },
    {
      "source": "12",
      "target": "15"
    },
    {
      "source": "12",
      "target": "13"
    },
    {
      "source": "12",
      "target": "19"
    },
    {
      "source": "12",
      "target": "18"
    },
    {
      "source": "12",
      "target": "17"
    },
    {
      "source": "12",
      "target": "16"
    },
    {
      "source": "12",
      "target": "14"
    },
    {
      "source": "13",
      "target": "15"
    },
    {
      "source": "13",
      "target": "19"
    },
    {
      "source": "13",
      "target": "18"
    },
    {
      "source": "13",
      "target": "17"
    },
    {
      "source": "13",
      "target": "16"
    },
    {
      "source": "13",
      "target": "14"
    },
    {
      "source": "14",
      "target": "15"
    },
    {
      "source": "14",
      "target": "19"
    },
    {
      "source": "14",
      "target": "18"
    },
    {
      "source": "14",
      "target": "17"
    },
    {
      "source": "14",
      "target": "16"
    },
    {
      "source": "15",
      "target": "19"
    },
    {
      "source": "15",
      "target": "18"
    },
    {
      "source": "15",
      "target": "17"
    },
    {
      "source": "15",
      "target": "16"
    },
    {
      "source": "16",
      "target": "19"
    },
    {
      "source": "16",
      "target": "18"
    },
    {
      "source": "16",
      "target": "17"
    },
    {
      "source": "17",
      "target": "19"
    },
    {
      "source": "17",
      "target": "18"
    },
    {
      "source": "18",
      "target": "19"
    }
  ],
  "weight": [
    [
      1.0,
      1.0,
      1.0,
      1.0,
      1.0,
      1.0,
      1.0,
      1.0,
      1.0,
      1.0,
      1.0,
      1.0,
      1.0,
      1.0,
      1.0,
      1.0,
      1.0,
      1.0,
      1.0,
      1.0
    ],
    [
      1.0,
      1.0,
      1.0,
      1.0,
      1.0,
      1.0,
      1.0,
      1.0,
      1.0,
      1.0,
      1.0,
      1.0,
      1.0,
      1.0,
      1.0,
      1.0,
      1.0,
      1.0,
      1.0,
      1.0
    ],
    [
      1.0,
      1.0,
      1.0,
      1.0,
      1.0,
      1.0,
      1.0,
      1.0,
      1.0,
      1.0,
      1.0,
      1.0,
      1.0,
      1.0,
      1.0,
      1.0,
      1.0,
      1.0,
      1.0,
      1.0
    ],
    [
      1.0,
      1.0,
      1.0,
      1.0,
      1.0,
      1.0,
      1.0,
      1.0,
      1.0,
      1.0,
      1.0,
      1.0,
      1.0,
      1.0,
      1.0,
      1.0,
      1.0,
      1.0,
      1.0,
      1.0
    ],
    [
      1.0,
      1.0,
      1.0,
      1.0,
      1.0,
      1.0,
      1.0,
      1.0,
      1.0,
      1.0,
      1.0,
      1.0,
      1.0,
      1.0,
      1.0,
      1.0,
      1.0,
      1.0,
      1.0,
      1.0
    ],
    [
      1.0,
      1.0,
      1.0,
      1.0,
      1.0,
      1.0,
      1.0,
      1.0,
      1.0,
      1.0,
      1.0,
      1.0,
      1.0,
      1.0,
      1.0,
      1.0,
      1.0,
      1.0,
      1.0,
      1.0
    ],
    [
      1.0,
      1.0,
      1.0,
      1.0,
      1.0,
      1.0,
      1.0,
      1.0,
      1.0,
      1.0,
      1.0,
      1.0,
      1.0,
      1.0,
      1.0,
      1.0,
      1.0,
      1.0,
      1.0,
      1.0
    ],
    [
      1.0,
      1.0,
      1.0,
      1.0,
      1.0,
      1.0,
      1.0,
      1.0,
      1.0,
      1.0,
      1.0,
      1.0,
      1.0,
      1.0,
      1.0,
      1.0,
      1.0,
      1.0,
      1.0,
      1.0
    ],
    [
      1.0,
      1.0,
      1.0,
      1.0,
      1.0,
      1.0,
      1.0,
      1.0,
      1.0,
      1.0,
      1.0,
      1.0,
      1.0,
      1.0,
      1.0,
      1.0,
      1.0,
      1.0,
      1.0,
      1.0
    ],
    [
      1.0,
      1.0,
      1.0,
      1.0,
      1.0,
      1.0,
      1.0,
      1.0,
      1.0,
      1.0,
      1.0,
      1.0,
      1.0,
      1.0,
      1.0,
      1.0,
      1.0,
      1.0,
      1.0,
      1.0
    ],
    [
      1.0,
      1.0,
      1.0,
      1.0,
      1.0,
      1.0,
      1.0,
      1.0,
      1.0,
      1.0,
      1.0,
      1.0,
      1.0,
      1.0,
      1.0,
      1.0,
      1.0,
      1.0,
      1.0,
      1.0
    ],
    [
      1.0,
      1.0,
      1.0,
      1.0,
      1.0,
      1.0,
      1.0,
      1.0,
      1.0,
      1.0,
      1.0,
      1.0,
      1.0,
      1.0,
      1.0,
      1.0,
      1.0,
      1.0,
      1.0,
      1.0
    ],
    [
      1.0,
      1.0,
      1.0,
      1.0,
      1.0,
      1.0,
      1.0,
      1.0,
      1.0,
      1.0,
      1.0,
      1.0,
      1.0,
      1.0,
      1.0,
      1.0,
      1.0,
      1.0,
      1.0,
      1.0
    ],
    [
      1.0,
      1.0,
      1.0,
      1.0,
      1.0,
      1.0,
      1.0,
      1.0,
      1.0,
      1.0,
      1.0,
      1.0,
      1.0,
      1.0,
      1.0,
      1.0,
      1.0,
      1.0,
      1.0,
      1.0
    ],
    [
      1.0,
      1.0,
      1.0,
      1.0,
      1.0,
      1.0,
      1.0,
      1.0,
      1.0,
      1.0,
      1.0,
      1.0,
      1.0,
      1.0,
      1.0,
      1.0,
      1.0,
      1.0,
      1.0,
      1.0
    ],
    [
      1.0,
      1.0,
      1.0,
      1.0,
      1.0,
      1.0,
      1.0,
      1.0,
      1.0,
      1.0,
      1.0,
      1.0,
      1.0,
      1.0,
      1.0,
      1.0,
      1.0,
      1.0,
      1.0,
      1.0
    ],
    [
      1.0,
      1.0,
      1.0,
      1.0,
      1.0,
      1.0,
      1.0,
      1.0,
      1.0,
      1.0,
      1.0,
      1.0,
      1.0,
      1.0,
      1.0,
      1.0,
      1.0,
      1.0,
      1.0,
      1.0
    ],
    [
      1.0,
      1.0,
      1.0,
      1.0,
      1.0,
      1.0,
      1.0,
      1.0,
      1.0,
      1.0,
      1.0,
      1.0,
      1.0,
      1.0,
      1.0,
      1.0,
      1.0,
      1.0,
      1.0,
      1.0
    ],
    [
      1.0,
      1.0,
      1.0,
      1.0,
      1.0,
      1.0,
      1.0,
      1.0,
      1.0,
      1.0,
      1.0,
      1.0,
      1.0,
      1.0,
      1.0,
      1.0,
      1.0,
      1.0,
      1.0,
      1.0
    ],
    [
      1.0,
      1.0,
      1.0,
      1.0,
      1.0,
      1.0,
      1.0,
      1.0,
      1.0,
      1.0,
      1.0,
      1.0,
      1.0,
      1.0,
      1.0,
      1.0,
      1.0,
      1.0,
      1.0,
      1.0
    ]
  ],
  "graphDistance": [
    [
      0.0,
      1.0,
      1.0,
      1.0,
      1.0,
      1.0,
      1.0,
      1.0,
      1.0,
      1.0,
      1.0,
      1.0,
      1.0,
      1.0,
      1.0,
      1.0,
      1.0,
      1.0,
      1.0,
      1.0
    ],
    [
      1.0,
      0.0,
      1.0,
      1.0,
      1.0,
      1.0,
      1.0,
      1.0,
      1.0,
      1.0,
      1.0,
      1.0,
      1.0,
      1.0,
      1.0,
      1.0,
      1.0,
      1.0,
      1.0,
      1.0
    ],
    [
      1.0,
      1.0,
      0.0,
      1.0,
      1.0,
      1.0,
      1.0,
      1.0,
      1.0,
      1.0,
      1.0,
      1.0,
      1.0,
      1.0,
      1.0,
      1.0,
      1.0,
      1.0,
      1.0,
      1.0
    ],
    [
      1.0,
      1.0,
      1.0,
      0.0,
      1.0,
      1.0,
      1.0,
      1.0,
      1.0,
      1.0,
      1.0,
      1.0,
      1.0,
      1.0,
      1.0,
      1.0,
      1.0,
      1.0,
      1.0,
      1.0
    ],
    [
      1.0,
      1.0,
      1.0,
      1.0,
      0.0,
      1.0,
      1.0,
      1.0,
      1.0,
      1.0,
      1.0,
      1.0,
      1.0,
      1.0,
      1.0,
      1.0,
      1.0,
      1.0,
      1.0,
      1.0
    ],
    [
      1.0,
      1.0,
      1.0,
      1.0,
      1.0,
      0.0,
      1.0,
      1.0,
      1.0,
      1.0,
      1.0,
      1.0,
      1.0,
      1.0,
      1.0,
      1.0,
      1.0,
      1.0,
      1.0,
      1.0
    ],
    [
      1.0,
      1.0,
      1.0,
      1.0,
      1.0,
      1.0,
      0.0,
      1.0,
      1.0,
      1.0,
      1.0,
      1.0,
      1.0,
      1.0,
      1.0,
      1.0,
      1.0,
      1.0,
      1.0,
      1.0
    ],
    [
      1.0,
      1.0,
      1.0,
      1.0,
      1.0,
      1.0,
      1.0,
      0.0,
      1.0,
      1.0,
      1.0,
      1.0,
      1.0,
      1.0,
      1.0,
      1.0,
      1.0,
      1.0,
      1.0,
      1.0
    ],
    [
      1.0,
      1.0,
      1.0,
      1.0,
      1.0,
      1.0,
      1.0,
      1.0,
      0.0,
      1.0,
      1.0,
      1.0,
      1.0,
      1.0,
      1.0,
      1.0,
      1.0,
      1.0,
      1.0,
      1.0
    ],
    [
      1.0,
      1.0,
      1.0,
      1.0,
      1.0,
      1.0,
      1.0,
      1.0,
      1.0,
      0.0,
      1.0,
      1.0,
      1.0,
      1.0,
      1.0,
      1.0,
      1.0,
      1.0,
      1.0,
      1.0
    ],
    [
      1.0,
      1.0,
      1.0,
      1.0,
      1.0,
      1.0,
      1.0,
      1.0,
      1.0,
      1.0,
      0.0,
      1.0,
      1.0,
      1.0,
      1.0,
      1.0,
      1.0,
      1.0,
      1.0,
      1.0
    ],
    [
      1.0,
      1.0,
      1.0,
      1.0,
      1.0,
      1.0,
      1.0,
      1.0,
      1.0,
      1.0,
      1.0,
      0.0,
      1.0,
      1.0,
      1.0,
      1.0,
      1.0,
      1.0,
      1.0,
      1.0
    ],
    [
      1.0,
      1.0,
      1.0,
      1.0,
      1.0,
      1.0,
      1.0,
      1.0,
      1.0,
      1.0,
      1.0,
      1.0,
      0.0,
      1.0,
      1.0,
      1.0,
      1.0,
      1.0,
      1.0,
      1.0
    ],
    [
      1.0,
      1.0,
      1.0,
      1.0,
      1.0,
      1.0,
      1.0,
      1.0,
      1.0,
      1.0,
      1.0,
      1.0,
      1.0,
      0.0,
      1.0,
      1.0,
      1.0,
      1.0,
      1.0,
      1.0
    ],
    [
      1.0,
      1.0,
      1.0,
      1.0,
      1.0,
      1.0,
      1.0,
      1.0,
      1.0,
      1.0,
      1.0,
      1.0,
      1.0,
      1.0,
      0.0,
      1.0,
      1.0,
      1.0,
      1.0,
      1.0
    ],
    [
      1.0,
      1.0,
      1.0,
      1.0,
      1.0,
      1.0,
      1.0,
      1.0,
      1.0,
      1.0,
      1.0,
      1.0,
      1.0,
      1.0,
      1.0,
      0.0,
      1.0,
      1.0,
      1.0,
      1.0
    ],
    [
      1.0,
      1.0,
      1.0,
      1.0,
      1.0,
      1.0,
      1.0,
      1.0,
      1.0,
      1.0,
      1.0,
      1.0,
      1.0,
      1.0,
      1.0,
      1.0,
      0.0,
      1.0,
      1.0,
      1.0
    ],
    [
      1.0,
      1.0,
      1.0,
      1.0,
      1.0,
      1.0,
      1.0,
      1.0,
      1.0,
      1.0,
      1.0,
      1.0,
      1.0,
      1.0,
      1.0,
      1.0,
      1.0,
      0.0,
      1.0,
      1.0
    ],
    [
      1.0,
      1.0,
      1.0,
      1.0,
      1.0,
      1.0,
      1.0,
      1.0,
      1.0,
      1.0,
      1.0,
      1.0,
      1.0,
      1.0,
      1.0,
      1.0,
      1.0,
      1.0,
      0.0,
      1.0
    ],
    [
      1.0,
      1.0,
      1.0,
      1.0,
      1.0,
      1.0,
      1.0,
      1.0,
      1.0,
      1.0,
      1.0,
      1.0,
      1.0,
      1.0,
      1.0,
      1.0,
      1.0,
      1.0,
      1.0,
      0.0
    ]
  ]
}