{
  "nodes": [
    {
      "index": 0,
      "id": 0,
      "x": -0.3572130501270294,
      "y": -0.07962338626384735
    },
    {
      "index": 1,
      "id": 1,
      "x": -0.8387936949729919,
      "y": 0.18382185697555542
    },
    {
      "index": 2,
      "id": 2,
      "x": -0.0861101895570755,
      "y": 0.9234645962715149
    },
    {
      "index": 3,
      "id": 3,
      "x": 0.17892147600650787,
      "y": 0.10492196679115295
    },
    {
      "index": 4,
      "id": 4,
      "x": 0.5535904169082642,
      "y": 0.7480337619781494
    },
    {
      "index": 5,
      "id": 5,
      "x": 0.29369136691093445,
      "y": -0.8580282330513
    },
    {
      "index": 6,
      "id": 6,
      "x": 0.8662136197090149,
      "y": 0.25303277373313904
    },
    {
      "index": 7,
      "id": 7,
      "x": 0.5543650388717651,
      "y": -0.1591586023569107
    },
    {
      "index": 8,
      "id": 8,
      "x": -0.34314778447151184,
      "y": 0.34252607822418213
    },
    {
      "index": 9,
      "id": 9,
      "x": 0.36450567841529846,
      "y": 0.28026220202445984
    },
    {
      "index": 10,
      "id": 10,
      "x": -0.24665182828903198,
      "y": -0.8323593735694885
    },
    {
      "index": 11,
      "id": 11,
      "x": 0.10388145595788956,
      "y": -0.46726763248443604
    },
    {
      "index": 12,
      "id": 12,
      "x": -0.09388306736946106,
      "y": -0.15676504373550415
    },
    {
      "index": 13,
      "id": 13,
      "x": 0.0251590758562088,
      "y": 0.45393529534339905
    },
    {
      "index": 14,
      "id": 14,
      "x": -0.06195921450853348,
      "y": -0.07643185555934906
    },
    {
      "index": 15,
      "id": 15,
      "x": -0.37734362483024597,
      "y": -0.43470627069473267
    },
    {
      "index": 16,
      "id": 16,
      "x": 0.7793664932250977,
      "y": -0.4868970513343811
    },
    {
      "index": 17,
      "id": 17,
      "x": 0.0797712504863739,
      "y": -0.1243562325835228
    },
    {
      "index": 18,
      "id": 18,
      "x": -0.575154185295105,
      "y": 0.698466420173645
    },
    {
      "index": 19,
      "id": 19,
      "x": -0.8060165643692017,
      "y": -0.344500869512558
    }
  ],
  "edges": [
    {
      "source": 0,
      "target": 1
    },
    {
      "source": 0,
      "target": 2
    },
    {
      "source": 0,
      "target": 3
    },
    {
      "source": 0,
      "target": 4
    },
    {
      "source": 0,
      "target": 5
    },
    {
      "source": 0,
      "target": 6
    },
    {
      "source": 0,
      "target": 7
    },
    {
      "source": 0,
      "target": 8
    },
    {
      "source": 0,
      "target": 9
    },
    {
      "source": 0,
      "target": 10
    },
    {
      "source": 0,
      "target": 11
    },
    {
      "source": 0,
      "target": 12
    },
    {
      "source": 0,
      "target": 13
    },
    {
      "source": 0,
      "target": 14
    },
    {
      "source": 0,
      "target": 15
    },
    {
      "source": 0,
      "target": 16
    },
    {
      "source": 0,
      "target": 17
    },
    {
      "source": 0,
      "target": 18
    },
    {
      "source": 0,
      "target": 19
    },
    {
      "source": 1,
      "target": 2
    },
    {
      "source": 1,
      "target": 3
    },
    {
      "source": 1,
      "target": 4
    },
    {
      "source": 1,
      "target": 5
    },
    {
      "source": 1,
      "target": 6
    },
    {
      "source": 1,
      "target": 7
    },
    {
      "source": 1,
      "target": 8
    },
    {
      "source": 1,
      "target": 9
    },
    {
      "source": 1,
      "target": 10
    },
    {
      "source": 1,
      "target": 11
    },
    {
      "source": 1,
      "target": 12
    },
    {
      "source": 1,
      "target": 13
    },
    {
      "source": 1,
      "target": 14
    },
    {
      "source": 1,
      "target": 15
    },
    {
      "source": 1,
      "target": 16
    },
    {
      "source": 1,
      "target": 17
    },
    {
      "source": 1,
      "target": 18
    },
    {
      "source": 1,
      "target": 19
    },
    {
      "source": 2,
      "target": 3
    },
    {
      "source": 2,
      "target": 4
    },
    {
      "source": 2,
      "target": 5
    },
    {
      "source": 2,
      "target": 6
    },
    {
      "source": 2,
      "target": 7
    },
    {
      "source": 2,
      "target": 8
    },
    {
      "source": 2,
      "target": 9
    },
    {
      "source": 2,
      "target": 10
    },
    {
      "source": 2,
      "target": 11
    },
    {
      "source": 2,
      "target": 12
    },
    {
      "source": 2,
      "target": 13
    },
    {
      "source": 2,
      "target": 14
    },
    {
      "source": 2,
      "target": 15
    },
    {
      "source": 2,
      "target": 16
    },
    {
      "source": 2,
      "target": 17
    },
    {
      "source": 2,
      "target": 18
    },
    {
      "source": 2,
      "target": 19
    },
    {
      "source": 3,
      "target": 4
    },
    {
      "source": 3,
      "target": 5
    },
    {
      "source": 3,
      "target": 6
    },
    {
      "source": 3,
      "target": 7
    },
    {
      "source": 3,
      "target": 8
    },
    {
      "source": 3,
      "target": 9
    },
    {
      "source": 3,
      "target": 10
    },
    {
      "source": 3,
      "target": 11
    },
    {
      "source": 3,
      "target": 12
    },
    {
      "source": 3,
      "target": 13
    },
    {
      "source": 3,
      "target": 14
    },
    {
      "source": 3,
      "target": 15
    },
    {
      "source": 3,
      "target": 16
    },
    {
      "source": 3,
      "target": 17
    },
    {
      "source": 3,
      "target": 18
    },
    {
      "source": 3,
      "target": 19
    },
    {
      "source": 4,
      "target": 5
    },
    {
      "source": 4,
      "target": 6
    },
    {
      "source": 4,
      "target": 7
    },
    {
      "source": 4,
      "target": 8
    },
    {
      "source": 4,
      "target": 9
    },
    {
      "source": 4,
      "target": 10
    },
    {
      "source": 4,
      "target": 11
    },
    {
      "source": 4,
      "target": 12
    },
    {
      "source": 4,
      "target": 13
    },
    {
      "source": 4,
      "target": 14
    },
    {
      "source": 4,
      "target": 15
    },
    {
      "source": 4,
      "target": 16
    },
    {
      "source": 4,
      "target": 17
    },
    {
      "source": 4,
      "target": 18
    },
    {
      "source": 4,
      "target": 19
    },
    {
      "source": 5,
      "target": 6
    },
    {
      "source": 5,
      "target": 7
    },
    {
      "source": 5,
      "target": 8
    },
    {
      "source": 5,
      "target": 9
    },
    {
      "source": 5,
      "target": 10
    },
    {
      "source": 5,
      "target": 11
    },
    {
      "source": 5,
      "target": 12
    },
    {
      "source": 5,
      "target": 13
    },
    {
      "source": 5,
      "target": 14
    },
    {
      "source": 5,
      "target": 15
    },
    {
      "source": 5,
      "target": 16
    },
    {
      "source": 5,
      "target": 17
    },
    {
      "source": 5,
      "target": 18
    },
    {
      "source": 5,
      "target": 19
    },
    {
      "source": 6,
      "target": 7
    },
    {
      "source": 6,
      "target": 8
    },
    {
      "source": 6,
      "target": 9
    },
    {
      "source": 6,
      "target": 10
    },
    {
      "source": 6,
      "target": 11
    },
    {
      "source": 6,
      "target": 12
    },
    {
      "source": 6,
      "target": 13
    },
    {
      "source": 6,
      "target": 14
    },
    {
      "source": 6,
      "target": 15
    },
    {
      "source": 6,
      "target": 16
    },
    {
      "source": 6,
      "target": 17
    },
    {
      "source": 6,
      "target": 18
    },
    {
      "source": 6,
      "target": 19
    },
    {
      "source": 7,
      "target": 8
    },
    {
      "source": 7,
      "target": 9
    },
    {
      "source": 7,
      "target": 10
    },
    {
      "source": 7,
      "target": 11
    },
    {
      "source": 7,
      "target": 12
    },
    {
      "source": 7,
      "target": 13
    },
    {
      "source": 7,
      "target": 14
    },
    {
      "source": 7,
      "target": 15
    },
    {
      "source": 7,
      "target": 16
    },
    {
      "source": 7,
      "target": 17
    },
    {
      "source": 7,
      "target": 18
    },
    {
      "source": 7,
      "target": 19
    },
    {
      "source": 8,
      "target": 9
    },
    {
      "source": 8,
      "target": 10
    },
    {
      "source": 8,
      "target": 11
    },
    {
      "source": 8,
      "target": 12
    },
    {
      "source": 8,
      "target": 13
    },
    {
      "source": 8,
      "target": 14
    },
    {
      "source": 8,
      "target": 15
    },
    {
      "source": 8,
      "target": 16
    },
    {
      "source": 8,
      "target": 17
    },
    {
      "source": 8,
      "target": 18
    },
    {
      "source": 8,
      "target": 19
    },
    {
      "source": 9,
      "target": 10
    },
    {
      "source": 9,
      "target": 11
    },
    {
      "source": 9,
      "target": 12
    },
    {
      "source": 9,
      "target": 13
    },
    {
      "source": 9,
      "target": 14
    },
    {
      "source": 9,
      "target": 15
    },
    {
      "source": 9,
      "target": 16
    },
    {
      "source": 9,
      "target": 17
    },
    {
      "source": 9,
      "target": 18
    },
    {
      "source": 9,
      "target": 19
    },
    {
      "source": 10,
      "target": 11
    },
    {
      "source": 10,
      "target": 12
    },
    {
      "source": 10,
      "target": 13
    },
    {
      "source": 10,
      "target": 14
    },
    {
      "source": 10,
      "target": 15
    },
    {
      "source": 10,
      "target": 16
    },
    {
      "source": 10,
      "target": 17
    },
    {
      "source": 10,
      "target": 18
    },
    {
      "source": 10,
      "target": 19
    },
    {
      "source": 11,
      "target": 12
    },
    {
      "source": 11,
      "target": 13
    },
    {
      "source": 11,
      "target": 14
    },
    {
      "source": 11,
      "target": 15
    },
    {
      "source": 11,
      "target": 16
    },
    {
      "source": 11,
      "target": 17
    },
    {
      "source": 11,
      "target": 18
    },
    {
      "source": 11,
      "target": 19
    },
    {
      "source": 12,
      "target": 13
    },
    {
      "source": 12,
      "target": 14
    },
    {
      "source": 12,
      "target": 15
    },
    {
      "source": 12,
      "target": 16
    },
    {
      "source": 12,
      "target": 17
    },
    {
      "source": 12,
      "target": 18
    },
    {
      "source": 12,
      "target": 19
    },
    {
      "source": 13,
      "target": 14
    },
    {
      "source": 13,
      "target": 15
    },
    {
      "source": 13,
      "target": 16
    },
    {
      "source": 13,
      "target": 17
    },
    {
      "source": 13,
      "target": 18
    },
    {
      "source": 13,
      "target": 19
    },
    {
      "source": 14,
      "target": 15
    },
    {
      "source": 14,
      "target": 16
    },
    {
      "source": 14,
      "target": 17
    },
    {
      "source": 14,
      "target": 18
    },
    {
      "source": 14,
      "target": 19
    },
    {
      "source": 15,
      "target": 16
    },
    {
      "source": 15,
      "target": 17
    },
    {
      "source": 15,
      "target": 18
    },
    {
      "source": 15,
      "target": 19
    },
    {
      "source": 16,
      "target": 17
    },
    {
      "source": 16,
      "target": 18
    },
    {
      "source": 16,
      "target": 19
    },
    {
      "source": 17,
      "target": 18
    },
    {
      "source": 17,
      "target": 19
    },
    {
      "source": 18,
      "target": 19
    }
  ],
  "coef": {
    "stress": 0.04,
    "crossing_angle": 0,
    "neighbor": 0,
    "edge_uniformity": 0,
    "crossing_number": 0,
    "angular_resolution": 0.08,
    "vertex_resolution": 0,
    "gabriel": 0,
    "aspect_ratio": 0
  },
  "optimizer": {
    "lr": 0.368245067904654,
    "momentum": 0.5
  },
  "graphDistance": [
    [
      0,
      1,
      1,
      1,
      1,
      1,
      1,
      1,
      1,
      1,
      1,
      1,
      1,
      1,
      1,
      1,
      1,
      1,
      1,
      1
    ],
    [
      1,
      0,
      1,
      1,
      1,
      1,
      1,
      1,
      1,
      1,
      1,
      1,
      1,
      1,
      1,
      1,
      1,
      1,
      1,
      1
    ],
    [
      1,
      1,
      0,
      1,
      1,
      1,
      1,
      1,
      1,
      1,
      1,
      1,
      1,
      1,
      1,
      1,
      1,
      1,
      1,
      1
    ],
    [
      1,
      1,
      1,
      0,
      1,
      1,
      1,
      1,
      1,
      1,
      1,
      1,
      1,
      1,
      1,
      1,
      1,
      1,
      1,
      1
    ],
    [
      1,
      1,
      1,
      1,
      0,
      1,
      1,
      1,
      1,
      1,
      1,
      1,
      1,
      1,
      1,
      1,
      1,
      1,
      1,
      1
    ],
    [
      1,
      1,
      1,
      1,
      1,
      0,
      1,
      1,
      1,
      1,
      1,
      1,
      1,
      1,
      1,
      1,
      1,
      1,
      1,
      1
    ],
    [
      1,
      1,
      1,
      1,
      1,
      1,
      0,
      1,
      1,
      1,
      1,
      1,
      1,
      1,
      1,
      1,
      1,
      1,
      1,
      1
    ],
    [
      1,
      1,
      1,
      1,
      1,
      1,
      1,
      0,
      1,
      1,
      1,
      1,
      1,
      1,
      1,
      1,
      1,
      1,
      1,
      1
    ],
    [
      1,
      1,
      1,
      1,
      1,
      1,
      1,
      1,
      0,
      1,
      1,
      1,
      1,
      1,
      1,
      1,
      1,
      1,
      1,
      1
    ],
    [
      1,
      1,
      1,
      1,
      1,
      1,
      1,
      1,
      1,
      0,
      1,
      1,
      1,
      1,
      1,
      1,
      1,
      1,
      1,
      1
    ],
    [
      1,
      1,
      1,
      1,
      1,
      1,
      1,
      1,
      1,
      1,
      0,
      1,
      1,
      1,
      1,
      1,
      1,
      1,
      1,
      1
    ],
    [
      1,
      1,
      1,
      1,
      1,
      1,
      1,
      1,
      1,
      1,
      1,
      0,
      1,
      1,
      1,
      1,
      1,
      1,
      1,
      1
    ],
    [
      1,
      1,
      1,
      1,
      1,
      1,
      1,
      1,
      1,
      1,
      1,
      1,
      0,
      1,
      1,
      1,
      1,
      1,
      1,
      1
    ],
    [
      1,
      1,
      1,
      1,
      1,
      1,
      1,
      1,
      1,
      1,
      1,
      1,
      1,
      0,
      1,
      1,
      1,
      1,
      1,
      1
    ],
    [
      1,
      1,
      1,
      1,
      1,
      1,
      1,
      1,
      1,
      1,
      1,
      1,
      1,
      1,
      0,
      1,
      1,
      1,
      1,
      1
    ],
    [
      1,
      1,
      1,
      1,
      1,
      1,
      1,
      1,
      1,
      1,
      1,
      1,
      1,
      1,
      1,
      0,
      1,
      1,
      1,
      1
    ],
    [
      1,
      1,
      1,
      1,
      1,
      1,
      1,
      1,
      1,
      1,
      1,
      1,
      1,
      1,
      1,
      1,
      0,
      1,
      1,
      1
    ],
    [
      1,
      1,
      1,
      1,
      1,
      1,
      1,
      1,
      1,
      1,
      1,
      1,
      1,
      1,
      1,
      1,
      1,
      0,
      1,
      1
    ],
    [
      1,
      1,
      1,
      1,
      1,
      1,
      1,
      1,
      1,
      1,
      1,
      1,
      1,
      1,
      1,
      1,
      1,
      1,
      0,
      1
    ],
    [
      1,
      1,
      1,
      1,
      1,
      1,
      1,
      1,
      1,
      1,
      1,
      1,
      1,
      1,
      1,
      1,
      1,
      1,
      1,
      0
    ]
  ],
  "weight": [
    [
      1,
      1,
      1,
      1,
      1,
      1,
      1,
      1,
      1,
      1,
      1,
      1,
      1,
      1,
      1,
      1,
      1,
      1,
      1,
      1
    ],
    [
      1,
      1,
      1,
      1,
      1,
      1,
      1,
      1,
      1,
      1,
      1,
      1,
      1,
      1,
      1,
      1,
      1,
      1,
      1,
      1
    ],
    [
      1,
      1,
      1,
      1,
      1,
      1,
      1,
      1,
      1,
      1,
      1,
      1,
      1,
      1,
      1,
      1,
      1,
      1,
      1,
      1
    ],
    [
      1,
      1,
      1,
      1,
      1,
      1,
      1,
      1,
      1,
      1,
      1,
      1,
      1,
      1,
      1,
      1,
      1,
      1,
      1,
      1
    ],
    [
      1,
      1,
      1,
      1,
      1,
      1,
      1,
      1,
      1,
      1,
      1,
      1,
      1,
      1,
      1,
      1,
      1,
      1,
      1,
      1
    ],
    [
      1,
      1,
      1,
      1,
      1,
      1,
      1,
      1,
      1,
      1,
      1,
      1,
      1,
      1,
      1,
      1,
      1,
      1,
      1,
      1
    ],
    [
      1,
      1,
      1,
      1,
      1,
      1,
      1,
      1,
      1,
      1,
      1,
      1,
      1,
      1,
      1,
      1,
      1,
      1,
      1,
      1
    ],
    [
      1,
      1,
      1,
      1,
      1,
      1,
      1,
      1,
      1,
      1,
      1,
      1,
      1,
      1,
      1,
      1,
      1,
      1,
      1,
      1
    ],
    [
      1,
      1,
      1,
      1,
      1,
      1,
      1,
      1,
      1,
      1,
      1,
      1,
      1,
      1,
      1,
      1,
      1,
      1,
      1,
      1
    ],
    [
      1,
      1,
      1,
      1,
      1,
      1,
      1,
      1,
      1,
      1,
      1,
      1,
      1,
      1,
      1,
      1,
      1,
      1,
      1,
      1
    ],
    [
      1,
      1,
      1,
      1,
      1,
      1,
      1,
      1,
      1,
      1,
      1,
      1,
      1,
      1,
      1,
      1,
      1,
      1,
      1,
      1
    ],
    [
      1,
      1,
      1,
      1,
      1,
      1,
      1,
      1,
      1,
      1,
      1,
      1,
      1,
      1,
      1,
      1,
      1,
      1,
      1,
      1
    ],
    [
      1,
      1,
      1,
      1,
      1,
      1,
      1,
      1,
      1,
      1,
      1,
      1,
      1,
      1,
      1,
      1,
      1,
      1,
      1,
      1
    ],
    [
      1,
      1,
      1,
      1,
      1,
      1,
      1,
      1,
      1,
      1,
      1,
      1,
      1,
      1,
      1,
      1,
      1,
      1,
      1,
      1
    ],
    [
      1,
      1,
      1,
      1,
      1,
      1,
      1,
      1,
      1,
      1,
      1,
      1,
      1,
      1,
      1,
      1,
      1,
      1,
      1,
      1
    ],
    [
      1,
      1,
      1,
      1,
      1,
      1,
      1,
      1,
      1,
      1,
      1,
      1,
      1,
      1,
      1,
      1,
      1,
      1,
      1,
      1
    ],
    [
      1,
      1,
      1,
      1,
      1,
      1,
      1,
      1,
      1,
      1,
      1,
      1,
      1,
      1,
      1,
      1,
      1,
      1,
      1,
      1
    ],
    [
      1,
      1,
      1,
      1,
      1,
      1,
      1,
      1,
      1,
      1,
      1,
      1,
      1,
      1,
      1,
      1,
      1,
      1,
      1,
      1
    ],
    [
      1,
      1,
      1,
      1,
      1,
      1,
      1,
      1,
      1,
      1,
      1,
      1,
      1,
      1,
      1,
      1,
      1,
      1,
      1,
      1
    ],
    [
      1,
      1,
      1,
      1,
      1,
      1,
      1,
      1,
      1,
      1,
      1,
      1,
      1,
      1,
      1,
      1,
      1,
      1,
      1,
      1
    ]
  ]
}