{
  "nodes": [
    {
      "index": 0,
      "id": 0,
      "x": 0.41110771894454956,
      "y": 0.23659926652908325
    },
    {
      "index": 1,
      "id": 1,
      "x": -3.1227939128875732,
      "y": -3.0663816928863525
    },
    {
      "index": 2,
      "id": 2,
      "x": 3.0955698490142822,
      "y": 3.1087427139282227
    },
    {
      "index": 3,
      "id": 3,
      "x": 1.8976551294326782,
      "y": -0.2732962369918823
    },
    {
      "index": 4,
      "id": 4,
      "x": -0.052663128823041916,
      "y": -2.333488702774048
    },
    {
      "index": 5,
      "id": 5,
      "x": -1.2268339395523071,
      "y": -0.603934645652771
    },
    {
      "index": 6,
      "id": 6,
      "x": 0.04982566833496094,
      "y": 2.3272316455841064
    },
    {
      "index": 7,
      "id": 7,
      "x": -1.835740327835083,
      "y": 1.425754189491272
    },
    {
      "index": 8,
      "id": 8,
      "x": -1.246891975402832,
      "y": -1.8255562782287598
    },
    {
      "index": 9,
      "id": 9,
      "x": 2.1760199069976807,
      "y": 2.4665021896362305
    },
    {
      "index": 10,
      "id": 10,
      "x": -1.882627248764038,
      "y": 0.26735004782676697
    },
    {
      "index": 11,
      "id": 11,
      "x": -2.186944007873535,
      "y": -2.4467058181762695
    },
    {
      "index": 12,
      "id": 12,
      "x": 1.2475275993347168,
      "y": 1.8306548595428467
    },
    {
      "index": 13,
      "id": 13,
      "x": -0.3962365984916687,
      "y": -0.24285514652729034
    },
    {
      "index": 14,
      "id": 14,
      "x": 1.2327958345413208,
      "y": -2.4895310401916504
    },
    {
      "index": 15,
      "id": 15,
      "x": 1.7409186363220215,
      "y": -3.5015015602111816
    },
    {
      "index": 16,
      "id": 16,
      "x": -1.7496998310089111,
      "y": 3.482532024383545
    },
    {
      "index": 17,
      "id": 17,
      "x": 1.2387042045593262,
      "y": 0.6006002426147461
    },
    {
      "index": 18,
      "id": 18,
      "x": 1.8447346687316895,
      "y": -1.4379843473434448
    },
    {
      "index": 19,
      "id": 19,
      "x": -1.2344191074371338,
      "y": 2.4752681255340576
    }
  ],
  "edges": [
    {
      "source": 0,
      "target": 17
    },
    {
      "source": 0,
      "target": 13
    },
    {
      "source": 1,
      "target": 11
    },
    {
      "source": 2,
      "target": 9
    },
    {
      "source": 3,
      "target": 17
    },
    {
      "source": 3,
      "target": 18
    },
    {
      "source": 4,
      "target": 8
    },
    {
      "source": 4,
      "target": 14
    },
    {
      "source": 5,
      "target": 8
    },
    {
      "source": 5,
      "target": 10
    },
    {
      "source": 5,
      "target": 13
    },
    {
      "source": 6,
      "target": 19
    },
    {
      "source": 6,
      "target": 12
    },
    {
      "source": 7,
      "target": 10
    },
    {
      "source": 7,
      "target": 19
    },
    {
      "source": 8,
      "target": 11
    },
    {
      "source": 9,
      "target": 12
    },
    {
      "source": 12,
      "target": 17
    },
    {
      "source": 14,
      "target": 18
    },
    {
      "source": 14,
      "target": 15
    },
    {
      "source": 16,
      "target": 19
    }
  ],
  "coef": {
    "stress": 0.03,
    "crossing_angle": 0,
    "neighbor": 0,
    "edge_uniformity": 0.33,
    "crossing_number": 0,
    "angular_resolution": 1,
    "vertex_resolution": 0,
    "gabriel": 0,
    "aspect_ratio": 0
  },
  "optimizer": {
    "lr": 0.32679880021969915,
    "momentum": 0.5
  },
  "graphDistance": [
    [
      0,
      5,
      4,
      2,
      4,
      2,
      3,
      4,
      3,
      3,
      3,
      4,
      2,
      1,
      4,
      5,
      5,
      1,
      3,
      4
    ],
    [
      5,
      0,
      9,
      6,
      3,
      3,
      7,
      5,
      2,
      8,
      4,
      1,
      7,
      4,
      4,
      5,
      7,
      6,
      5,
      6
    ],
    [
      4,
      9,
      0,
      4,
      7,
      6,
      3,
      5,
      7,
      1,
      6,
      8,
      2,
      5,
      6,
      7,
      5,
      3,
      5,
      4
    ],
    [
      2,
      6,
      4,
      0,
      3,
      4,
      3,
      5,
      4,
      3,
      5,
      5,
      2,
      3,
      2,
      3,
      5,
      1,
      1,
      4
    ],
    [
      4,
      3,
      7,
      3,
      0,
      2,
      6,
      4,
      1,
      6,
      3,
      2,
      5,
      3,
      1,
      2,
      6,
      4,
      2,
      5
    ],
    [
      2,
      3,
      6,
      4,
      2,
      0,
      4,
      2,
      1,
      5,
      1,
      2,
      4,
      1,
      3,
      4,
      4,
      3,
      4,
      3
    ],
    [
      3,
      7,
      3,
      3,
      6,
      4,
      0,
      2,
      5,
      2,
      3,
      6,
      1,
      4,
      5,
      6,
      2,
      2,
      4,
      1
    ],
    [
      4,
      5,
      5,
      5,
      4,
      2,
      2,
      0,
      3,
      4,
      1,
      4,
      3,
      3,
      5,
      6,
      2,
      4,
      6,
      1
    ],
    [
      3,
      2,
      7,
      4,
      1,
      1,
      5,
      3,
      0,
      6,
      2,
      1,
      5,
      2,
      2,
      3,
      5,
      4,
      3,
      4
    ],
    [
      3,
      8,
      1,
      3,
      6,
      5,
      2,
      4,
      6,
      0,
      5,
      7,
      1,
      4,
      5,
      6,
      4,
      2,
      4,
      3
    ],
    [
      3,
      4,
      6,
      5,
      3,
      1,
      3,
      1,
      2,
      5,
      0,
      3,
      4,
      2,
      4,
      5,
      3,
      4,
      5,
      2
    ],
    [
      4,
      1,
      8,
      5,
      2,
      2,
      6,
      4,
      1,
      7,
      3,
      0,
      6,
      3,
      3,
      4,
      6,
      5,
      4,
      5
    ],
    [
      2,
      7,
      2,
      2,
      5,
      4,
      1,
      3,
      5,
      1,
      4,
      6,
      0,
      3,
      4,
      5,
      3,
      1,
      3,
      2
    ],
    [
      1,
      4,
      5,
      3,
      3,
      1,
      4,
      3,
      2,
      4,
      2,
      3,
      3,
      0,
      4,
      5,
      5,
      2,
      4,
      4
    ],
    [
      4,
      4,
      6,
      2,
      1,
      3,
      5,
      5,
      2,
      5,
      4,
      3,
      4,
      4,
      0,
      1,
      7,
      3,
      1,
      6
    ],
    [
      5,
      5,
      7,
      3,
      2,
      4,
      6,
      6,
      3,
      6,
      5,
      4,
      5,
      5,
      1,
      0,
      8,
      4,
      2,
      7
    ],
    [
      5,
      7,
      5,
      5,
      6,
      4,
      2,
      2,
      5,
      4,
      3,
      6,
      3,
      5,
      7,
      8,
      0,
      4,
      6,
      1
    ],
    [
      1,
      6,
      3,
      1,
      4,
      3,
      2,
      4,
      4,
      2,
      4,
      5,
      1,
      2,
      3,
      4,
      4,
      0,
      2,
      3
    ],
    [
      3,
      5,
      5,
      1,
      2,
      4,
      4,
      6,
      3,
      4,
      5,
      4,
      3,
      4,
      1,
      2,
      6,
      2,
      0,
      5
    ],
    [
      4,
      6,
      4,
      4,
      5,
      3,
      1,
      1,
      4,
      3,
      2,
      5,
      2,
      4,
      6,
      7,
      1,
      3,
      5,
      0
    ]
  ],
  "weight": [
    [
      1,
      0.03999999910593033,
      0.0625,
      0.25,
      0.0625,
      0.25,
      0.1111111119389534,
      0.0625,
      0.1111111119389534,
      0.1111111119389534,
      0.1111111119389534,
      0.0625,
      0.25,
      1,
      0.0625,
      0.03999999910593033,
      0.03999999910593033,
      1,
      0.1111111119389534,
      0.0625
    ],
    [
      0.03999999910593033,
      1,
      0.012345679104328156,
      0.02777777798473835,
      0.1111111119389534,
      0.1111111119389534,
      0.020408162847161293,
      0.03999999910593033,
      0.25,
      0.015625,
      0.0625,
      1,
      0.020408162847161293,
      0.0625,
      0.0625,
      0.03999999910593033,
      0.020408162847161293,
      0.02777777798473835,
      0.03999999910593033,
      0.02777777798473835
    ],
    [
      0.0625,
      0.012345679104328156,
      1,
      0.0625,
      0.020408162847161293,
      0.02777777798473835,
      0.1111111119389534,
      0.03999999910593033,
      0.020408162847161293,
      1,
      0.02777777798473835,
      0.015625,
      0.25,
      0.03999999910593033,
      0.02777777798473835,
      0.020408162847161293,
      0.03999999910593033,
      0.1111111119389534,
      0.03999999910593033,
      0.0625
    ],
    [
      0.25,
      0.02777777798473835,
      0.0625,
      1,
      0.1111111119389534,
      0.0625,
      0.1111111119389534,
      0.03999999910593033,
      0.0625,
      0.1111111119389534,
      0.03999999910593033,
      0.03999999910593033,
      0.25,
      0.1111111119389534,
      0.25,
      0.1111111119389534,
      0.03999999910593033,
      1,
      1,
      0.0625
    ],
    [
      0.0625,
      0.1111111119389534,
      0.020408162847161293,
      0.1111111119389534,
      1,
      0.25,
      0.02777777798473835,
      0.0625,
      1,
      0.02777777798473835,
      0.1111111119389534,
      0.25,
      0.03999999910593033,
      0.1111111119389534,
      1,
      0.25,
      0.02777777798473835,
      0.0625,
      0.25,
      0.03999999910593033
    ],
    [
      0.25,
      0.1111111119389534,
      0.02777777798473835,
      0.0625,
      0.25,
      1,
      0.0625,
      0.25,
      1,
      0.03999999910593033,
      1,
      0.25,
      0.0625,
      1,
      0.1111111119389534,
      0.0625,
      0.0625,
      0.1111111119389534,
      0.0625,
      0.1111111119389534
    ],
    [
      0.1111111119389534,
      0.020408162847161293,
      0.1111111119389534,
      0.1111111119389534,
      0.02777777798473835,
      0.0625,
      1,
      0.25,
      0.03999999910593033,
      0.25,
      0.1111111119389534,
      0.02777777798473835,
      1,
      0.0625,
      0.03999999910593033,
      0.02777777798473835,
      0.25,
      0.25,
      0.0625,
      1
    ],
    [
      0.0625,
      0.03999999910593033,
      0.03999999910593033,
      0.03999999910593033,
      0.0625,
      0.25,
      0.25,
      1,
      0.1111111119389534,
      0.0625,
      1,
      0.0625,
      0.1111111119389534,
      0.1111111119389534,
      0.03999999910593033,
      0.02777777798473835,
      0.25,
      0.0625,
      0.02777777798473835,
      1
    ],
    [
      0.1111111119389534,
      0.25,
      0.020408162847161293,
      0.0625,
      1,
      1,
      0.03999999910593033,
      0.1111111119389534,
      1,
      0.02777777798473835,
      0.25,
      1,
      0.03999999910593033,
      0.25,
      0.25,
      0.1111111119389534,
      0.03999999910593033,
      0.0625,
      0.1111111119389534,
      0.0625
    ],
    [
      0.1111111119389534,
      0.015625,
      1,
      0.1111111119389534,
      0.02777777798473835,
      0.03999999910593033,
      0.25,
      0.0625,
      0.02777777798473835,
      1,
      0.03999999910593033,
      0.020408162847161293,
      1,
      0.0625,
      0.03999999910593033,
      0.02777777798473835,
      0.0625,
      0.25,
      0.0625,
      0.1111111119389534
    ],
    [
      0.1111111119389534,
      0.0625,
      0.02777777798473835,
      0.03999999910593033,
      0.1111111119389534,
      1,
      0.1111111119389534,
      1,
      0.25,
      0.03999999910593033,
      1,
      0.1111111119389534,
      0.0625,
      0.25,
      0.0625,
      0.03999999910593033,
      0.1111111119389534,
      0.0625,
      0.03999999910593033,
      0.25
    ],
    [
      0.0625,
      1,
      0.015625,
      0.03999999910593033,
      0.25,
      0.25,
      0.02777777798473835,
      0.0625,
      1,
      0.020408162847161293,
      0.1111111119389534,
      1,
      0.02777777798473835,
      0.1111111119389534,
      0.1111111119389534,
      0.0625,
      0.02777777798473835,
      0.03999999910593033,
      0.0625,
      0.03999999910593033
    ],
    [
      0.25,
      0.020408162847161293,
      0.25,
      0.25,
      0.03999999910593033,
      0.0625,
      1,
      0.1111111119389534,
      0.03999999910593033,
      1,
      0.0625,
      0.02777777798473835,
      1,
      0.1111111119389534,
      0.0625,
      0.03999999910593033,
      0.1111111119389534,
      1,
      0.1111111119389534,
      0.25
    ],
    [
      1,
      0.0625,
      0.03999999910593033,
      0.1111111119389534,
      0.1111111119389534,
      1,
      0.0625,
      0.1111111119389534,
      0.25,
      0.0625,
      0.25,
      0.1111111119389534,
      0.1111111119389534,
      1,
      0.0625,
      0.03999999910593033,
      0.03999999910593033,
      0.25,
      0.0625,
      0.0625
    ],
    [
      0.0625,
      0.0625,
      0.02777777798473835,
      0.25,
      1,
      0.1111111119389534,
      0.03999999910593033,
      0.03999999910593033,
      0.25,
      0.03999999910593033,
      0.0625,
      0.1111111119389534,
      0.0625,
      0.0625,
      1,
      1,
      0.020408162847161293,
      0.1111111119389534,
      1,
      0.02777777798473835
    ],
    [
      0.03999999910593033,
      0.03999999910593033,
      0.020408162847161293,
      0.1111111119389534,
      0.25,
      0.0625,
      0.02777777798473835,
      0.02777777798473835,
      0.1111111119389534,
      0.02777777798473835,
      0.03999999910593033,
      0.0625,
      0.03999999910593033,
      0.03999999910593033,
      1,
      1,
      0.015625,
      0.0625,
      0.25,
      0.020408162847161293
    ],
    [
      0.03999999910593033,
      0.020408162847161293,
      0.03999999910593033,
      0.03999999910593033,
      0.02777777798473835,
      0.0625,
      0.25,
      0.25,
      0.03999999910593033,
      0.0625,
      0.1111111119389534,
      0.02777777798473835,
      0.1111111119389534,
      0.03999999910593033,
      0.020408162847161293,
      0.015625,
      1,
      0.0625,
      0.02777777798473835,
      1
    ],
    [
      1,
      0.02777777798473835,
      0.1111111119389534,
      1,
      0.0625,
      0.1111111119389534,
      0.25,
      0.0625,
      0.0625,
      0.25,
      0.0625,
      0.03999999910593033,
      1,
      0.25,
      0.1111111119389534,
      0.0625,
      0.0625,
      1,
      0.25,
      0.1111111119389534
    ],
    [
      0.1111111119389534,
      0.03999999910593033,
      0.03999999910593033,
      1,
      0.25,
      0.0625,
      0.0625,
      0.02777777798473835,
      0.1111111119389534,
      0.0625,
      0.03999999910593033,
      0.0625,
      0.1111111119389534,
      0.0625,
      1,
      0.25,
      0.02777777798473835,
      0.25,
      1,
      0.03999999910593033
    ],
    [
      0.0625,
      0.02777777798473835,
      0.0625,
      0.0625,
      0.03999999910593033,
      0.1111111119389534,
      1,
      1,
      0.0625,
      0.1111111119389534,
      0.25,
      0.03999999910593033,
      0.25,
      0.0625,
      0.02777777798473835,
      0.020408162847161293,
      1,
      0.1111111119389534,
      0.03999999910593033,
      1
    ]
  ]
}