{
  "nodes": [
    {
      "index": 0,
      "id": 0,
      "x": -0.007620024029165506,
      "y": -0.00827791728079319
    },
    {
      "index": 1,
      "id": 1,
      "x": -1.033094882965088,
      "y": 0.6461467742919922
    },
    {
      "index": 2,
      "id": 2,
      "x": 1.0225266218185425,
      "y": -0.6553568243980408
    },
    {
      "index": 3,
      "id": 3,
      "x": -1.0549187660217285,
      "y": 1.9158809185028076
    },
    {
      "index": 4,
      "id": 4,
      "x": -2.1949050426483154,
      "y": 0.13618068397045135
    },
    {
      "index": 5,
      "id": 5,
      "x": 1.0592058897018433,
      "y": -1.9234486818313599
    },
    {
      "index": 6,
      "id": 6,
      "x": 2.179877758026123,
      "y": -0.1329772025346756
    },
    {
      "index": 7,
      "id": 7,
      "x": -1.9637656211853027,
      "y": 2.4930903911590576
    },
    {
      "index": 8,
      "id": 8,
      "x": -0.2619987428188324,
      "y": 2.630941867828369
    },
    {
      "index": 9,
      "id": 9,
      "x": -2.515486240386963,
      "y": -0.8832325339317322
    },
    {
      "index": 10,
      "id": 10,
      "x": -3.097710609436035,
      "y": 0.7236406803131104
    },
    {
      "index": 11,
      "id": 11,
      "x": 1.977194905281067,
      "y": -2.4868805408477783
    },
    {
      "index": 12,
      "id": 12,
      "x": 0.2758224606513977,
      "y": -2.6503679752349854
    },
    {
      "index": 13,
      "id": 13,
      "x": 3.089320659637451,
      "y": -0.7092344760894775
    },
    {
      "index": 14,
      "id": 14,
      "x": 2.4888594150543213,
      "y": 0.8891773223876953
    }
  ],
  "edges": [
    {
      "source": 0,
      "target": 1
    },
    {
      "source": 0,
      "target": 2
    },
    {
      "source": 1,
      "target": 3
    },
    {
      "source": 1,
      "target": 4
    },
    {
      "source": 2,
      "target": 5
    },
    {
      "source": 2,
      "target": 6
    },
    {
      "source": 3,
      "target": 8
    },
    {
      "source": 3,
      "target": 7
    },
    {
      "source": 4,
      "target": 10
    },
    {
      "source": 4,
      "target": 9
    },
    {
      "source": 5,
      "target": 11
    },
    {
      "source": 5,
      "target": 12
    },
    {
      "source": 6,
      "target": 13
    },
    {
      "source": 6,
      "target": 14
    }
  ],
  "coef": {
    "stress": 0.57,
    "crossing_angle": 0,
    "neighbor": 0,
    "edge_uniformity": 0,
    "crossing_number": 0,
    "angular_resolution": 1,
    "vertex_resolution": 0,
    "gabriel": 0,
    "aspect_ratio": 0
  },
  "optimizer": {
    "lr": 0.3171876958478145,
    "momentum": 0.5
  },
  "graphDistance": [
    [
      0,
      1,
      1,
      2,
      2,
      2,
      2,
      3,
      3,
      3,
      3,
      3,
      3,
      3,
      3
    ],
    [
      1,
      0,
      2,
      1,
      1,
      3,
      3,
      2,
      2,
      2,
      2,
      4,
      4,
      4,
      4
    ],
    [
      1,
      2,
      0,
      3,
      3,
      1,
      1,
      4,
      4,
      4,
      4,
      2,
      2,
      2,
      2
    ],
    [
      2,
      1,
      3,
      0,
      2,
      4,
      4,
      1,
      1,
      3,
      3,
      5,
      5,
      5,
      5
    ],
    [
      2,
      1,
      3,
      2,
      0,
      4,
      4,
      3,
      3,
      1,
      1,
      5,
      5,
      5,
      5
    ],
    [
      2,
      3,
      1,
      4,
      4,
      0,
      2,
      5,
      5,
      5,
      5,
      1,
      1,
      3,
      3
    ],
    [
      2,
      3,
      1,
      4,
      4,
      2,
      0,
      5,
      5,
      5,
      5,
      3,
      3,
      1,
      1
    ],
    [
      3,
      2,
      4,
      1,
      3,
      5,
      5,
      0,
      2,
      4,
      4,
      6,
      6,
      6,
      6
    ],
    [
      3,
      2,
      4,
      1,
      3,
      5,
      5,
      2,
      0,
      4,
      4,
      6,
      6,
      6,
      6
    ],
    [
      3,
      2,
      4,
      3,
      1,
      5,
      5,
      4,
      4,
      0,
      2,
      6,
      6,
      6,
      6
    ],
    [
      3,
      2,
      4,
      3,
      1,
      5,
      5,
      4,
      4,
      2,
      0,
      6,
      6,
      6,
      6
    ],
    [
      3,
      4,
      2,
      5,
      5,
      1,
      3,
      6,
      6,
      6,
      6,
      0,
      2,
      4,
      4
    ],
    [
      3,
      4,
      2,
      5,
      5,
      1,
      3,
      6,
      6,
      6,
      6,
      2,
      0,
      4,
      4
    ],
    [
      3,
      4,
      2,
      5,
      5,
      3,
      1,
      6,
      6,
      6,
      6,
      4,
      4,
      0,
      2
    ],
    [
      3,
      4,
      2,
      5,
      5,
      3,
      1,
      6,
      6,
      6,
      6,
      4,
      4,
      2,
      0
    ]
  ],
  "weight": [
    [
      1,
      1,
      1,
      0.25,
      0.25,
      0.25,
      0.25,
      0.1111111119389534,
      0.1111111119389534,
      0.1111111119389534,
      0.1111111119389534,
      0.1111111119389534,
      0.1111111119389534,
      0.1111111119389534,
      0.1111111119389534
    ],
    [
      1,
      1,
      0.25,
      1,
      1,
      0.1111111119389534,
      0.1111111119389534,
      0.25,
      0.25,
      0.25,
      0.25,
      0.0625,
      0.0625,
      0.0625,
      0.0625
    ],
    [
      1,
      0.25,
      1,
      0.1111111119389534,
      0.1111111119389534,
      1,
      1,
      0.0625,
      0.0625,
      0.0625,
      0.0625,
      0.25,
      0.25,
      0.25,
      0.25
    ],
    [
      0.25,
      1,
      0.1111111119389534,
      1,
      0.25,
      0.0625,
      0.0625,
      1,
      1,
      0.1111111119389534,
      0.1111111119389534,
      0.03999999910593033,
      0.03999999910593033,
      0.03999999910593033,
      0.03999999910593033
    ],
    [
      0.25,
      1,
      0.1111111119389534,
      0.25,
      1,
      0.0625,
      0.0625,
      0.1111111119389534,
      0.1111111119389534,
      1,
      1,
      0.03999999910593033,
      0.03999999910593033,
      0.03999999910593033,
      0.03999999910593033
    ],
    [
      0.25,
      0.1111111119389534,
      1,
      0.0625,
      0.0625,
      1,
      0.25,
      0.03999999910593033,
      0.03999999910593033,
      0.03999999910593033,
      0.03999999910593033,
      1,
      1,
      0.1111111119389534,
      0.1111111119389534
    ],
    [
      0.25,
      0.1111111119389534,
      1,
      0.0625,
      0.0625,
      0.25,
      1,
      0.03999999910593033,
      0.03999999910593033,
      0.03999999910593033,
      0.03999999910593033,
      0.1111111119389534,
      0.1111111119389534,
      1,
      1
    ],
    [
      0.1111111119389534,
      0.25,
      0.0625,
      1,
      0.1111111119389534,
      0.03999999910593033,
      0.03999999910593033,
      1,
      0.25,
      0.0625,
      0.0625,
      0.02777777798473835,
      0.02777777798473835,
      0.02777777798473835,
      0.02777777798473835
    ],
    [
      0.1111111119389534,
      0.25,
      0.0625,
      1,
      0.1111111119389534,
      0.03999999910593033,
      0.03999999910593033,
      0.25,
      1,
      0.0625,
      0.0625,
      0.02777777798473835,
      0.02777777798473835,
      0.02777777798473835,
      0.02777777798473835
    ],
    [
      0.1111111119389534,
      0.25,
      0.0625,
      0.1111111119389534,
      1,
      0.03999999910593033,
      0.03999999910593033,
      0.0625,
      0.0625,
      1,
      0.25,
      0.02777777798473835,
      0.02777777798473835,
      0.02777777798473835,
      0.02777777798473835
    ],
    [
      0.1111111119389534,
      0.25,
      0.0625,
      0.1111111119389534,
      1,
      0.03999999910593033,
      0.03999999910593033,
      0.0625,
      0.0625,
      0.25,
      1,
      0.02777777798473835,
      0.02777777798473835,
      0.02777777798473835,
      0.02777777798473835
    ],
    [
      0.1111111119389534,
      0.0625,
      0.25,
      0.03999999910593033,
      0.03999999910593033,
      1,
      0.1111111119389534,
      0.02777777798473835,
      0.02777777798473835,
      0.02777777798473835,
      0.02777777798473835,
      1,
      0.25,
      0.0625,
      0.0625
    ],
    [
      0.1111111119389534,
      0.0625,
      0.25,
      0.03999999910593033,
      0.03999999910593033,
      1,
      0.1111111119389534,
      0.02777777798473835,
      0.02777777798473835,
      0.02777777798473835,
      0.02777777798473835,
      0.25,
      1,
      0.0625,
      0.0625
    ],
    [
      0.1111111119389534,
      0.0625,
      0.25,
      0.03999999910593033,
      0.03999999910593033,
      0.1111111119389534,
      1,
      0.02777777798473835,
      0.02777777798473835,
      0.02777777798473835,
      0.02777777798473835,
      0.0625,
      0.0625,
      1,
      0.25
    ],
    [
      0.1111111119389534,
      0.0625,
      0.25,
      0.03999999910593033,
      0.03999999910593033,
      0.1111111119389534,
      1,
      0.02777777798473835,
      0.02777777798473835,
      0.02777777798473835,
      0.02777777798473835,
      0.0625,
      0.0625,
      0.25,
      1
    ]
  ]
}