{
  "nodes": [
    {
      "index": 0,
      "id": 0,
      "x": -0.08607985824346542,
      "y": 0.9344332218170166
    },
    {
      "index": 1,
      "id": 1,
      "x": -0.4870755076408386,
      "y": -0.6262919902801514
    },
    {
      "index": 2,
      "id": 2,
      "x": -0.12341975420713425,
      "y": -0.7654823064804077
    },
    {
      "index": 3,
      "id": 3,
      "x": 0.2655549645423889,
      "y": -0.747640073299408
    },
    {
      "index": 4,
      "id": 4,
      "x": 0.3754028081893921,
      "y": 0.8600278496742249
    },
    {
      "index": 5,
      "id": 5,
      "x": -0.6285108923912048,
      "y": 0.31487512588500977
    },
    {
      "index": 6,
      "id": 6,
      "x": -0.8429319262504578,
      "y": 0.03899683430790901
    },
    {
      "index": 7,
      "id": 7,
      "x": 0.8124735951423645,
      "y": -0.22790610790252686
    },
    {
      "index": 8,
      "id": 8,
      "x": 0.6956250071525574,
      "y": 0.10138316452503204
    },
    {
      "index": 9,
      "id": 9,
      "x": 0.018961776047945023,
      "y": 0.1176055520772934
    }
  ],
  "edges": [
    {
      "source": 0,
      "target": 8
    },
    {
      "source": 0,
      "target": 9
    },
    {
      "source": 0,
      "target": 5
    },
    {
      "source": 0,
      "target": 6
    },
    {
      "source": 0,
      "target": 7
    },
    {
      "source": 1,
      "target": 8
    },
    {
      "source": 1,
      "target": 9
    },
    {
      "source": 1,
      "target": 5
    },
    {
      "source": 1,
      "target": 6
    },
    {
      "source": 1,
      "target": 7
    },
    {
      "source": 2,
      "target": 8
    },
    {
      "source": 2,
      "target": 9
    },
    {
      "source": 2,
      "target": 5
    },
    {
      "source": 2,
      "target": 6
    },
    {
      "source": 2,
      "target": 7
    },
    {
      "source": 3,
      "target": 8
    },
    {
      "source": 3,
      "target": 9
    },
    {
      "source": 3,
      "target": 5
    },
    {
      "source": 3,
      "target": 6
    },
    {
      "source": 3,
      "target": 7
    },
    {
      "source": 4,
      "target": 8
    },
    {
      "source": 4,
      "target": 9
    },
    {
      "source": 4,
      "target": 5
    },
    {
      "source": 4,
      "target": 6
    },
    {
      "source": 4,
      "target": 7
    }
  ],
  "coef": {
    "stress": 0.38,
    "crossing_angle": 0,
    "neighbor": 0,
    "edge_uniformity": 0,
    "crossing_number": 0,
    "angular_resolution": 0,
    "vertex_resolution": 0,
    "gabriel": 0,
    "aspect_ratio": 0
  },
  "optimizer": {
    "lr": 0.3870292672675483,
    "momentum": 0.68
  },
  "graphDistance": [
    [
      0,
      2,
      2,
      2,
      2,
      1,
      1,
      1,
      1,
      1
    ],
    [
      2,
      0,
      2,
      2,
      2,
      1,
      1,
      1,
      1,
      1
    ],
    [
      2,
      2,
      0,
      2,
      2,
      1,
      1,
      1,
      1,
      1
    ],
    [
      2,
      2,
      2,
      0,
      2,
      1,
      1,
      1,
      1,
      1
    ],
    [
      2,
      2,
      2,
      2,
      0,
      1,
      1,
      1,
      1,
      1
    ],
    [
      1,
      1,
      1,
      1,
      1,
      0,
      2,
      2,
      2,
      2
    ],
    [
      1,
      1,
      1,
      1,
      1,
      2,
      0,
      2,
      2,
      2
    ],
    [
      1,
      1,
      1,
      1,
      1,
      2,
      2,
      0,
      2,
      2
    ],
    [
      1,
      1,
      1,
      1,
      1,
      2,
      2,
      2,
      0,
      2
    ],
    [
      1,
      1,
      1,
      1,
      1,
      2,
      2,
      2,
      2,
      0
    ]
  ],
  "weight": [
    [
      1,
      0.25,
      0.25,
      0.25,
      0.25,
      1,
      1,
      1,
      1,
      1
    ],
    [
      0.25,
      1,
      0.25,
      0.25,
      0.25,
      1,
      1,
      1,
      1,
      1
    ],
    [
      0.25,
      0.25,
      1,
      0.25,
      0.25,
      1,
      1,
      1,
      1,
      1
    ],
    [
      0.25,
      0.25,
      0.25,
      1,
      0.25,
      1,
      1,
      1,
      1,
      1
    ],
    [
      0.25,
      0.25,
      0.25,
      0.25,
      1,
      1,
      1,
      1,
      1,
      1
    ],
    [
      1,
      1,
      1,
      1,
      1,
      1,
      0.25,
      0.25,
      0.25,
      0.25
    ],
    [
      1,
      1,
      1,
      1,
      1,
      0.25,
      1,
      0.25,
      0.25,
      0.25
    ],
    [
      1,
      1,
      1,
      1,
      1,
      0.25,
      0.25,
      1,
      0.25,
      0.25
    ],
    [
      1,
      1,
      1,
      1,
      1,
      0.25,
      0.25,
      0.25,
      1,
      0.25
    ],
    [
      1,
      1,
      1,
      1,
      1,
      0.25,
      0.25,
      0.25,
      0.25,
      1
    ]
  ]
}