{
  "nodes": [
    {
      "index": 0,
      "id": 0,
      "x": 2.56606125831604,
      "y": 0.6285721659660339
    },
    {
      "index": 1,
      "id": 1,
      "x": -1.1688003540039062,
      "y": 0.26353737711906433
    },
    {
      "index": 2,
      "id": 2,
      "x": 2.78790020942688,
      "y": 1.761741280555725
    },
    {
      "index": 3,
      "id": 3,
      "x": -0.6285730004310608,
      "y": 2.565875291824341
    },
    {
      "index": 4,
      "id": 4,
      "x": 0.0000986185041256249,
      "y": -0.00009314934868598357
    },
    {
      "index": 5,
      "id": 5,
      "x": 1.4234042167663574,
      "y": 0.8993675708770752
    },
    {
      "index": 6,
      "id": 6,
      "x": 0.2636811137199402,
      "y": 1.1688154935836792
    },
    {
      "index": 7,
      "id": 7,
      "x": 0.8995870351791382,
      "y": -1.4234601259231567
    },
    {
      "index": 8,
      "id": 8,
      "x": -0.26351645588874817,
      "y": -1.16902494430542
    },
    {
      "index": 9,
      "id": 9,
      "x": 0.6288074254989624,
      "y": -2.5661160945892334
    },
    {
      "index": 10,
      "id": 10,
      "x": -2.31984806060791,
      "y": 0.5231101512908936
    },
    {
      "index": 11,
      "id": 11,
      "x": 1.669206142425537,
      "y": 2.0476889610290527
    },
    {
      "index": 12,
      "id": 12,
      "x": 2.047869920730591,
      "y": -1.6693333387374878
    },
    {
      "index": 13,
      "id": 13,
      "x": -1.761727213859558,
      "y": 2.78774356842041
    },
    {
      "index": 14,
      "id": 14,
      "x": 1.1690202951431274,
      "y": -0.2637038826942444
    },
    {
      "index": 15,
      "id": 15,
      "x": -1.4231979846954346,
      "y": -0.8995765447616577
    },
    {
      "index": 16,
      "id": 16,
      "x": -1.6690479516983032,
      "y": -2.0478675365448
    },
    {
      "index": 17,
      "id": 17,
      "x": -0.8994013071060181,
      "y": 1.4232286214828491
    },
    {
      "index": 18,
      "id": 18,
      "x": -2.7877440452575684,
      "y": -1.761895775794983
    },
    {
      "index": 19,
      "id": 19,
      "x": -0.5230987071990967,
      "y": -2.320047378540039
    },
    {
      "index": 20,
      "id": 20,
      "x": 0.523271918296814,
      "y": 2.319854736328125
    },
    {
      "index": 21,
      "id": 21,
      "x": -2.5658652782440186,
      "y": -0.6287347674369812
    },
    {
      "index": 22,
      "id": 22,
      "x": 1.7619141340255737,
      "y": -2.7879951000213623
    },
    {
      "index": 23,
      "id": 23,
      "x": -2.047672748565674,
      "y": 1.6690665483474731
    },
    {
      "index": 24,
      "id": 24,
      "x": 2.3200454711914062,
      "y": -0.5232872366905212
    }
  ],
  "edges": [
    {
      "source": 0,
      "target": 2
    },
    {
      "source": 0,
      "target": 5
    },
    {
      "source": 0,
      "target": 24
    },
    {
      "source": 1,
      "target": 10
    },
    {
      "source": 1,
      "target": 17
    },
    {
      "source": 1,
      "target": 15
    },
    {
      "source": 1,
      "target": 4
    },
    {
      "source": 2,
      "target": 11
    },
    {
      "source": 3,
      "target": 20
    },
    {
      "source": 3,
      "target": 17
    },
    {
      "source": 3,
      "target": 13
    },
    {
      "source": 4,
      "target": 14
    },
    {
      "source": 4,
      "target": 8
    },
    {
      "source": 4,
      "target": 6
    },
    {
      "source": 5,
      "target": 14
    },
    {
      "source": 5,
      "target": 11
    },
    {
      "source": 5,
      "target": 6
    },
    {
      "source": 6,
      "target": 20
    },
    {
      "source": 6,
      "target": 17
    },
    {
      "source": 7,
      "target": 14
    },
    {
      "source": 7,
      "target": 12
    },
    {
      "source": 7,
      "target": 8
    },
    {
      "source": 7,
      "target": 9
    },
    {
      "source": 8,
      "target": 19
    },
    {
      "source": 8,
      "target": 15
    },
    {
      "source": 9,
      "target": 19
    },
    {
      "source": 9,
      "target": 22
    },
    {
      "source": 10,
      "target": 23
    },
    {
      "source": 10,
      "target": 21
    },
    {
      "source": 11,
      "target": 20
    },
    {
      "source": 12,
      "target": 24
    },
    {
      "source": 12,
      "target": 22
    },
    {
      "source": 13,
      "target": 23
    },
    {
      "source": 14,
      "target": 24
    },
    {
      "source": 15,
      "target": 16
    },
    {
      "source": 15,
      "target": 21
    },
    {
      "source": 16,
      "target": 18
    },
    {
      "source": 16,
      "target": 19
    },
    {
      "source": 17,
      "target": 23
    },
    {
      "source": 18,
      "target": 21
    }
  ],
  "coef": {
    "stress": 1,
    "crossing_angle": 0,
    "neighbor": 0,
    "edge_uniformity": 0,
    "crossing_number": 0,
    "angular_resolution": 0,
    "vertex_resolution": 0,
    "gabriel": 0,
    "aspect_ratio": 0
  },
  "optimizer": {
    "lr": 0.3367011306651563,
    "momentum": 0.68
  },
  "graphDistance": [
    [
      0,
      4,
      1,
      4,
      3,
      1,
      2,
      3,
      4,
      4,
      5,
      2,
      2,
      5,
      2,
      5,
      6,
      3,
      7,
      5,
      3,
      6,
      3,
      4,
      1
    ],
    [
      4,
      0,
      5,
      2,
      1,
      3,
      2,
      3,
      2,
      4,
      1,
      4,
      4,
      3,
      2,
      1,
      2,
      1,
      3,
      3,
      3,
      2,
      5,
      2,
      3
    ],
    [
      1,
      5,
      0,
      3,
      4,
      2,
      3,
      4,
      5,
      5,
      6,
      1,
      3,
      4,
      3,
      6,
      7,
      4,
      8,
      6,
      2,
      7,
      4,
      5,
      2
    ],
    [
      4,
      2,
      3,
      0,
      3,
      3,
      2,
      5,
      4,
      6,
      3,
      2,
      6,
      1,
      4,
      3,
      4,
      1,
      5,
      5,
      1,
      4,
      7,
      2,
      5
    ],
    [
      3,
      1,
      4,
      3,
      0,
      2,
      1,
      2,
      1,
      3,
      2,
      3,
      3,
      4,
      1,
      2,
      3,
      2,
      4,
      2,
      2,
      3,
      4,
      3,
      2
    ],
    [
      1,
      3,
      2,
      3,
      2,
      0,
      1,
      2,
      3,
      3,
      4,
      1,
      3,
      4,
      1,
      4,
      5,
      2,
      6,
      4,
      2,
      5,
      4,
      3,
      2
    ],
    [
      2,
      2,
      3,
      2,
      1,
      1,
      0,
      3,
      2,
      4,
      3,
      2,
      4,
      3,
      2,
      3,
      4,
      1,
      5,
      3,
      1,
      4,
      5,
      2,
      3
    ],
    [
      3,
      3,
      4,
      5,
      2,
      2,
      3,
      0,
      1,
      1,
      4,
      3,
      1,
      6,
      1,
      2,
      3,
      4,
      4,
      2,
      4,
      3,
      2,
      5,
      2
    ],
    [
      4,
      2,
      5,
      4,
      1,
      3,
      2,
      1,
      0,
      2,
      3,
      4,
      2,
      5,
      2,
      1,
      2,
      3,
      3,
      1,
      3,
      2,
      3,
      4,
      3
    ],
    [
      4,
      4,
      5,
      6,
      3,
      3,
      4,
      1,
      2,
      0,
      5,
      4,
      2,
      7,
      2,
      3,
      2,
      5,
      3,
      1,
      5,
      4,
      1,
      6,
      3
    ],
    [
      5,
      1,
      6,
      3,
      2,
      4,
      3,
      4,
      3,
      5,
      0,
      5,
      5,
      2,
      3,
      2,
      3,
      2,
      2,
      4,
      4,
      1,
      6,
      1,
      4
    ],
    [
      2,
      4,
      1,
      2,
      3,
      1,
      2,
      3,
      4,
      4,
      5,
      0,
      4,
      3,
      2,
      5,
      6,
      3,
      7,
      5,
      1,
      6,
      5,
      4,
      3
    ],
    [
      2,
      4,
      3,
      6,
      3,
      3,
      4,
      1,
      2,
      2,
      5,
      4,
      0,
      7,
      2,
      3,
      4,
      5,
      5,
      3,
      5,
      4,
      1,
      6,
      1
    ],
    [
      5,
      3,
      4,
      1,
      4,
      4,
      3,
      6,
      5,
      7,
      2,
      3,
      7,
      0,
      5,
      4,
      5,
      2,
      4,
      6,
      2,
      3,
      8,
      1,
      6
    ],
    [
      2,
      2,
      3,
      4,
      1,
      1,
      2,
      1,
      2,
      2,
      3,
      2,
      2,
      5,
      0,
      3,
      4,
      3,
      5,
      3,
      3,
      4,
      3,
      4,
      1
    ],
    [
      5,
      1,
      6,
      3,
      2,
      4,
      3,
      2,
      1,
      3,
      2,
      5,
      3,
      4,
      3,
      0,
      1,
      2,
      2,
      2,
      4,
      1,
      4,
      3,
      4
    ],
    [
      6,
      2,
      7,
      4,
      3,
      5,
      4,
      3,
      2,
      2,
      3,
      6,
      4,
      5,
      4,
      1,
      0,
      3,
      1,
      1,
      5,
      2,
      3,
      4,
      5
    ],
    [
      3,
      1,
      4,
      1,
      2,
      2,
      1,
      4,
      3,
      5,
      2,
      3,
      5,
      2,
      3,
      2,
      3,
      0,
      4,
      4,
      2,
      3,
      6,
      1,
      4
    ],
    [
      7,
      3,
      8,
      5,
      4,
      6,
      5,
      4,
      3,
      3,
      2,
      7,
      5,
      4,
      5,
      2,
      1,
      4,
      0,
      2,
      6,
      1,
      4,
      3,
      6
    ],
    [
      5,
      3,
      6,
      5,
      2,
      4,
      3,
      2,
      1,
      1,
      4,
      5,
      3,
      6,
      3,
      2,
      1,
      4,
      2,
      0,
      4,
      3,
      2,
      5,
      4
    ],
    [
      3,
      3,
      2,
      1,
      2,
      2,
      1,
      4,
      3,
      5,
      4,
      1,
      5,
      2,
      3,
      4,
      5,
      2,
      6,
      4,
      0,
      5,
      6,
      3,
      4
    ],
    [
      6,
      2,
      7,
      4,
      3,
      5,
      4,
      3,
      2,
      4,
      1,
      6,
      4,
      3,
      4,
      1,
      2,
      3,
      1,
      3,
      5,
      0,
      5,
      2,
      5
    ],
    [
      3,
      5,
      4,
      7,
      4,
      4,
      5,
      2,
      3,
      1,
      6,
      5,
      1,
      8,
      3,
      4,
      3,
      6,
      4,
      2,
      6,
      5,
      0,
      7,
      2
    ],
    [
      4,
      2,
      5,
      2,
      3,
      3,
      2,
      5,
      4,
      6,
      1,
      4,
      6,
      1,
      4,
      3,
      4,
      1,
      3,
      5,
      3,
      2,
      7,
      0,
      5
    ],
    [
      1,
      3,
      2,
      5,
      2,
      2,
      3,
      2,
      3,
      3,
      4,
      3,
      1,
      6,
      1,
      4,
      5,
      4,
      6,
      4,
      4,
      5,
      2,
      5,
      0
    ]
  ],
  "weight": [
    [
      1,
      0.0625,
      1,
      0.0625,
      0.1111111119389534,
      1,
      0.25,
      0.1111111119389534,
      0.0625,
      0.0625,
      0.03999999910593033,
      0.25,
      0.25,
      0.03999999910593033,
      0.25,
      0.03999999910593033,
      0.02777777798473835,
      0.1111111119389534,
      0.020408162847161293,
      0.03999999910593033,
      0.1111111119389534,
      0.02777777798473835,
      0.1111111119389534,
      0.0625,
      1
    ],
    [
      0.0625,
      1,
      0.03999999910593033,
      0.25,
      1,
      0.1111111119389534,
      0.25,
      0.1111111119389534,
      0.25,
      0.0625,
      1,
      0.0625,
      0.0625,
      0.1111111119389534,
      0.25,
      1,
      0.25,
      1,
      0.1111111119389534,
      0.1111111119389534,
      0.1111111119389534,
      0.25,
      0.03999999910593033,
      0.25,
      0.1111111119389534
    ],
    [
      1,
      0.03999999910593033,
      1,
      0.1111111119389534,
      0.0625,
      0.25,
      0.1111111119389534,
      0.0625,
      0.03999999910593033,
      0.03999999910593033,
      0.02777777798473835,
      1,
      0.1111111119389534,
      0.0625,
      0.1111111119389534,
      0.02777777798473835,
      0.020408162847161293,
      0.0625,
      0.015625,
      0.02777777798473835,
      0.25,
      0.020408162847161293,
      0.0625,
      0.03999999910593033,
      0.25
    ],
    [
      0.0625,
      0.25,
      0.1111111119389534,
      1,
      0.1111111119389534,
      0.1111111119389534,
      0.25,
      0.03999999910593033,
      0.0625,
      0.02777777798473835,
      0.1111111119389534,
      0.25,
      0.02777777798473835,
      1,
      0.0625,
      0.1111111119389534,
      0.0625,
      1,
      0.03999999910593033,
      0.03999999910593033,
      1,
      0.0625,
      0.020408162847161293,
      0.25,
      0.03999999910593033
    ],
    [
      0.1111111119389534,
      1,
      0.0625,
      0.1111111119389534,
      1,
      0.25,
      1,
      0.25,
      1,
      0.1111111119389534,
      0.25,
      0.1111111119389534,
      0.1111111119389534,
      0.0625,
      1,
      0.25,
      0.1111111119389534,
      0.25,
      0.0625,
      0.25,
      0.25,
      0.1111111119389534,
      0.0625,
      0.1111111119389534,
      0.25
    ],
    [
      1,
      0.1111111119389534,
      0.25,
      0.1111111119389534,
      0.25,
      1,
      1,
      0.25,
      0.1111111119389534,
      0.1111111119389534,
      0.0625,
      1,
      0.1111111119389534,
      0.0625,
      1,
      0.0625,
      0.03999999910593033,
      0.25,
      0.02777777798473835,
      0.0625,
      0.25,
      0.03999999910593033,
      0.0625,
      0.1111111119389534,
      0.25
    ],
    [
      0.25,
      0.25,
      0.1111111119389534,
      0.25,
      1,
      1,
      1,
      0.1111111119389534,
      0.25,
      0.0625,
      0.1111111119389534,
      0.25,
      0.0625,
      0.1111111119389534,
      0.25,
      0.1111111119389534,
      0.0625,
      1,
      0.03999999910593033,
      0.1111111119389534,
      1,
      0.0625,
      0.03999999910593033,
      0.25,
      0.1111111119389534
    ],
    [
      0.1111111119389534,
      0.1111111119389534,
      0.0625,
      0.03999999910593033,
      0.25,
      0.25,
      0.1111111119389534,
      1,
      1,
      1,
      0.0625,
      0.1111111119389534,
      1,
      0.02777777798473835,
      1,
      0.25,
      0.1111111119389534,
      0.0625,
      0.0625,
      0.25,
      0.0625,
      0.1111111119389534,
      0.25,
      0.03999999910593033,
      0.25
    ],
    [
      0.0625,
      0.25,
      0.03999999910593033,
      0.0625,
      1,
      0.1111111119389534,
      0.25,
      1,
      1,
      0.25,
      0.1111111119389534,
      0.0625,
      0.25,
      0.03999999910593033,
      0.25,
      1,
      0.25,
      0.1111111119389534,
      0.1111111119389534,
      1,
      0.1111111119389534,
      0.25,
      0.1111111119389534,
      0.0625,
      0.1111111119389534
    ],
    [
      0.0625,
      0.0625,
      0.03999999910593033,
      0.02777777798473835,
      0.1111111119389534,
      0.1111111119389534,
      0.0625,
      1,
      0.25,
      1,
      0.03999999910593033,
      0.0625,
      0.25,
      0.020408162847161293,
      0.25,
      0.1111111119389534,
      0.25,
      0.03999999910593033,
      0.1111111119389534,
      1,
      0.03999999910593033,
      0.0625,
      1,
      0.02777777798473835,
      0.1111111119389534
    ],
    [
      0.03999999910593033,
      1,
      0.02777777798473835,
      0.1111111119389534,
      0.25,
      0.0625,
      0.1111111119389534,
      0.0625,
      0.1111111119389534,
      0.03999999910593033,
      1,
      0.03999999910593033,
      0.03999999910593033,
      0.25,
      0.1111111119389534,
      0.25,
      0.1111111119389534,
      0.25,
      0.25,
      0.0625,
      0.0625,
      1,
      0.02777777798473835,
      1,
      0.0625
    ],
    [
      0.25,
      0.0625,
      1,
      0.25,
      0.1111111119389534,
      1,
      0.25,
      0.1111111119389534,
      0.0625,
      0.0625,
      0.03999999910593033,
      1,
      0.0625,
      0.1111111119389534,
      0.25,
      0.03999999910593033,
      0.02777777798473835,
      0.1111111119389534,
      0.020408162847161293,
      0.03999999910593033,
      1,
      0.02777777798473835,
      0.03999999910593033,
      0.0625,
      0.1111111119389534
    ],
    [
      0.25,
      0.0625,
      0.1111111119389534,
      0.02777777798473835,
      0.1111111119389534,
      0.1111111119389534,
      0.0625,
      1,
      0.25,
      0.25,
      0.03999999910593033,
      0.0625,
      1,
      0.020408162847161293,
      0.25,
      0.1111111119389534,
      0.0625,
      0.03999999910593033,
      0.03999999910593033,
      0.1111111119389534,
      0.03999999910593033,
      0.0625,
      1,
      0.02777777798473835,
      1
    ],
    [
      0.03999999910593033,
      0.1111111119389534,
      0.0625,
      1,
      0.0625,
      0.0625,
      0.1111111119389534,
      0.02777777798473835,
      0.03999999910593033,
      0.020408162847161293,
      0.25,
      0.1111111119389534,
      0.020408162847161293,
      1,
      0.03999999910593033,
      0.0625,
      0.03999999910593033,
      0.25,
      0.0625,
      0.02777777798473835,
      0.25,
      0.1111111119389534,
      0.015625,
      1,
      0.02777777798473835
    ],
    [
      0.25,
      0.25,
      0.1111111119389534,
      0.0625,
      1,
      1,
      0.25,
      1,
      0.25,
      0.25,
      0.1111111119389534,
      0.25,
      0.25,
      0.03999999910593033,
      1,
      0.1111111119389534,
      0.0625,
      0.1111111119389534,
      0.03999999910593033,
      0.1111111119389534,
      0.1111111119389534,
      0.0625,
      0.1111111119389534,
      0.0625,
      1
    ],
    [
      0.03999999910593033,
      1,
      0.02777777798473835,
      0.1111111119389534,
      0.25,
      0.0625,
      0.1111111119389534,
      0.25,
      1,
      0.1111111119389534,
      0.25,
      0.03999999910593033,
      0.1111111119389534,
      0.0625,
      0.1111111119389534,
      1,
      1,
      0.25,
      0.25,
      0.25,
      0.0625,
      1,
      0.0625,
      0.1111111119389534,
      0.0625
    ],
    [
      0.02777777798473835,
      0.25,
      0.020408162847161293,
      0.0625,
      0.1111111119389534,
      0.03999999910593033,
      0.0625,
      0.1111111119389534,
      0.25,
      0.25,
      0.1111111119389534,
      0.02777777798473835,
      0.0625,
      0.03999999910593033,
      0.0625,
      1,
      1,
      0.1111111119389534,
      1,
      1,
      0.03999999910593033,
      0.25,
      0.1111111119389534,
      0.0625,
      0.03999999910593033
    ],
    [
      0.1111111119389534,
      1,
      0.0625,
      1,
      0.25,
      0.25,
      1,
      0.0625,
      0.1111111119389534,
      0.03999999910593033,
      0.25,
      0.1111111119389534,
      0.03999999910593033,
      0.25,
      0.1111111119389534,
      0.25,
      0.1111111119389534,
      1,
      0.0625,
      0.0625,
      0.25,
      0.1111111119389534,
      0.02777777798473835,
      1,
      0.0625
    ],
    [
      0.020408162847161293,
      0.1111111119389534,
      0.015625,
      0.03999999910593033,
      0.0625,
      0.02777777798473835,
      0.03999999910593033,
      0.0625,
      0.1111111119389534,
      0.1111111119389534,
      0.25,
      0.020408162847161293,
      0.03999999910593033,
      0.0625,
      0.03999999910593033,
      0.25,
      1,
      0.0625,
      1,
      0.25,
      0.02777777798473835,
      1,
      0.0625,
      0.1111111119389534,
      0.02777777798473835
    ],
    [
      0.03999999910593033,
      0.1111111119389534,
      0.02777777798473835,
      0.03999999910593033,
      0.25,
      0.0625,
      0.1111111119389534,
      0.25,
      1,
      1,
      0.0625,
      0.03999999910593033,
      0.1111111119389534,
      0.02777777798473835,
      0.1111111119389534,
      0.25,
      1,
      0.0625,
      0.25,
      1,
      0.0625,
      0.1111111119389534,
      0.25,
      0.03999999910593033,
      0.0625
    ],
    [
      0.1111111119389534,
      0.1111111119389534,
      0.25,
      1,
      0.25,
      0.25,
      1,
      0.0625,
      0.1111111119389534,
      0.03999999910593033,
      0.0625,
      1,
      0.03999999910593033,
      0.25,
      0.1111111119389534,
      0.0625,
      0.03999999910593033,
      0.25,
      0.02777777798473835,
      0.0625,
      1,
      0.03999999910593033,
      0.02777777798473835,
      0.1111111119389534,
      0.0625
    ],
    [
      0.02777777798473835,
      0.25,
      0.020408162847161293,
      0.0625,
      0.1111111119389534,
      0.03999999910593033,
      0.0625,
      0.1111111119389534,
      0.25,
      0.0625,
      1,
      0.02777777798473835,
      0.0625,
      0.1111111119389534,
      0.0625,
      1,
      0.25,
      0.1111111119389534,
      1,
      0.1111111119389534,
      0.03999999910593033,
      1,
      0.03999999910593033,
      0.25,
      0.03999999910593033
    ],
    [
      0.1111111119389534,
      0.03999999910593033,
      0.0625,
      0.020408162847161293,
      0.0625,
      0.0625,
      0.03999999910593033,
      0.25,
      0.1111111119389534,
      1,
      0.02777777798473835,
      0.03999999910593033,
      1,
      0.015625,
      0.1111111119389534,
      0.0625,
      0.1111111119389534,
      0.02777777798473835,
      0.0625,
      0.25,
      0.02777777798473835,
      0.03999999910593033,
      1,
      0.020408162847161293,
      0.25
    ],
    [
      0.0625,
      0.25,
      0.03999999910593033,
      0.25,
      0.1111111119389534,
      0.1111111119389534,
      0.25,
      0.03999999910593033,
      0.0625,
      0.02777777798473835,
      1,
      0.0625,
      0.02777777798473835,
      1,
      0.0625,
      0.1111111119389534,
      0.0625,
      1,
      0.1111111119389534,
      0.03999999910593033,
      0.1111111119389534,
      0.25,
      0.020408162847161293,
      1,
      0.03999999910593033
    ],
    [
      1,
      0.1111111119389534,
      0.25,
      0.03999999910593033,
      0.25,
      0.25,
      0.1111111119389534,
      0.25,
      0.1111111119389534,
      0.1111111119389534,
      0.0625,
      0.1111111119389534,
      1,
      0.02777777798473835,
      1,
      0.0625,
      0.03999999910593033,
      0.0625,
      0.02777777798473835,
      0.0625,
      0.0625,
      0.03999999910593033,
      0.25,
      0.03999999910593033,
      1
    ]
  ]
}