{
  "nodes": [
    {
      "index": 0,
      "id": 0,
      "x": 0.3710354268550873,
      "y": -0.4042458236217499
    },
    {
      "index": 1,
      "id": 1,
      "x": -1.4424034357070923,
      "y": 4.134906768798828
    },
    {
      "index": 2,
      "id": 2,
      "x": 1.4382072687149048,
      "y": -4.136954307556152
    },
    {
      "index": 3,
      "id": 3,
      "x": 2.0485074520111084,
      "y": -0.4395732283592224
    },
    {
      "index": 4,
      "id": 4,
      "x": 0.7631055116653442,
      "y": 2.346864700317383
    },
    {
      "index": 5,
      "id": 5,
      "x": -1.1070709228515625,
      "y": 1.177155613899231
    },
    {
      "index": 6,
      "id": 6,
      "x": -0.7634085416793823,
      "y": -2.345762252807617
    },
    {
      "index": 7,
      "id": 7,
      "x": -2.2926979064941406,
      "y": -0.7179088592529297
    },
    {
      "index": 8,
      "id": 8,
      "x": -0.4494498074054718,
      "y": 2.2015175819396973
    },
    {
      "index": 9,
      "id": 9,
      "x": 0.9785099625587463,
      "y": -3.1906635761260986
    },
    {
      "index": 10,
      "id": 10,
      "x": -2.046778678894043,
      "y": 0.4396684169769287
    },
    {
      "index": 11,
      "id": 11,
      "x": -0.9786496758460999,
      "y": 3.191807270050049
    },
    {
      "index": 12,
      "id": 12,
      "x": 0.44967126846313477,
      "y": -2.2011122703552246
    },
    {
      "index": 13,
      "id": 13,
      "x": -0.36986255645751953,
      "y": 0.40487295389175415
    },
    {
      "index": 14,
      "id": 14,
      "x": 1.865639567375183,
      "y": 1.8538862466812134
    },
    {
      "index": 15,
      "id": 15,
      "x": 2.732670783996582,
      "y": 2.5533792972564697
    },
    {
      "index": 16,
      "id": 16,
      "x": -2.732104539871216,
      "y": -2.5541157722473145
    },
    {
      "index": 17,
      "id": 17,
      "x": 1.1078211069107056,
      "y": -1.1772493124008179
    },
    {
      "index": 18,
      "id": 18,
      "x": 2.293292760848999,
      "y": 0.7176113724708557
    },
    {
      "index": 19,
      "id": 19,
      "x": -1.8655356168746948,
      "y": -1.8539220094680786
    }
  ],
  "edges": [
    {
      "source": 0,
      "target": 17
    },
    {
      "source": 0,
      "target": 13
    },
    {
      "source": 1,
      "target": 11
    },
    {
      "source": 2,
      "target": 9
    },
    {
      "source": 3,
      "target": 17
    },
    {
      "source": 3,
      "target": 18
    },
    {
      "source": 4,
      "target": 8
    },
    {
      "source": 4,
      "target": 14
    },
    {
      "source": 5,
      "target": 8
    },
    {
      "source": 5,
      "target": 10
    },
    {
      "source": 5,
      "target": 13
    },
    {
      "source": 6,
      "target": 19
    },
    {
      "source": 6,
      "target": 12
    },
    {
      "source": 7,
      "target": 10
    },
    {
      "source": 7,
      "target": 19
    },
    {
      "source": 8,
      "target": 11
    },
    {
      "source": 9,
      "target": 12
    },
    {
      "source": 12,
      "target": 17
    },
    {
      "source": 14,
      "target": 18
    },
    {
      "source": 14,
      "target": 15
    },
    {
      "source": 16,
      "target": 19
    }
  ],
  "coef": {
    "stress": 1,
    "crossing_angle": 0,
    "neighbor": 0,
    "edge_uniformity": 0,
    "crossing_number": 0,
    "angular_resolution": 0,
    "vertex_resolution": 0,
    "gabriel": 0,
    "aspect_ratio": 0
  },
  "optimizer": {
    "lr": 0.38319729432430527,
    "momentum": 0.73
  },
  "graphDistance": [
    [
      0,
      5,
      4,
      2,
      4,
      2,
      3,
      4,
      3,
      3,
      3,
      4,
      2,
      1,
      4,
      5,
      5,
      1,
      3,
      4
    ],
    [
      5,
      0,
      9,
      6,
      3,
      3,
      7,
      5,
      2,
      8,
      4,
      1,
      7,
      4,
      4,
      5,
      7,
      6,
      5,
      6
    ],
    [
      4,
      9,
      0,
      4,
      7,
      6,
      3,
      5,
      7,
      1,
      6,
      8,
      2,
      5,
      6,
      7,
      5,
      3,
      5,
      4
    ],
    [
      2,
      6,
      4,
      0,
      3,
      4,
      3,
      5,
      4,
      3,
      5,
      5,
      2,
      3,
      2,
      3,
      5,
      1,
      1,
      4
    ],
    [
      4,
      3,
      7,
      3,
      0,
      2,
      6,
      4,
      1,
      6,
      3,
      2,
      5,
      3,
      1,
      2,
      6,
      4,
      2,
      5
    ],
    [
      2,
      3,
      6,
      4,
      2,
      0,
      4,
      2,
      1,
      5,
      1,
      2,
      4,
      1,
      3,
      4,
      4,
      3,
      4,
      3
    ],
    [
      3,
      7,
      3,
      3,
      6,
      4,
      0,
      2,
      5,
      2,
      3,
      6,
      1,
      4,
      5,
      6,
      2,
      2,
      4,
      1
    ],
    [
      4,
      5,
      5,
      5,
      4,
      2,
      2,
      0,
      3,
      4,
      1,
      4,
      3,
      3,
      5,
      6,
      2,
      4,
      6,
      1
    ],
    [
      3,
      2,
      7,
      4,
      1,
      1,
      5,
      3,
      0,
      6,
      2,
      1,
      5,
      2,
      2,
      3,
      5,
      4,
      3,
      4
    ],
    [
      3,
      8,
      1,
      3,
      6,
      5,
      2,
      4,
      6,
      0,
      5,
      7,
      1,
      4,
      5,
      6,
      4,
      2,
      4,
      3
    ],
    [
      3,
      4,
      6,
      5,
      3,
      1,
      3,
      1,
      2,
      5,
      0,
      3,
      4,
      2,
      4,
      5,
      3,
      4,
      5,
      2
    ],
    [
      4,
      1,
      8,
      5,
      2,
      2,
      6,
      4,
      1,
      7,
      3,
      0,
      6,
      3,
      3,
      4,
      6,
      5,
      4,
      5
    ],
    [
      2,
      7,
      2,
      2,
      5,
      4,
      1,
      3,
      5,
      1,
      4,
      6,
      0,
      3,
      4,
      5,
      3,
      1,
      3,
      2
    ],
    [
      1,
      4,
      5,
      3,
      3,
      1,
      4,
      3,
      2,
      4,
      2,
      3,
      3,
      0,
      4,
      5,
      5,
      2,
      4,
      4
    ],
    [
      4,
      4,
      6,
      2,
      1,
      3,
      5,
      5,
      2,
      5,
      4,
      3,
      4,
      4,
      0,
      1,
      7,
      3,
      1,
      6
    ],
    [
      5,
      5,
      7,
      3,
      2,
      4,
      6,
      6,
      3,
      6,
      5,
      4,
      5,
      5,
      1,
      0,
      8,
      4,
      2,
      7
    ],
    [
      5,
      7,
      5,
      5,
      6,
      4,
      2,
      2,
      5,
      4,
      3,
      6,
      3,
      5,
      7,
      8,
      0,
      4,
      6,
      1
    ],
    [
      1,
      6,
      3,
      1,
      4,
      3,
      2,
      4,
      4,
      2,
      4,
      5,
      1,
      2,
      3,
      4,
      4,
      0,
      2,
      3
    ],
    [
      3,
      5,
      5,
      1,
      2,
      4,
      4,
      6,
      3,
      4,
      5,
      4,
      3,
      4,
      1,
      2,
      6,
      2,
      0,
      5
    ],
    [
      4,
      6,
      4,
      4,
      5,
      3,
      1,
      1,
      4,
      3,
      2,
      5,
      2,
      4,
      6,
      7,
      1,
      3,
      5,
      0
    ]
  ],
  "weight": [
    [
      1,
      0.03999999910593033,
      0.0625,
      0.25,
      0.0625,
      0.25,
      0.1111111119389534,
      0.0625,
      0.1111111119389534,
      0.1111111119389534,
      0.1111111119389534,
      0.0625,
      0.25,
      1,
      0.0625,
      0.03999999910593033,
      0.03999999910593033,
      1,
      0.1111111119389534,
      0.0625
    ],
    [
      0.03999999910593033,
      1,
      0.012345679104328156,
      0.02777777798473835,
      0.1111111119389534,
      0.1111111119389534,
      0.020408162847161293,
      0.03999999910593033,
      0.25,
      0.015625,
      0.0625,
      1,
      0.020408162847161293,
      0.0625,
      0.0625,
      0.03999999910593033,
      0.020408162847161293,
      0.02777777798473835,
      0.03999999910593033,
      0.02777777798473835
    ],
    [
      0.0625,
      0.012345679104328156,
      1,
      0.0625,
      0.020408162847161293,
      0.02777777798473835,
      0.1111111119389534,
      0.03999999910593033,
      0.020408162847161293,
      1,
      0.02777777798473835,
      0.015625,
      0.25,
      0.03999999910593033,
      0.02777777798473835,
      0.020408162847161293,
      0.03999999910593033,
      0.1111111119389534,
      0.03999999910593033,
      0.0625
    ],
    [
      0.25,
      0.02777777798473835,
      0.0625,
      1,
      0.1111111119389534,
      0.0625,
      0.1111111119389534,
      0.03999999910593033,
      0.0625,
      0.1111111119389534,
      0.03999999910593033,
      0.03999999910593033,
      0.25,
      0.1111111119389534,
      0.25,
      0.1111111119389534,
      0.03999999910593033,
      1,
      1,
      0.0625
    ],
    [
      0.0625,
      0.1111111119389534,
      0.020408162847161293,
      0.1111111119389534,
      1,
      0.25,
      0.02777777798473835,
      0.0625,
      1,
      0.02777777798473835,
      0.1111111119389534,
      0.25,
      0.03999999910593033,
      0.1111111119389534,
      1,
      0.25,
      0.02777777798473835,
      0.0625,
      0.25,
      0.03999999910593033
    ],
    [
      0.25,
      0.1111111119389534,
      0.02777777798473835,
      0.0625,
      0.25,
      1,
      0.0625,
      0.25,
      1,
      0.03999999910593033,
      1,
      0.25,
      0.0625,
      1,
      0.1111111119389534,
      0.0625,
      0.0625,
      0.1111111119389534,
      0.0625,
      0.1111111119389534
    ],
    [
      0.1111111119389534,
      0.020408162847161293,
      0.1111111119389534,
      0.1111111119389534,
      0.02777777798473835,
      0.0625,
      1,
      0.25,
      0.03999999910593033,
      0.25,
      0.1111111119389534,
      0.02777777798473835,
      1,
      0.0625,
      0.03999999910593033,
      0.02777777798473835,
      0.25,
      0.25,
      0.0625,
      1
    ],
    [
      0.0625,
      0.03999999910593033,
      0.03999999910593033,
      0.03999999910593033,
      0.0625,
      0.25,
      0.25,
      1,
      0.1111111119389534,
      0.0625,
      1,
      0.0625,
      0.1111111119389534,
      0.1111111119389534,
      0.03999999910593033,
      0.02777777798473835,
      0.25,
      0.0625,
      0.02777777798473835,
      1
    ],
    [
      0.1111111119389534,
      0.25,
      0.020408162847161293,
      0.0625,
      1,
      1,
      0.03999999910593033,
      0.1111111119389534,
      1,
      0.02777777798473835,
      0.25,
      1,
      0.03999999910593033,
      0.25,
      0.25,
      0.1111111119389534,
      0.03999999910593033,
      0.0625,
      0.1111111119389534,
      0.0625
    ],
    [
      0.1111111119389534,
      0.015625,
      1,
      0.1111111119389534,
      0.02777777798473835,
      0.03999999910593033,
      0.25,
      0.0625,
      0.02777777798473835,
      1,
      0.03999999910593033,
      0.020408162847161293,
      1,
      0.0625,
      0.03999999910593033,
      0.02777777798473835,
      0.0625,
      0.25,
      0.0625,
      0.1111111119389534
    ],
    [
      0.1111111119389534,
      0.0625,
      0.02777777798473835,
      0.03999999910593033,
      0.1111111119389534,
      1,
      0.1111111119389534,
      1,
      0.25,
      0.03999999910593033,
      1,
      0.1111111119389534,
      0.0625,
      0.25,
      0.0625,
      0.03999999910593033,
      0.1111111119389534,
      0.0625,
      0.03999999910593033,
      0.25
    ],
    [
      0.0625,
      1,
      0.015625,
      0.03999999910593033,
      0.25,
      0.25,
      0.02777777798473835,
      0.0625,
      1,
      0.020408162847161293,
      0.1111111119389534,
      1,
      0.02777777798473835,
      0.1111111119389534,
      0.1111111119389534,
      0.0625,
      0.02777777798473835,
      0.03999999910593033,
      0.0625,
      0.03999999910593033
    ],
    [
      0.25,
      0.020408162847161293,
      0.25,
      0.25,
      0.03999999910593033,
      0.0625,
      1,
      0.1111111119389534,
      0.03999999910593033,
      1,
      0.0625,
      0.02777777798473835,
      1,
      0.1111111119389534,
      0.0625,
      0.03999999910593033,
      0.1111111119389534,
      1,
      0.1111111119389534,
      0.25
    ],
    [
      1,
      0.0625,
      0.03999999910593033,
      0.1111111119389534,
      0.1111111119389534,
      1,
      0.0625,
      0.1111111119389534,
      0.25,
      0.0625,
      0.25,
      0.1111111119389534,
      0.1111111119389534,
      1,
      0.0625,
      0.03999999910593033,
      0.03999999910593033,
      0.25,
      0.0625,
      0.0625
    ],
    [
      0.0625,
      0.0625,
      0.02777777798473835,
      0.25,
      1,
      0.1111111119389534,
      0.03999999910593033,
      0.03999999910593033,
      0.25,
      0.03999999910593033,
      0.0625,
      0.1111111119389534,
      0.0625,
      0.0625,
      1,
      1,
      0.020408162847161293,
      0.1111111119389534,
      1,
      0.02777777798473835
    ],
    [
      0.03999999910593033,
      0.03999999910593033,
      0.020408162847161293,
      0.1111111119389534,
      0.25,
      0.0625,
      0.02777777798473835,
      0.02777777798473835,
      0.1111111119389534,
      0.02777777798473835,
      0.03999999910593033,
      0.0625,
      0.03999999910593033,
      0.03999999910593033,
      1,
      1,
      0.015625,
      0.0625,
      0.25,
      0.020408162847161293
    ],
    [
      0.03999999910593033,
      0.020408162847161293,
      0.03999999910593033,
      0.03999999910593033,
      0.02777777798473835,
      0.0625,
      0.25,
      0.25,
      0.03999999910593033,
      0.0625,
      0.1111111119389534,
      0.02777777798473835,
      0.1111111119389534,
      0.03999999910593033,
      0.020408162847161293,
      0.015625,
      1,
      0.0625,
      0.02777777798473835,
      1
    ],
    [
      1,
      0.02777777798473835,
      0.1111111119389534,
      1,
      0.0625,
      0.1111111119389534,
      0.25,
      0.0625,
      0.0625,
      0.25,
      0.0625,
      0.03999999910593033,
      1,
      0.25,
      0.1111111119389534,
      0.0625,
      0.0625,
      1,
      0.25,
      0.1111111119389534
    ],
    [
      0.1111111119389534,
      0.03999999910593033,
      0.03999999910593033,
      1,
      0.25,
      0.0625,
      0.0625,
      0.02777777798473835,
      0.1111111119389534,
      0.0625,
      0.03999999910593033,
      0.0625,
      0.1111111119389534,
      0.0625,
      1,
      0.25,
      0.02777777798473835,
      0.25,
      1,
      0.03999999910593033
    ],
    [
      0.0625,
      0.02777777798473835,
      0.0625,
      0.0625,
      0.03999999910593033,
      0.1111111119389534,
      1,
      1,
      0.0625,
      0.1111111119389534,
      0.25,
      0.03999999910593033,
      0.25,
      0.0625,
      0.02777777798473835,
      0.020408162847161293,
      1,
      0.1111111119389534,
      0.03999999910593033,
      1
    ]
  ]
}