{
  "nodes": [
    {
      "index": 0,
      "id": "0",
      "x": -0.20958992838859558,
      "y": 0.406220018863678
    },
    {
      "index": 1,
      "id": "1",
      "x": -0.6928573846817017,
      "y": -0.5953229665756226
    },
    {
      "index": 2,
      "id": "2",
      "x": -0.9725090265274048,
      "y": 0.3903242349624634
    },
    {
      "index": 3,
      "id": "3",
      "x": 0.8126255869865417,
      "y": 0.061612214893102646
    },
    {
      "index": 4,
      "id": "4",
      "x": 0.833301842212677,
      "y": -0.7142543792724609
    },
    {
      "index": 5,
      "id": "5",
      "x": -0.05554060637950897,
      "y": 0.5201185941696167
    },
    {
      "index": 6,
      "id": "6",
      "x": -0.7171052098274231,
      "y": -1.0320180654525757
    },
    {
      "index": 7,
      "id": "7",
      "x": -0.03554679825901985,
      "y": 0.6634458303451538
    },
    {
      "index": 8,
      "id": "8",
      "x": 0.40717142820358276,
      "y": 0.8024945259094238
    },
    {
      "index": 9,
      "id": "9",
      "x": 0.7118023037910461,
      "y": -0.43755194544792175
    }
  ],
  "edges": [
    {
      "source": "0",
      "target": "5"
    },
    {
      "source": "0",
      "target": "6"
    },
    {
      "source": "0",
      "target": "7"
    },
    {
      "source": "0",
      "target": "8"
    },
    {
      "source": "0",
      "target": "9"
    },
    {
      "source": "1",
      "target": "5"
    },
    {
      "source": "1",
      "target": "6"
    },
    {
      "source": "1",
      "target": "7"
    },
    {
      "source": "1",
      "target": "8"
    },
    {
      "source": "1",
      "target": "9"
    },
    {
      "source": "2",
      "target": "5"
    },
    {
      "source": "2",
      "target": "6"
    },
    {
      "source": "2",
      "target": "7"
    },
    {
      "source": "2",
      "target": "8"
    },
    {
      "source": "2",
      "target": "9"
    },
    {
      "source": "3",
      "target": "5"
    },
    {
      "source": "3",
      "target": "6"
    },
    {
      "source": "3",
      "target": "7"
    },
    {
      "source": "3",
      "target": "8"
    },
    {
      "source": "3",
      "target": "9"
    },
    {
      "source": "4",
      "target": "5"
    },
    {
      "source": "4",
      "target": "6"
    },
    {
      "source": "4",
      "target": "7"
    },
    {
      "source": "4",
      "target": "8"
    },
    {
      "source": "4",
      "target": "9"
    }
  ],
  "coef": {
    "stress": 0,
    "crossing_angle": 0,
    "neighbor": 0,
    "edge_uniformity": 0,
    "crossing_number": 0,
    "angular_resolution": 0,
    "vertex_resolution": 0,
    "gabriel": 0,
    "aspect_ratio": 0
  },
  "optimizer": {
    "lr": 0.44932896411722156,
    "momentum": 0.5
  },
  "graphDistance": [
    [
      0,
      2,
      2,
      2,
      2,
      1,
      1,
      1,
      1,
      1
    ],
    [
      2,
      0,
      2,
      2,
      2,
      1,
      1,
      1,
      1,
      1
    ],
    [
      2,
      2,
      0,
      2,
      2,
      1,
      1,
      1,
      1,
      1
    ],
    [
      2,
      2,
      2,
      0,
      2,
      1,
      1,
      1,
      1,
      1
    ],
    [
      2,
      2,
      2,
      2,
      0,
      1,
      1,
      1,
      1,
      1
    ],
    [
      1,
      1,
      1,
      1,
      1,
      0,
      2,
      2,
      2,
      2
    ],
    [
      1,
      1,
      1,
      1,
      1,
      2,
      0,
      2,
      2,
      2
    ],
    [
      1,
      1,
      1,
      1,
      1,
      2,
      2,
      0,
      2,
      2
    ],
    [
      1,
      1,
      1,
      1,
      1,
      2,
      2,
      2,
      0,
      2
    ],
    [
      1,
      1,
      1,
      1,
      1,
      2,
      2,
      2,
      2,
      0
    ]
  ],
  "weight": [
    [
      1,
      0.25,
      0.25,
      0.25,
      0.25,
      1,
      1,
      1,
      1,
      1
    ],
    [
      0.25,
      1,
      0.25,
      0.25,
      0.25,
      1,
      1,
      1,
      1,
      1
    ],
    [
      0.25,
      0.25,
      1,
      0.25,
      0.25,
      1,
      1,
      1,
      1,
      1
    ],
    [
      0.25,
      0.25,
      0.25,
      1,
      0.25,
      1,
      1,
      1,
      1,
      1
    ],
    [
      0.25,
      0.25,
      0.25,
      0.25,
      1,
      1,
      1,
      1,
      1,
      1
    ],
    [
      1,
      1,
      1,
      1,
      1,
      1,
      0.25,
      0.25,
      0.25,
      0.25
    ],
    [
      1,
      1,
      1,
      1,
      1,
      0.25,
      1,
      0.25,
      0.25,
      0.25
    ],
    [
      1,
      1,
      1,
      1,
      1,
      0.25,
      0.25,
      1,
      0.25,
      0.25
    ],
    [
      1,
      1,
      1,
      1,
      1,
      0.25,
      0.25,
      0.25,
      1,
      0.25
    ],
    [
      1,
      1,
      1,
      1,
      1,
      0.25,
      0.25,
      0.25,
      0.25,
      1
    ]
  ]
}