{
  "nodes": [
    {
      "index": 0,
      "id": "0",
      "x": 0.7712283134460449,
      "y": -0.9058175683021545
    },
    {
      "index": 1,
      "id": "1",
      "x": -0.07122562825679779,
      "y": -0.12413323670625687
    },
    {
      "index": 2,
      "id": "2",
      "x": -0.3589358627796173,
      "y": 0.41900086402893066
    },
    {
      "index": 3,
      "id": "3",
      "x": -0.9256911873817444,
      "y": 0.46046650409698486
    },
    {
      "index": 4,
      "id": "4",
      "x": -0.5188913941383362,
      "y": 0.8433898687362671
    },
    {
      "index": 5,
      "id": "5",
      "x": 0.6706927418708801,
      "y": -0.7805403470993042
    },
    {
      "index": 6,
      "id": "6",
      "x": 0.20301513373851776,
      "y": -0.2749013602733612
    },
    {
      "index": 7,
      "id": "7",
      "x": 0.3334748148918152,
      "y": -0.9252909421920776
    },
    {
      "index": 8,
      "id": "8",
      "x": 0.5599607229232788,
      "y": -0.33879703283309937
    },
    {
      "index": 9,
      "id": "9",
      "x": 0.3540552854537964,
      "y": 0.32167571783065796
    },
    {
      "index": 10,
      "id": "10",
      "x": -0.11857467889785767,
      "y": 0.576037585735321
    },
    {
      "index": 11,
      "id": "11",
      "x": 0.4508945941925049,
      "y": -0.6915952563285828
    },
    {
      "index": 12,
      "id": "12",
      "x": -0.23430384695529938,
      "y": -0.521354079246521
    },
    {
      "index": 13,
      "id": "13",
      "x": -0.5855299234390259,
      "y": -0.3587590754032135
    },
    {
      "index": 14,
      "id": "14",
      "x": 0.5180330872535706,
      "y": -0.5170925259590149
    },
    {
      "index": 15,
      "id": "15",
      "x": 0.5116400718688965,
      "y": 0.8245271444320679
    },
    {
      "index": 16,
      "id": "16",
      "x": 0.10757435113191605,
      "y": -0.9350807666778564
    },
    {
      "index": 17,
      "id": "17",
      "x": 0.13527636229991913,
      "y": -0.5710418820381165
    },
    {
      "index": 18,
      "id": "18",
      "x": -0.3185868561267853,
      "y": 0.03601265326142311
    },
    {
      "index": 19,
      "id": "19",
      "x": -0.4240342080593109,
      "y": 0.05513499304652214
    },
    {
      "index": 20,
      "id": "20",
      "x": 0.4458024799823761,
      "y": 0.2363579422235489
    },
    {
      "index": 21,
      "id": "21",
      "x": -0.5196610689163208,
      "y": 0.6137179136276245
    },
    {
      "index": 22,
      "id": "22",
      "x": 0.49135807156562805,
      "y": -0.7091842293739319
    },
    {
      "index": 23,
      "id": "23",
      "x": -0.6982862949371338,
      "y": 0.45335161685943604
    },
    {
      "index": 24,
      "id": "24",
      "x": -0.389903724193573,
      "y": -0.21435756981372833
    }
  ],
  "edges": [
    {
      "source": "0",
      "target": "1"
    },
    {
      "source": "0",
      "target": "2"
    },
    {
      "source": "0",
      "target": "3"
    },
    {
      "source": "0",
      "target": "4"
    },
    {
      "source": "0",
      "target": "5"
    },
    {
      "source": "0",
      "target": "20"
    },
    {
      "source": "1",
      "target": "2"
    },
    {
      "source": "1",
      "target": "3"
    },
    {
      "source": "1",
      "target": "4"
    },
    {
      "source": "2",
      "target": "3"
    },
    {
      "source": "2",
      "target": "4"
    },
    {
      "source": "3",
      "target": "4"
    },
    {
      "source": "5",
      "target": "6"
    },
    {
      "source": "5",
      "target": "7"
    },
    {
      "source": "5",
      "target": "8"
    },
    {
      "source": "5",
      "target": "9"
    },
    {
      "source": "5",
      "target": "10"
    },
    {
      "source": "6",
      "target": "7"
    },
    {
      "source": "6",
      "target": "8"
    },
    {
      "source": "6",
      "target": "9"
    },
    {
      "source": "7",
      "target": "8"
    },
    {
      "source": "7",
      "target": "9"
    },
    {
      "source": "8",
      "target": "9"
    },
    {
      "source": "10",
      "target": "11"
    },
    {
      "source": "10",
      "target": "12"
    },
    {
      "source": "10",
      "target": "13"
    },
    {
      "source": "10",
      "target": "14"
    },
    {
      "source": "10",
      "target": "15"
    },
    {
      "source": "11",
      "target": "12"
    },
    {
      "source": "11",
      "target": "13"
    },
    {
      "source": "11",
      "target": "14"
    },
    {
      "source": "12",
      "target": "13"
    },
    {
      "source": "12",
      "target": "14"
    },
    {
      "source": "13",
      "target": "14"
    },
    {
      "source": "15",
      "target": "16"
    },
    {
      "source": "15",
      "target": "17"
    },
    {
      "source": "15",
      "target": "18"
    },
    {
      "source": "15",
      "target": "19"
    },
    {
      "source": "15",
      "target": "20"
    },
    {
      "source": "16",
      "target": "17"
    },
    {
      "source": "16",
      "target": "18"
    },
    {
      "source": "16",
      "target": "19"
    },
    {
      "source": "17",
      "target": "18"
    },
    {
      "source": "17",
      "target": "19"
    },
    {
      "source": "18",
      "target": "19"
    },
    {
      "source": "20",
      "target": "21"
    },
    {
      "source": "20",
      "target": "22"
    },
    {
      "source": "20",
      "target": "23"
    },
    {
      "source": "20",
      "target": "24"
    },
    {
      "source": "21",
      "target": "22"
    },
    {
      "source": "21",
      "target": "23"
    },
    {
      "source": "21",
      "target": "24"
    },
    {
      "source": "22",
      "target": "23"
    },
    {
      "source": "22",
      "target": "24"
    },
    {
      "source": "23",
      "target": "24"
    }
  ],
  "coef": {
    "stress": 0,
    "crossing_angle": 0,
    "neighbor": 0,
    "edge_uniformity": 0,
    "crossing_number": 0,
    "angular_resolution": 0,
    "vertex_resolution": 0,
    "gabriel": 0,
    "aspect_ratio": 0
  },
  "optimizer": {
    "lr": 0.44932896411722156,
    "momentum": 0.5
  },
  "graphDistance": [
    [
      0,
      1,
      1,
      1,
      1,
      1,
      2,
      2,
      2,
      2,
      2,
      3,
      3,
      3,
      3,
      2,
      3,
      3,
      3,
      3,
      1,
      2,
      2,
      2,
      2
    ],
    [
      1,
      0,
      1,
      1,
      1,
      2,
      3,
      3,
      3,
      3,
      3,
      4,
      4,
      4,
      4,
      3,
      4,
      4,
      4,
      4,
      2,
      3,
      3,
      3,
      3
    ],
    [
      1,
      1,
      0,
      1,
      1,
      2,
      3,
      3,
      3,
      3,
      3,
      4,
      4,
      4,
      4,
      3,
      4,
      4,
      4,
      4,
      2,
      3,
      3,
      3,
      3
    ],
    [
      1,
      1,
      1,
      0,
      1,
      2,
      3,
      3,
      3,
      3,
      3,
      4,
      4,
      4,
      4,
      3,
      4,
      4,
      4,
      4,
      2,
      3,
      3,
      3,
      3
    ],
    [
      1,
      1,
      1,
      1,
      0,
      2,
      3,
      3,
      3,
      3,
      3,
      4,
      4,
      4,
      4,
      3,
      4,
      4,
      4,
      4,
      2,
      3,
      3,
      3,
      3
    ],
    [
      1,
      2,
      2,
      2,
      2,
      0,
      1,
      1,
      1,
      1,
      1,
      2,
      2,
      2,
      2,
      2,
      3,
      3,
      3,
      3,
      2,
      3,
      3,
      3,
      3
    ],
    [
      2,
      3,
      3,
      3,
      3,
      1,
      0,
      1,
      1,
      1,
      2,
      3,
      3,
      3,
      3,
      3,
      4,
      4,
      4,
      4,
      3,
      4,
      4,
      4,
      4
    ],
    [
      2,
      3,
      3,
      3,
      3,
      1,
      1,
      0,
      1,
      1,
      2,
      3,
      3,
      3,
      3,
      3,
      4,
      4,
      4,
      4,
      3,
      4,
      4,
      4,
      4
    ],
    [
      2,
      3,
      3,
      3,
      3,
      1,
      1,
      1,
      0,
      1,
      2,
      3,
      3,
      3,
      3,
      3,
      4,
      4,
      4,
      4,
      3,
      4,
      4,
      4,
      4
    ],
    [
      2,
      3,
      3,
      3,
      3,
      1,
      1,
      1,
      1,
      0,
      2,
      3,
      3,
      3,
      3,
      3,
      4,
      4,
      4,
      4,
      3,
      4,
      4,
      4,
      4
    ],
    [
      2,
      3,
      3,
      3,
      3,
      1,
      2,
      2,
      2,
      2,
      0,
      1,
      1,
      1,
      1,
      1,
      2,
      2,
      2,
      2,
      2,
      3,
      3,
      3,
      3
    ],
    [
      3,
      4,
      4,
      4,
      4,
      2,
      3,
      3,
      3,
      3,
      1,
      0,
      1,
      1,
      1,
      2,
      3,
      3,
      3,
      3,
      3,
      4,
      4,
      4,
      4
    ],
    [
      3,
      4,
      4,
      4,
      4,
      2,
      3,
      3,
      3,
      3,
      1,
      1,
      0,
      1,
      1,
      2,
      3,
      3,
      3,
      3,
      3,
      4,
      4,
      4,
      4
    ],
    [
      3,
      4,
      4,
      4,
      4,
      2,
      3,
      3,
      3,
      3,
      1,
      1,
      1,
      0,
      1,
      2,
      3,
      3,
      3,
      3,
      3,
      4,
      4,
      4,
      4
    ],
    [
      3,
      4,
      4,
      4,
      4,
      2,
      3,
      3,
      3,
      3,
      1,
      1,
      1,
      1,
      0,
      2,
      3,
      3,
      3,
      3,
      3,
      4,
      4,
      4,
      4
    ],
    [
      2,
      3,
      3,
      3,
      3,
      2,
      3,
      3,
      3,
      3,
      1,
      2,
      2,
      2,
      2,
      0,
      1,
      1,
      1,
      1,
      1,
      2,
      2,
      2,
      2
    ],
    [
      3,
      4,
      4,
      4,
      4,
      3,
      4,
      4,
      4,
      4,
      2,
      3,
      3,
      3,
      3,
      1,
      0,
      1,
      1,
      1,
      2,
      3,
      3,
      3,
      3
    ],
    [
      3,
      4,
      4,
      4,
      4,
      3,
      4,
      4,
      4,
      4,
      2,
      3,
      3,
      3,
      3,
      1,
      1,
      0,
      1,
      1,
      2,
      3,
      3,
      3,
      3
    ],
    [
      3,
      4,
      4,
      4,
      4,
      3,
      4,
      4,
      4,
      4,
      2,
      3,
      3,
      3,
      3,
      1,
      1,
      1,
      0,
      1,
      2,
      3,
      3,
      3,
      3
    ],
    [
      3,
      4,
      4,
      4,
      4,
      3,
      4,
      4,
      4,
      4,
      2,
      3,
      3,
      3,
      3,
      1,
      1,
      1,
      1,
      0,
      2,
      3,
      3,
      3,
      3
    ],
    [
      1,
      2,
      2,
      2,
      2,
      2,
      3,
      3,
      3,
      3,
      2,
      3,
      3,
      3,
      3,
      1,
      2,
      2,
      2,
      2,
      0,
      1,
      1,
      1,
      1
    ],
    [
      2,
      3,
      3,
      3,
      3,
      3,
      4,
      4,
      4,
      4,
      3,
      4,
      4,
      4,
      4,
      2,
      3,
      3,
      3,
      3,
      1,
      0,
      1,
      1,
      1
    ],
    [
      2,
      3,
      3,
      3,
      3,
      3,
      4,
      4,
      4,
      4,
      3,
      4,
      4,
      4,
      4,
      2,
      3,
      3,
      3,
      3,
      1,
      1,
      0,
      1,
      1
    ],
    [
      2,
      3,
      3,
      3,
      3,
      3,
      4,
      4,
      4,
      4,
      3,
      4,
      4,
      4,
      4,
      2,
      3,
      3,
      3,
      3,
      1,
      1,
      1,
      0,
      1
    ],
    [
      2,
      3,
      3,
      3,
      3,
      3,
      4,
      4,
      4,
      4,
      3,
      4,
      4,
      4,
      4,
      2,
      3,
      3,
      3,
      3,
      1,
      1,
      1,
      1,
      0
    ]
  ],
  "weight": [
    [
      1,
      1,
      1,
      1,
      1,
      1,
      0.25,
      0.25,
      0.25,
      0.25,
      0.25,
      0.1111111119389534,
      0.1111111119389534,
      0.1111111119389534,
      0.1111111119389534,
      0.25,
      0.1111111119389534,
      0.1111111119389534,
      0.1111111119389534,
      0.1111111119389534,
      1,
      0.25,
      0.25,
      0.25,
      0.25
    ],
    [
      1,
      1,
      1,
      1,
      1,
      0.25,
      0.1111111119389534,
      0.1111111119389534,
      0.1111111119389534,
      0.1111111119389534,
      0.1111111119389534,
      0.0625,
      0.0625,
      0.0625,
      0.0625,
      0.1111111119389534,
      0.0625,
      0.0625,
      0.0625,
      0.0625,
      0.25,
      0.1111111119389534,
      0.1111111119389534,
      0.1111111119389534,
      0.1111111119389534
    ],
    [
      1,
      1,
      1,
      1,
      1,
      0.25,
      0.1111111119389534,
      0.1111111119389534,
      0.1111111119389534,
      0.1111111119389534,
      0.1111111119389534,
      0.0625,
      0.0625,
      0.0625,
      0.0625,
      0.1111111119389534,
      0.0625,
      0.0625,
      0.0625,
      0.0625,
      0.25,
      0.1111111119389534,
      0.1111111119389534,
      0.1111111119389534,
      0.1111111119389534
    ],
    [
      1,
      1,
      1,
      1,
      1,
      0.25,
      0.1111111119389534,
      0.1111111119389534,
      0.1111111119389534,
      0.1111111119389534,
      0.1111111119389534,
      0.0625,
      0.0625,
      0.0625,
      0.0625,
      0.1111111119389534,
      0.0625,
      0.0625,
      0.0625,
      0.0625,
      0.25,
      0.1111111119389534,
      0.1111111119389534,
      0.1111111119389534,
      0.1111111119389534
    ],
    [
      1,
      1,
      1,
      1,
      1,
      0.25,
      0.1111111119389534,
      0.1111111119389534,
      0.1111111119389534,
      0.1111111119389534,
      0.1111111119389534,
      0.0625,
      0.0625,
      0.0625,
      0.0625,
      0.1111111119389534,
      0.0625,
      0.0625,
      0.0625,
      0.0625,
      0.25,
      0.1111111119389534,
      0.1111111119389534,
      0.1111111119389534,
      0.1111111119389534
    ],
    [
      1,
      0.25,
      0.25,
      0.25,
      0.25,
      1,
      1,
      1,
      1,
      1,
      1,
      0.25,
      0.25,
      0.25,
      0.25,
      0.25,
      0.1111111119389534,
      0.1111111119389534,
      0.1111111119389534,
      0.1111111119389534,
      0.25,
      0.1111111119389534,
      0.1111111119389534,
      0.1111111119389534,
      0.1111111119389534
    ],
    [
      0.25,
      0.1111111119389534,
      0.1111111119389534,
      0.1111111119389534,
      0.1111111119389534,
      1,
      1,
      1,
      1,
      1,
      0.25,
      0.1111111119389534,
      0.1111111119389534,
      0.1111111119389534,
      0.1111111119389534,
      0.1111111119389534,
      0.0625,
      0.0625,
      0.0625,
      0.0625,
      0.1111111119389534,
      0.0625,
      0.0625,
      0.0625,
      0.0625
    ],
    [
      0.25,
      0.1111111119389534,
      0.1111111119389534,
      0.1111111119389534,
      0.1111111119389534,
      1,
      1,
      1,
      1,
      1,
      0.25,
      0.1111111119389534,
      0.1111111119389534,
      0.1111111119389534,
      0.1111111119389534,
      0.1111111119389534,
      0.0625,
      0.0625,
      0.0625,
      0.0625,
      0.1111111119389534,
      0.0625,
      0.0625,
      0.0625,
      0.0625
    ],
    [
      0.25,
      0.1111111119389534,
      0.1111111119389534,
      0.1111111119389534,
      0.1111111119389534,
      1,
      1,
      1,
      1,
      1,
      0.25,
      0.1111111119389534,
      0.1111111119389534,
      0.1111111119389534,
      0.1111111119389534,
      0.1111111119389534,
      0.0625,
      0.0625,
      0.0625,
      0.0625,
      0.1111111119389534,
      0.0625,
      0.0625,
      0.0625,
      0.0625
    ],
    [
      0.25,
      0.1111111119389534,
      0.1111111119389534,
      0.1111111119389534,
      0.1111111119389534,
      1,
      1,
      1,
      1,
      1,
      0.25,
      0.1111111119389534,
      0.1111111119389534,
      0.1111111119389534,
      0.1111111119389534,
      0.1111111119389534,
      0.0625,
      0.0625,
      0.0625,
      0.0625,
      0.1111111119389534,
      0.0625,
      0.0625,
      0.0625,
      0.0625
    ],
    [
      0.25,
      0.1111111119389534,
      0.1111111119389534,
      0.1111111119389534,
      0.1111111119389534,
      1,
      0.25,
      0.25,
      0.25,
      0.25,
      1,
      1,
      1,
      1,
      1,
      1,
      0.25,
      0.25,
      0.25,
      0.25,
      0.25,
      0.1111111119389534,
      0.1111111119389534,
      0.1111111119389534,
      0.1111111119389534
    ],
    [
      0.1111111119389534,
      0.0625,
      0.0625,
      0.0625,
      0.0625,
      0.25,
      0.1111111119389534,
      0.1111111119389534,
      0.1111111119389534,
      0.1111111119389534,
      1,
      1,
      1,
      1,
      1,
      0.25,
      0.1111111119389534,
      0.1111111119389534,
      0.1111111119389534,
      0.1111111119389534,
      0.1111111119389534,
      0.0625,
      0.0625,
      0.0625,
      0.0625
    ],
    [
      0.1111111119389534,
      0.0625,
      0.0625,
      0.0625,
      0.0625,
      0.25,
      0.1111111119389534,
      0.1111111119389534,
      0.1111111119389534,
      0.1111111119389534,
      1,
      1,
      1,
      1,
      1,
      0.25,
      0.1111111119389534,
      0.1111111119389534,
      0.1111111119389534,
      0.1111111119389534,
      0.1111111119389534,
      0.0625,
      0.0625,
      0.0625,
      0.0625
    ],
    [
      0.1111111119389534,
      0.0625,
      0.0625,
      0.0625,
      0.0625,
      0.25,
      0.1111111119389534,
      0.1111111119389534,
      0.1111111119389534,
      0.1111111119389534,
      1,
      1,
      1,
      1,
      1,
      0.25,
      0.1111111119389534,
      0.1111111119389534,
      0.1111111119389534,
      0.1111111119389534,
      0.1111111119389534,
      0.0625,
      0.0625,
      0.0625,
      0.0625
    ],
    [
      0.1111111119389534,
      0.0625,
      0.0625,
      0.0625,
      0.0625,
      0.25,
      0.1111111119389534,
      0.1111111119389534,
      0.1111111119389534,
      0.1111111119389534,
      1,
      1,
      1,
      1,
      1,
      0.25,
      0.1111111119389534,
      0.1111111119389534,
      0.1111111119389534,
      0.1111111119389534,
      0.1111111119389534,
      0.0625,
      0.0625,
      0.0625,
      0.0625
    ],
    [
      0.25,
      0.1111111119389534,
      0.1111111119389534,
      0.1111111119389534,
      0.1111111119389534,
      0.25,
      0.1111111119389534,
      0.1111111119389534,
      0.1111111119389534,
      0.1111111119389534,
      1,
      0.25,
      0.25,
      0.25,
      0.25,
      1,
      1,
      1,
      1,
      1,
      1,
      0.25,
      0.25,
      0.25,
      0.25
    ],
    [
      0.1111111119389534,
      0.0625,
      0.0625,
      0.0625,
      0.0625,
      0.1111111119389534,
      0.0625,
      0.0625,
      0.0625,
      0.0625,
      0.25,
      0.1111111119389534,
      0.1111111119389534,
      0.1111111119389534,
      0.1111111119389534,
      1,
      1,
      1,
      1,
      1,
      0.25,
      0.1111111119389534,
      0.1111111119389534,
      0.1111111119389534,
      0.1111111119389534
    ],
    [
      0.1111111119389534,
      0.0625,
      0.0625,
      0.0625,
      0.0625,
      0.1111111119389534,
      0.0625,
      0.0625,
      0.0625,
      0.0625,
      0.25,
      0.1111111119389534,
      0.1111111119389534,
      0.1111111119389534,
      0.1111111119389534,
      1,
      1,
      1,
      1,
      1,
      0.25,
      0.1111111119389534,
      0.1111111119389534,
      0.1111111119389534,
      0.1111111119389534
    ],
    [
      0.1111111119389534,
      0.0625,
      0.0625,
      0.0625,
      0.0625,
      0.1111111119389534,
      0.0625,
      0.0625,
      0.0625,
      0.0625,
      0.25,
      0.1111111119389534,
      0.1111111119389534,
      0.1111111119389534,
      0.1111111119389534,
      1,
      1,
      1,
      1,
      1,
      0.25,
      0.1111111119389534,
      0.1111111119389534,
      0.1111111119389534,
      0.1111111119389534
    ],
    [
      0.1111111119389534,
      0.0625,
      0.0625,
      0.0625,
      0.0625,
      0.1111111119389534,
      0.0625,
      0.0625,
      0.0625,
      0.0625,
      0.25,
      0.1111111119389534,
      0.1111111119389534,
      0.1111111119389534,
      0.1111111119389534,
      1,
      1,
      1,
      1,
      1,
      0.25,
      0.1111111119389534,
      0.1111111119389534,
      0.1111111119389534,
      0.1111111119389534
    ],
    [
      1,
      0.25,
      0.25,
      0.25,
      0.25,
      0.25,
      0.1111111119389534,
      0.1111111119389534,
      0.1111111119389534,
      0.1111111119389534,
      0.25,
      0.1111111119389534,
      0.1111111119389534,
      0.1111111119389534,
      0.1111111119389534,
      1,
      0.25,
      0.25,
      0.25,
      0.25,
      1,
      1,
      1,
      1,
      1
    ],
    [
      0.25,
      0.1111111119389534,
      0.1111111119389534,
      0.1111111119389534,
      0.1111111119389534,
      0.1111111119389534,
      0.0625,
      0.0625,
      0.0625,
      0.0625,
      0.1111111119389534,
      0.0625,
      0.0625,
      0.0625,
      0.0625,
      0.25,
      0.1111111119389534,
      0.1111111119389534,
      0.1111111119389534,
      0.1111111119389534,
      1,
      1,
      1,
      1,
      1
    ],
    [
      0.25,
      0.1111111119389534,
      0.1111111119389534,
      0.1111111119389534,
      0.1111111119389534,
      0.1111111119389534,
      0.0625,
      0.0625,
      0.0625,
      0.0625,
      0.1111111119389534,
      0.0625,
      0.0625,
      0.0625,
      0.0625,
      0.25,
      0.1111111119389534,
      0.1111111119389534,
      0.1111111119389534,
      0.1111111119389534,
      1,
      1,
      1,
      1,
      1
    ],
    [
      0.25,
      0.1111111119389534,
      0.1111111119389534,
      0.1111111119389534,
      0.1111111119389534,
      0.1111111119389534,
      0.0625,
      0.0625,
      0.0625,
      0.0625,
      0.1111111119389534,
      0.0625,
      0.0625,
      0.0625,
      0.0625,
      0.25,
      0.1111111119389534,
      0.1111111119389534,
      0.1111111119389534,
      0.1111111119389534,
      1,
      1,
      1,
      1,
      1
    ],
    [
      0.25,
      0.1111111119389534,
      0.1111111119389534,
      0.1111111119389534,
      0.1111111119389534,
      0.1111111119389534,
      0.0625,
      0.0625,
      0.0625,
      0.0625,
      0.1111111119389534,
      0.0625,
      0.0625,
      0.0625,
      0.0625,
      0.25,
      0.1111111119389534,
      0.1111111119389534,
      0.1111111119389534,
      0.1111111119389534,
      1,
      1,
      1,
      1,
      1
    ]
  ]
}