{"nodes": [{"id": 0, "index": 0}, {"id": 1, "index": 1}, {"id": 2, "index": 2}, {"id": 3, "index": 3}, {"id": 4, "index": 4}, {"id": 5, "index": 5}, {"id": 6, "index": 6}, {"id": 7, "index": 7}, {"id": 8, "index": 8}, {"id": 9, "index": 9}], "initPositions": [{"id": 0, "x": 0.04176490753889084, "y": 0.4141548275947571}, {"id": 1, "x": 0.7880344986915588, "y": 0.5740534663200378}, {"id": 2, "x": 0.30488601326942444, "y": 1.0}, {"id": 3, "x": 0.0, "y": 0.4659687280654907}, {"id": 4, "x": 0.4943111836910248, "y": 0.2885161340236664}, {"id": 5, "x": 0.09800983965396881, "y": 0.9163060784339905}, {"id": 6, "x": 0.7167013883590698, "y": 0.33521080017089844}, {"id": 7, "x": 0.21184490621089935, "y": 0.5833889245986938}, {"id": 8, "x": 0.6647003293037415, "y": 0.5064111948013306}, {"id": 9, "x": 0.5902856588363647, "y": 0.0}], "edges": [{"source": 0, "target": 8}, {"source": 0, "target": 9}, {"source": 0, "target": 5}, {"source": 0, "target": 6}, {"source": 0, "target": 7}, {"source": 1, "target": 8}, {"source": 1, "target": 9}, {"source": 1, "target": 5}, {"source": 1, "target": 6}, {"source": 1, "target": 7}, {"source": 2, "target": 8}, {"source": 2, "target": 9}, {"source": 2, "target": 5}, {"source": 2, "target": 6}, {"source": 2, "target": 7}, {"source": 3, "target": 8}, {"source": 3, "target": 9}, {"source": 3, "target": 5}, {"source": 3, "target": 6}, {"source": 3, "target": 7}, {"source": 4, "target": 8}, {"source": 4, "target": 9}, {"source": 4, "target": 5}, {"source": 4, "target": 6}, {"source": 4, "target": 7}]}