{"nodes": [{"id": 0, "index": 0}, {"id": 1, "index": 1}, {"id": 2, "index": 2}, {"id": 3, "index": 3}, {"id": 4, "index": 4}, {"id": 5, "index": 5}, {"id": 6, "index": 6}, {"id": 7, "index": 7}, {"id": 8, "index": 8}, {"id": 9, "index": 9}, {"id": 10, "index": 10}, {"id": 11, "index": 11}, {"id": 12, "index": 12}, {"id": 13, "index": 13}, {"id": 14, "index": 14}], "initPositions": [{"id": 0, "x": 0.03495592996478081, "y": 0.5096769332885742}, {"id": 1, "x": 0.6595509052276611, "y": 0.6435067057609558}, {"id": 2, "x": 0.25517651438713074, "y": 1.0}, {"id": 3, "x": 0.0, "y": 0.5530429482460022}, {"id": 4, "x": 0.41371604800224304, "y": 0.4045235514640808}, {"id": 5, "x": 0.08203215152025223, "y": 0.9299543499946594}, {"id": 6, "x": 0.5998470783233643, "y": 0.44360482692718506}, {"id": 7, "x": 0.1773056834936142, "y": 0.6513190269470215}, {"id": 8, "x": 0.5563248991966248, "y": 0.5868916511535645}, {"id": 9, "x": 0.4940423369407654, "y": 0.16304858028888702}, {"id": 10, "x": 0.8256577253341675, "y": 0.0}, {"id": 11, "x": 0.24467726051807404, "y": 0.1863553375005722}, {"id": 12, "x": 0.2448904663324356, "y": 0.5305609703063965}, {"id": 13, "x": 0.541950523853302, "y": 0.6036959290504456}, {"id": 14, "x": 0.5840244293212891, "y": 0.17827105522155762}], "edges": [{"source": 0, "target": 1}, {"source": 0, "target": 2}, {"source": 1, "target": 3}, {"source": 1, "target": 4}, {"source": 2, "target": 5}, {"source": 2, "target": 6}, {"source": 3, "target": 8}, {"source": 3, "target": 7}, {"source": 4, "target": 10}, {"source": 4, "target": 9}, {"source": 5, "target": 11}, {"source": 5, "target": 12}, {"source": 6, "target": 13}, {"source": 6, "target": 14}]}