{
  "nodes": [
    {
      "index": 0,
      "id": 0,
      "x": 0.3177136480808258,
      "y": -0.9121249914169312
    },
    {
      "index": 1,
      "id": 1,
      "x": 0.01832260750234127,
      "y": 1.0539436340332031
    },
    {
      "index": 2,
      "id": 2,
      "x": -0.9495851397514343,
      "y": -0.18750257790088654
    },
    {
      "index": 3,
      "id": 3,
      "x": -0.5732854604721069,
      "y": -0.6443573832511902
    },
    {
      "index": 4,
      "id": 4,
      "x": 0.9915198683738708,
      "y": 0.36046653985977173
    },
    {
      "index": 5,
      "id": 5,
      "x": -0.137690469622612,
      "y": 0.28688302636146545
    },
    {
      "index": 6,
      "id": 6,
      "x": -0.5010424256324768,
      "y": 0.3575153648853302
    },
    {
      "index": 7,
      "id": 7,
      "x": 0.12402556091547012,
      "y": -0.11725634336471558
    },
    {
      "index": 8,
      "id": 8,
      "x": 0.24329222738742828,
      "y": -0.012715189717710018
    },
    {
      "index": 9,
      "id": 9,
      "x": 0.4667302966117859,
      "y": -0.18485137820243835
    }
  ],
  "edges": [
    {
      "source": 0,
      "target": 8
    },
    {
      "source": 0,
      "target": 9
    },
    {
      "source": 0,
      "target": 5
    },
    {
      "source": 0,
      "target": 6
    },
    {
      "source": 0,
      "target": 7
    },
    {
      "source": 1,
      "target": 8
    },
    {
      "source": 1,
      "target": 9
    },
    {
      "source": 1,
      "target": 5
    },
    {
      "source": 1,
      "target": 6
    },
    {
      "source": 1,
      "target": 7
    },
    {
      "source": 2,
      "target": 8
    },
    {
      "source": 2,
      "target": 9
    },
    {
      "source": 2,
      "target": 5
    },
    {
      "source": 2,
      "target": 6
    },
    {
      "source": 2,
      "target": 7
    },
    {
      "source": 3,
      "target": 8
    },
    {
      "source": 3,
      "target": 9
    },
    {
      "source": 3,
      "target": 5
    },
    {
      "source": 3,
      "target": 6
    },
    {
      "source": 3,
      "target": 7
    },
    {
      "source": 4,
      "target": 8
    },
    {
      "source": 4,
      "target": 9
    },
    {
      "source": 4,
      "target": 5
    },
    {
      "source": 4,
      "target": 6
    },
    {
      "source": 4,
      "target": 7
    }
  ],
  "coef": {
    "stress": 0.05,
    "crossing_angle": 1,
    "neighbor": 0,
    "edge_uniformity": 0.11,
    "crossing_number": 0,
    "angular_resolution": 0,
    "vertex_resolution": 0,
    "gabriel": 0,
    "aspect_ratio": 0
  },
  "optimizer": {
    "lr": 0.2548273916195514,
    "momentum": 0.68
  },
  "graphDistance": [
    [
      0,
      2,
      2,
      2,
      2,
      1,
      1,
      1,
      1,
      1
    ],
    [
      2,
      0,
      2,
      2,
      2,
      1,
      1,
      1,
      1,
      1
    ],
    [
      2,
      2,
      0,
      2,
      2,
      1,
      1,
      1,
      1,
      1
    ],
    [
      2,
      2,
      2,
      0,
      2,
      1,
      1,
      1,
      1,
      1
    ],
    [
      2,
      2,
      2,
      2,
      0,
      1,
      1,
      1,
      1,
      1
    ],
    [
      1,
      1,
      1,
      1,
      1,
      0,
      2,
      2,
      2,
      2
    ],
    [
      1,
      1,
      1,
      1,
      1,
      2,
      0,
      2,
      2,
      2
    ],
    [
      1,
      1,
      1,
      1,
      1,
      2,
      2,
      0,
      2,
      2
    ],
    [
      1,
      1,
      1,
      1,
      1,
      2,
      2,
      2,
      0,
      2
    ],
    [
      1,
      1,
      1,
      1,
      1,
      2,
      2,
      2,
      2,
      0
    ]
  ],
  "weight": [
    [
      1,
      0.25,
      0.25,
      0.25,
      0.25,
      1,
      1,
      1,
      1,
      1
    ],
    [
      0.25,
      1,
      0.25,
      0.25,
      0.25,
      1,
      1,
      1,
      1,
      1
    ],
    [
      0.25,
      0.25,
      1,
      0.25,
      0.25,
      1,
      1,
      1,
      1,
      1
    ],
    [
      0.25,
      0.25,
      0.25,
      1,
      0.25,
      1,
      1,
      1,
      1,
      1
    ],
    [
      0.25,
      0.25,
      0.25,
      0.25,
      1,
      1,
      1,
      1,
      1,
      1
    ],
    [
      1,
      1,
      1,
      1,
      1,
      1,
      0.25,
      0.25,
      0.25,
      0.25
    ],
    [
      1,
      1,
      1,
      1,
      1,
      0.25,
      1,
      0.25,
      0.25,
      0.25
    ],
    [
      1,
      1,
      1,
      1,
      1,
      0.25,
      0.25,
      1,
      0.25,
      0.25
    ],
    [
      1,
      1,
      1,
      1,
      1,
      0.25,
      0.25,
      0.25,
      1,
      0.25
    ],
    [
      1,
      1,
      1,
      1,
      1,
      0.25,
      0.25,
      0.25,
      0.25,
      1
    ]
  ]
}