{
  "nodes": [
    {
      "index": 0,
      "id": 0,
      "x": -2.524489641189575,
      "y": 0.7987509965896606
    },
    {
      "index": 1,
      "id": 1,
      "x": 0.8567331433296204,
      "y": -0.8353026509284973
    },
    {
      "index": 2,
      "id": 2,
      "x": -3.302318811416626,
      "y": -0.054941754788160324
    },
    {
      "index": 3,
      "id": 3,
      "x": -0.8003281950950623,
      "y": -2.520695209503174
    },
    {
      "index": 4,
      "id": 4,
      "x": -0.009347325190901756,
      "y": -0.0025538201443850994
    },
    {
      "index": 5,
      "id": 5,
      "x": -1.6924692392349243,
      "y": -0.028967224061489105
    },
    {
      "index": 6,
      "id": 6,
      "x": -0.8352173566818237,
      "y": -0.867996335029602
    },
    {
      "index": 7,
      "id": 7,
      "x": -0.0357859842479229,
      "y": 1.6788080930709839
    },
    {
      "index": 8,
      "id": 8,
      "x": 0.8270257115364075,
      "y": 0.8625562787055969
    },
    {
      "index": 9,
      "id": 9,
      "x": 0.7951831817626953,
      "y": 2.5144853591918945
    },
    {
      "index": 10,
      "id": 10,
      "x": 1.7026692628860474,
      "y": -1.6470229625701904
    },
    {
      "index": 11,
      "id": 11,
      "x": -2.4974451065063477,
      "y": -0.8820751309394836
    },
    {
      "index": 12,
      "id": 12,
      "x": -0.8909867405891418,
      "y": 2.4862687587738037
    },
    {
      "index": 13,
      "id": 13,
      "x": 0.050015442073345184,
      "y": -3.3039605617523193
    },
    {
      "index": 14,
      "id": 14,
      "x": -0.8671286702156067,
      "y": 0.8318967223167419
    },
    {
      "index": 15,
      "id": 15,
      "x": 1.6746017932891846,
      "y": 0.022552883252501488
    },
    {
      "index": 16,
      "id": 16,
      "x": 2.486626148223877,
      "y": 0.8834332823753357
    },
    {
      "index": 17,
      "id": 17,
      "x": 0.02143213525414467,
      "y": -1.6799083948135376
    },
    {
      "index": 18,
      "id": 18,
      "x": 3.2909278869628906,
      "y": 0.04740550369024277
    },
    {
      "index": 19,
      "id": 19,
      "x": 1.6538351774215698,
      "y": 1.7078206539154053
    },
    {
      "index": 20,
      "id": 20,
      "x": -1.6554033756256104,
      "y": -1.7131530046463013
    },
    {
      "index": 21,
      "id": 21,
      "x": 2.5196938514709473,
      "y": -0.7954488396644592
    },
    {
      "index": 22,
      "id": 22,
      "x": -0.06996183842420578,
      "y": 3.2919225692749023
    },
    {
      "index": 23,
      "id": 23,
      "x": 0.8731234669685364,
      "y": -2.4879872798919678
    },
    {
      "index": 24,
      "id": 24,
      "x": -1.7174108028411865,
      "y": 1.6511296033859253
    }
  ],
  "edges": [
    {
      "source": 0,
      "target": 2
    },
    {
      "source": 0,
      "target": 5
    },
    {
      "source": 0,
      "target": 24
    },
    {
      "source": 1,
      "target": 10
    },
    {
      "source": 1,
      "target": 17
    },
    {
      "source": 1,
      "target": 15
    },
    {
      "source": 1,
      "target": 4
    },
    {
      "source": 2,
      "target": 11
    },
    {
      "source": 3,
      "target": 20
    },
    {
      "source": 3,
      "target": 17
    },
    {
      "source": 3,
      "target": 13
    },
    {
      "source": 4,
      "target": 14
    },
    {
      "source": 4,
      "target": 8
    },
    {
      "source": 4,
      "target": 6
    },
    {
      "source": 5,
      "target": 14
    },
    {
      "source": 5,
      "target": 11
    },
    {
      "source": 5,
      "target": 6
    },
    {
      "source": 6,
      "target": 20
    },
    {
      "source": 6,
      "target": 17
    },
    {
      "source": 7,
      "target": 14
    },
    {
      "source": 7,
      "target": 12
    },
    {
      "source": 7,
      "target": 8
    },
    {
      "source": 7,
      "target": 9
    },
    {
      "source": 8,
      "target": 19
    },
    {
      "source": 8,
      "target": 15
    },
    {
      "source": 9,
      "target": 19
    },
    {
      "source": 9,
      "target": 22
    },
    {
      "source": 10,
      "target": 23
    },
    {
      "source": 10,
      "target": 21
    },
    {
      "source": 11,
      "target": 20
    },
    {
      "source": 12,
      "target": 24
    },
    {
      "source": 12,
      "target": 22
    },
    {
      "source": 13,
      "target": 23
    },
    {
      "source": 14,
      "target": 24
    },
    {
      "source": 15,
      "target": 16
    },
    {
      "source": 15,
      "target": 21
    },
    {
      "source": 16,
      "target": 18
    },
    {
      "source": 16,
      "target": 19
    },
    {
      "source": 17,
      "target": 23
    },
    {
      "source": 18,
      "target": 21
    }
  ],
  "coef": {
    "stress": 1,
    "crossing_angle": 0,
    "neighbor": 0,
    "edge_uniformity": 0.11,
    "crossing_number": 0,
    "angular_resolution": 0,
    "vertex_resolution": 0,
    "gabriel": 0,
    "aspect_ratio": 0
  },
  "optimizer": {
    "lr": 0.3434688233915259,
    "momentum": 0.68
  },
  "graphDistance": [
    [
      0,
      4,
      1,
      4,
      3,
      1,
      2,
      3,
      4,
      4,
      5,
      2,
      2,
      5,
      2,
      5,
      6,
      3,
      7,
      5,
      3,
      6,
      3,
      4,
      1
    ],
    [
      4,
      0,
      5,
      2,
      1,
      3,
      2,
      3,
      2,
      4,
      1,
      4,
      4,
      3,
      2,
      1,
      2,
      1,
      3,
      3,
      3,
      2,
      5,
      2,
      3
    ],
    [
      1,
      5,
      0,
      3,
      4,
      2,
      3,
      4,
      5,
      5,
      6,
      1,
      3,
      4,
      3,
      6,
      7,
      4,
      8,
      6,
      2,
      7,
      4,
      5,
      2
    ],
    [
      4,
      2,
      3,
      0,
      3,
      3,
      2,
      5,
      4,
      6,
      3,
      2,
      6,
      1,
      4,
      3,
      4,
      1,
      5,
      5,
      1,
      4,
      7,
      2,
      5
    ],
    [
      3,
      1,
      4,
      3,
      0,
      2,
      1,
      2,
      1,
      3,
      2,
      3,
      3,
      4,
      1,
      2,
      3,
      2,
      4,
      2,
      2,
      3,
      4,
      3,
      2
    ],
    [
      1,
      3,
      2,
      3,
      2,
      0,
      1,
      2,
      3,
      3,
      4,
      1,
      3,
      4,
      1,
      4,
      5,
      2,
      6,
      4,
      2,
      5,
      4,
      3,
      2
    ],
    [
      2,
      2,
      3,
      2,
      1,
      1,
      0,
      3,
      2,
      4,
      3,
      2,
      4,
      3,
      2,
      3,
      4,
      1,
      5,
      3,
      1,
      4,
      5,
      2,
      3
    ],
    [
      3,
      3,
      4,
      5,
      2,
      2,
      3,
      0,
      1,
      1,
      4,
      3,
      1,
      6,
      1,
      2,
      3,
      4,
      4,
      2,
      4,
      3,
      2,
      5,
      2
    ],
    [
      4,
      2,
      5,
      4,
      1,
      3,
      2,
      1,
      0,
      2,
      3,
      4,
      2,
      5,
      2,
      1,
      2,
      3,
      3,
      1,
      3,
      2,
      3,
      4,
      3
    ],
    [
      4,
      4,
      5,
      6,
      3,
      3,
      4,
      1,
      2,
      0,
      5,
      4,
      2,
      7,
      2,
      3,
      2,
      5,
      3,
      1,
      5,
      4,
      1,
      6,
      3
    ],
    [
      5,
      1,
      6,
      3,
      2,
      4,
      3,
      4,
      3,
      5,
      0,
      5,
      5,
      2,
      3,
      2,
      3,
      2,
      2,
      4,
      4,
      1,
      6,
      1,
      4
    ],
    [
      2,
      4,
      1,
      2,
      3,
      1,
      2,
      3,
      4,
      4,
      5,
      0,
      4,
      3,
      2,
      5,
      6,
      3,
      7,
      5,
      1,
      6,
      5,
      4,
      3
    ],
    [
      2,
      4,
      3,
      6,
      3,
      3,
      4,
      1,
      2,
      2,
      5,
      4,
      0,
      7,
      2,
      3,
      4,
      5,
      5,
      3,
      5,
      4,
      1,
      6,
      1
    ],
    [
      5,
      3,
      4,
      1,
      4,
      4,
      3,
      6,
      5,
      7,
      2,
      3,
      7,
      0,
      5,
      4,
      5,
      2,
      4,
      6,
      2,
      3,
      8,
      1,
      6
    ],
    [
      2,
      2,
      3,
      4,
      1,
      1,
      2,
      1,
      2,
      2,
      3,
      2,
      2,
      5,
      0,
      3,
      4,
      3,
      5,
      3,
      3,
      4,
      3,
      4,
      1
    ],
    [
      5,
      1,
      6,
      3,
      2,
      4,
      3,
      2,
      1,
      3,
      2,
      5,
      3,
      4,
      3,
      0,
      1,
      2,
      2,
      2,
      4,
      1,
      4,
      3,
      4
    ],
    [
      6,
      2,
      7,
      4,
      3,
      5,
      4,
      3,
      2,
      2,
      3,
      6,
      4,
      5,
      4,
      1,
      0,
      3,
      1,
      1,
      5,
      2,
      3,
      4,
      5
    ],
    [
      3,
      1,
      4,
      1,
      2,
      2,
      1,
      4,
      3,
      5,
      2,
      3,
      5,
      2,
      3,
      2,
      3,
      0,
      4,
      4,
      2,
      3,
      6,
      1,
      4
    ],
    [
      7,
      3,
      8,
      5,
      4,
      6,
      5,
      4,
      3,
      3,
      2,
      7,
      5,
      4,
      5,
      2,
      1,
      4,
      0,
      2,
      6,
      1,
      4,
      3,
      6
    ],
    [
      5,
      3,
      6,
      5,
      2,
      4,
      3,
      2,
      1,
      1,
      4,
      5,
      3,
      6,
      3,
      2,
      1,
      4,
      2,
      0,
      4,
      3,
      2,
      5,
      4
    ],
    [
      3,
      3,
      2,
      1,
      2,
      2,
      1,
      4,
      3,
      5,
      4,
      1,
      5,
      2,
      3,
      4,
      5,
      2,
      6,
      4,
      0,
      5,
      6,
      3,
      4
    ],
    [
      6,
      2,
      7,
      4,
      3,
      5,
      4,
      3,
      2,
      4,
      1,
      6,
      4,
      3,
      4,
      1,
      2,
      3,
      1,
      3,
      5,
      0,
      5,
      2,
      5
    ],
    [
      3,
      5,
      4,
      7,
      4,
      4,
      5,
      2,
      3,
      1,
      6,
      5,
      1,
      8,
      3,
      4,
      3,
      6,
      4,
      2,
      6,
      5,
      0,
      7,
      2
    ],
    [
      4,
      2,
      5,
      2,
      3,
      3,
      2,
      5,
      4,
      6,
      1,
      4,
      6,
      1,
      4,
      3,
      4,
      1,
      3,
      5,
      3,
      2,
      7,
      0,
      5
    ],
    [
      1,
      3,
      2,
      5,
      2,
      2,
      3,
      2,
      3,
      3,
      4,
      3,
      1,
      6,
      1,
      4,
      5,
      4,
      6,
      4,
      4,
      5,
      2,
      5,
      0
    ]
  ],
  "weight": [
    [
      1,
      0.0625,
      1,
      0.0625,
      0.1111111119389534,
      1,
      0.25,
      0.1111111119389534,
      0.0625,
      0.0625,
      0.03999999910593033,
      0.25,
      0.25,
      0.03999999910593033,
      0.25,
      0.03999999910593033,
      0.02777777798473835,
      0.1111111119389534,
      0.020408162847161293,
      0.03999999910593033,
      0.1111111119389534,
      0.02777777798473835,
      0.1111111119389534,
      0.0625,
      1
    ],
    [
      0.0625,
      1,
      0.03999999910593033,
      0.25,
      1,
      0.1111111119389534,
      0.25,
      0.1111111119389534,
      0.25,
      0.0625,
      1,
      0.0625,
      0.0625,
      0.1111111119389534,
      0.25,
      1,
      0.25,
      1,
      0.1111111119389534,
      0.1111111119389534,
      0.1111111119389534,
      0.25,
      0.03999999910593033,
      0.25,
      0.1111111119389534
    ],
    [
      1,
      0.03999999910593033,
      1,
      0.1111111119389534,
      0.0625,
      0.25,
      0.1111111119389534,
      0.0625,
      0.03999999910593033,
      0.03999999910593033,
      0.02777777798473835,
      1,
      0.1111111119389534,
      0.0625,
      0.1111111119389534,
      0.02777777798473835,
      0.020408162847161293,
      0.0625,
      0.015625,
      0.02777777798473835,
      0.25,
      0.020408162847161293,
      0.0625,
      0.03999999910593033,
      0.25
    ],
    [
      0.0625,
      0.25,
      0.1111111119389534,
      1,
      0.1111111119389534,
      0.1111111119389534,
      0.25,
      0.03999999910593033,
      0.0625,
      0.02777777798473835,
      0.1111111119389534,
      0.25,
      0.02777777798473835,
      1,
      0.0625,
      0.1111111119389534,
      0.0625,
      1,
      0.03999999910593033,
      0.03999999910593033,
      1,
      0.0625,
      0.020408162847161293,
      0.25,
      0.03999999910593033
    ],
    [
      0.1111111119389534,
      1,
      0.0625,
      0.1111111119389534,
      1,
      0.25,
      1,
      0.25,
      1,
      0.1111111119389534,
      0.25,
      0.1111111119389534,
      0.1111111119389534,
      0.0625,
      1,
      0.25,
      0.1111111119389534,
      0.25,
      0.0625,
      0.25,
      0.25,
      0.1111111119389534,
      0.0625,
      0.1111111119389534,
      0.25
    ],
    [
      1,
      0.1111111119389534,
      0.25,
      0.1111111119389534,
      0.25,
      1,
      1,
      0.25,
      0.1111111119389534,
      0.1111111119389534,
      0.0625,
      1,
      0.1111111119389534,
      0.0625,
      1,
      0.0625,
      0.03999999910593033,
      0.25,
      0.02777777798473835,
      0.0625,
      0.25,
      0.03999999910593033,
      0.0625,
      0.1111111119389534,
      0.25
    ],
    [
      0.25,
      0.25,
      0.1111111119389534,
      0.25,
      1,
      1,
      1,
      0.1111111119389534,
      0.25,
      0.0625,
      0.1111111119389534,
      0.25,
      0.0625,
      0.1111111119389534,
      0.25,
      0.1111111119389534,
      0.0625,
      1,
      0.03999999910593033,
      0.1111111119389534,
      1,
      0.0625,
      0.03999999910593033,
      0.25,
      0.1111111119389534
    ],
    [
      0.1111111119389534,
      0.1111111119389534,
      0.0625,
      0.03999999910593033,
      0.25,
      0.25,
      0.1111111119389534,
      1,
      1,
      1,
      0.0625,
      0.1111111119389534,
      1,
      0.02777777798473835,
      1,
      0.25,
      0.1111111119389534,
      0.0625,
      0.0625,
      0.25,
      0.0625,
      0.1111111119389534,
      0.25,
      0.03999999910593033,
      0.25
    ],
    [
      0.0625,
      0.25,
      0.03999999910593033,
      0.0625,
      1,
      0.1111111119389534,
      0.25,
      1,
      1,
      0.25,
      0.1111111119389534,
      0.0625,
      0.25,
      0.03999999910593033,
      0.25,
      1,
      0.25,
      0.1111111119389534,
      0.1111111119389534,
      1,
      0.1111111119389534,
      0.25,
      0.1111111119389534,
      0.0625,
      0.1111111119389534
    ],
    [
      0.0625,
      0.0625,
      0.03999999910593033,
      0.02777777798473835,
      0.1111111119389534,
      0.1111111119389534,
      0.0625,
      1,
      0.25,
      1,
      0.03999999910593033,
      0.0625,
      0.25,
      0.020408162847161293,
      0.25,
      0.1111111119389534,
      0.25,
      0.03999999910593033,
      0.1111111119389534,
      1,
      0.03999999910593033,
      0.0625,
      1,
      0.02777777798473835,
      0.1111111119389534
    ],
    [
      0.03999999910593033,
      1,
      0.02777777798473835,
      0.1111111119389534,
      0.25,
      0.0625,
      0.1111111119389534,
      0.0625,
      0.1111111119389534,
      0.03999999910593033,
      1,
      0.03999999910593033,
      0.03999999910593033,
      0.25,
      0.1111111119389534,
      0.25,
      0.1111111119389534,
      0.25,
      0.25,
      0.0625,
      0.0625,
      1,
      0.02777777798473835,
      1,
      0.0625
    ],
    [
      0.25,
      0.0625,
      1,
      0.25,
      0.1111111119389534,
      1,
      0.25,
      0.1111111119389534,
      0.0625,
      0.0625,
      0.03999999910593033,
      1,
      0.0625,
      0.1111111119389534,
      0.25,
      0.03999999910593033,
      0.02777777798473835,
      0.1111111119389534,
      0.020408162847161293,
      0.03999999910593033,
      1,
      0.02777777798473835,
      0.03999999910593033,
      0.0625,
      0.1111111119389534
    ],
    [
      0.25,
      0.0625,
      0.1111111119389534,
      0.02777777798473835,
      0.1111111119389534,
      0.1111111119389534,
      0.0625,
      1,
      0.25,
      0.25,
      0.03999999910593033,
      0.0625,
      1,
      0.020408162847161293,
      0.25,
      0.1111111119389534,
      0.0625,
      0.03999999910593033,
      0.03999999910593033,
      0.1111111119389534,
      0.03999999910593033,
      0.0625,
      1,
      0.02777777798473835,
      1
    ],
    [
      0.03999999910593033,
      0.1111111119389534,
      0.0625,
      1,
      0.0625,
      0.0625,
      0.1111111119389534,
      0.02777777798473835,
      0.03999999910593033,
      0.020408162847161293,
      0.25,
      0.1111111119389534,
      0.020408162847161293,
      1,
      0.03999999910593033,
      0.0625,
      0.03999999910593033,
      0.25,
      0.0625,
      0.02777777798473835,
      0.25,
      0.1111111119389534,
      0.015625,
      1,
      0.02777777798473835
    ],
    [
      0.25,
      0.25,
      0.1111111119389534,
      0.0625,
      1,
      1,
      0.25,
      1,
      0.25,
      0.25,
      0.1111111119389534,
      0.25,
      0.25,
      0.03999999910593033,
      1,
      0.1111111119389534,
      0.0625,
      0.1111111119389534,
      0.03999999910593033,
      0.1111111119389534,
      0.1111111119389534,
      0.0625,
      0.1111111119389534,
      0.0625,
      1
    ],
    [
      0.03999999910593033,
      1,
      0.02777777798473835,
      0.1111111119389534,
      0.25,
      0.0625,
      0.1111111119389534,
      0.25,
      1,
      0.1111111119389534,
      0.25,
      0.03999999910593033,
      0.1111111119389534,
      0.0625,
      0.1111111119389534,
      1,
      1,
      0.25,
      0.25,
      0.25,
      0.0625,
      1,
      0.0625,
      0.1111111119389534,
      0.0625
    ],
    [
      0.02777777798473835,
      0.25,
      0.020408162847161293,
      0.0625,
      0.1111111119389534,
      0.03999999910593033,
      0.0625,
      0.1111111119389534,
      0.25,
      0.25,
      0.1111111119389534,
      0.02777777798473835,
      0.0625,
      0.03999999910593033,
      0.0625,
      1,
      1,
      0.1111111119389534,
      1,
      1,
      0.03999999910593033,
      0.25,
      0.1111111119389534,
      0.0625,
      0.03999999910593033
    ],
    [
      0.1111111119389534,
      1,
      0.0625,
      1,
      0.25,
      0.25,
      1,
      0.0625,
      0.1111111119389534,
      0.03999999910593033,
      0.25,
      0.1111111119389534,
      0.03999999910593033,
      0.25,
      0.1111111119389534,
      0.25,
      0.1111111119389534,
      1,
      0.0625,
      0.0625,
      0.25,
      0.1111111119389534,
      0.02777777798473835,
      1,
      0.0625
    ],
    [
      0.020408162847161293,
      0.1111111119389534,
      0.015625,
      0.03999999910593033,
      0.0625,
      0.02777777798473835,
      0.03999999910593033,
      0.0625,
      0.1111111119389534,
      0.1111111119389534,
      0.25,
      0.020408162847161293,
      0.03999999910593033,
      0.0625,
      0.03999999910593033,
      0.25,
      1,
      0.0625,
      1,
      0.25,
      0.02777777798473835,
      1,
      0.0625,
      0.1111111119389534,
      0.02777777798473835
    ],
    [
      0.03999999910593033,
      0.1111111119389534,
      0.02777777798473835,
      0.03999999910593033,
      0.25,
      0.0625,
      0.1111111119389534,
      0.25,
      1,
      1,
      0.0625,
      0.03999999910593033,
      0.1111111119389534,
      0.02777777798473835,
      0.1111111119389534,
      0.25,
      1,
      0.0625,
      0.25,
      1,
      0.0625,
      0.1111111119389534,
      0.25,
      0.03999999910593033,
      0.0625
    ],
    [
      0.1111111119389534,
      0.1111111119389534,
      0.25,
      1,
      0.25,
      0.25,
      1,
      0.0625,
      0.1111111119389534,
      0.03999999910593033,
      0.0625,
      1,
      0.03999999910593033,
      0.25,
      0.1111111119389534,
      0.0625,
      0.03999999910593033,
      0.25,
      0.02777777798473835,
      0.0625,
      1,
      0.03999999910593033,
      0.02777777798473835,
      0.1111111119389534,
      0.0625
    ],
    [
      0.02777777798473835,
      0.25,
      0.020408162847161293,
      0.0625,
      0.1111111119389534,
      0.03999999910593033,
      0.0625,
      0.1111111119389534,
      0.25,
      0.0625,
      1,
      0.02777777798473835,
      0.0625,
      0.1111111119389534,
      0.0625,
      1,
      0.25,
      0.1111111119389534,
      1,
      0.1111111119389534,
      0.03999999910593033,
      1,
      0.03999999910593033,
      0.25,
      0.03999999910593033
    ],
    [
      0.1111111119389534,
      0.03999999910593033,
      0.0625,
      0.020408162847161293,
      0.0625,
      0.0625,
      0.03999999910593033,
      0.25,
      0.1111111119389534,
      1,
      0.02777777798473835,
      0.03999999910593033,
      1,
      0.015625,
      0.1111111119389534,
      0.0625,
      0.1111111119389534,
      0.02777777798473835,
      0.0625,
      0.25,
      0.02777777798473835,
      0.03999999910593033,
      1,
      0.020408162847161293,
      0.25
    ],
    [
      0.0625,
      0.25,
      0.03999999910593033,
      0.25,
      0.1111111119389534,
      0.1111111119389534,
      0.25,
      0.03999999910593033,
      0.0625,
      0.02777777798473835,
      1,
      0.0625,
      0.02777777798473835,
      1,
      0.0625,
      0.1111111119389534,
      0.0625,
      1,
      0.1111111119389534,
      0.03999999910593033,
      0.1111111119389534,
      0.25,
      0.020408162847161293,
      1,
      0.03999999910593033
    ],
    [
      1,
      0.1111111119389534,
      0.25,
      0.03999999910593033,
      0.25,
      0.25,
      0.1111111119389534,
      0.25,
      0.1111111119389534,
      0.1111111119389534,
      0.0625,
      0.1111111119389534,
      1,
      0.02777777798473835,
      1,
      0.0625,
      0.03999999910593033,
      0.0625,
      0.02777777798473835,
      0.0625,
      0.0625,
      0.03999999910593033,
      0.25,
      0.03999999910593033,
      1
    ]
  ]
}