{
  "nodes": [
    {
      "index": 0,
      "id": 0,
      "x": 0.001785870874300599,
      "y": 0.002033946570008993
    },
    {
      "index": 1,
      "id": 1,
      "x": -1.0497146844863892,
      "y": 0.5331902503967285
    },
    {
      "index": 2,
      "id": 2,
      "x": 1.051406979560852,
      "y": -0.5335968732833862
    },
    {
      "index": 3,
      "id": 3,
      "x": -1.205094337463379,
      "y": 1.7138856649398804
    },
    {
      "index": 4,
      "id": 4,
      "x": -2.0951881408691406,
      "y": -0.03746068850159645
    },
    {
      "index": 5,
      "id": 5,
      "x": 1.2058436870574951,
      "y": -1.7139356136322021
    },
    {
      "index": 6,
      "id": 6,
      "x": 2.0966498851776123,
      "y": 0.038565732538700104
    },
    {
      "index": 7,
      "id": 7,
      "x": -0.7764440178871155,
      "y": 2.744022846221924
    },
    {
      "index": 8,
      "id": 8,
      "x": -2.0695629119873047,
      "y": 2.424774408340454
    },
    {
      "index": 9,
      "id": 9,
      "x": -3.180148124694824,
      "y": 0.23903433978557587
    },
    {
      "index": 10,
      "id": 10,
      "x": -2.670644760131836,
      "y": -0.9932096004486084
    },
    {
      "index": 11,
      "id": 11,
      "x": 2.0645735263824463,
      "y": -2.4305787086486816
    },
    {
      "index": 12,
      "id": 12,
      "x": 0.771684467792511,
      "y": -2.7416813373565674
    },
    {
      "index": 13,
      "id": 13,
      "x": 2.6705663204193115,
      "y": 0.9932246208190918
    },
    {
      "index": 14,
      "id": 14,
      "x": 3.1826984882354736,
      "y": -0.23726370930671692
    }
  ],
  "edges": [
    {
      "source": 0,
      "target": 1
    },
    {
      "source": 0,
      "target": 2
    },
    {
      "source": 1,
      "target": 3
    },
    {
      "source": 1,
      "target": 4
    },
    {
      "source": 2,
      "target": 5
    },
    {
      "source": 2,
      "target": 6
    },
    {
      "source": 3,
      "target": 8
    },
    {
      "source": 3,
      "target": 7
    },
    {
      "source": 4,
      "target": 10
    },
    {
      "source": 4,
      "target": 9
    },
    {
      "source": 5,
      "target": 11
    },
    {
      "source": 5,
      "target": 12
    },
    {
      "source": 6,
      "target": 13
    },
    {
      "source": 6,
      "target": 14
    }
  ],
  "coef": {
    "stress": 1,
    "crossing_angle": 0,
    "neighbor": 0,
    "edge_uniformity": 0,
    "crossing_number": 0,
    "angular_resolution": 0,
    "vertex_resolution": 0,
    "gabriel": 0,
    "aspect_ratio": 0
  },
  "optimizer": {
    "lr": 0.3870292672675483,
    "momentum": 0.68
  },
  "graphDistance": [
    [
      0,
      1,
      1,
      2,
      2,
      2,
      2,
      3,
      3,
      3,
      3,
      3,
      3,
      3,
      3
    ],
    [
      1,
      0,
      2,
      1,
      1,
      3,
      3,
      2,
      2,
      2,
      2,
      4,
      4,
      4,
      4
    ],
    [
      1,
      2,
      0,
      3,
      3,
      1,
      1,
      4,
      4,
      4,
      4,
      2,
      2,
      2,
      2
    ],
    [
      2,
      1,
      3,
      0,
      2,
      4,
      4,
      1,
      1,
      3,
      3,
      5,
      5,
      5,
      5
    ],
    [
      2,
      1,
      3,
      2,
      0,
      4,
      4,
      3,
      3,
      1,
      1,
      5,
      5,
      5,
      5
    ],
    [
      2,
      3,
      1,
      4,
      4,
      0,
      2,
      5,
      5,
      5,
      5,
      1,
      1,
      3,
      3
    ],
    [
      2,
      3,
      1,
      4,
      4,
      2,
      0,
      5,
      5,
      5,
      5,
      3,
      3,
      1,
      1
    ],
    [
      3,
      2,
      4,
      1,
      3,
      5,
      5,
      0,
      2,
      4,
      4,
      6,
      6,
      6,
      6
    ],
    [
      3,
      2,
      4,
      1,
      3,
      5,
      5,
      2,
      0,
      4,
      4,
      6,
      6,
      6,
      6
    ],
    [
      3,
      2,
      4,
      3,
      1,
      5,
      5,
      4,
      4,
      0,
      2,
      6,
      6,
      6,
      6
    ],
    [
      3,
      2,
      4,
      3,
      1,
      5,
      5,
      4,
      4,
      2,
      0,
      6,
      6,
      6,
      6
    ],
    [
      3,
      4,
      2,
      5,
      5,
      1,
      3,
      6,
      6,
      6,
      6,
      0,
      2,
      4,
      4
    ],
    [
      3,
      4,
      2,
      5,
      5,
      1,
      3,
      6,
      6,
      6,
      6,
      2,
      0,
      4,
      4
    ],
    [
      3,
      4,
      2,
      5,
      5,
      3,
      1,
      6,
      6,
      6,
      6,
      4,
      4,
      0,
      2
    ],
    [
      3,
      4,
      2,
      5,
      5,
      3,
      1,
      6,
      6,
      6,
      6,
      4,
      4,
      2,
      0
    ]
  ],
  "weight": [
    [
      1,
      1,
      1,
      0.25,
      0.25,
      0.25,
      0.25,
      0.1111111119389534,
      0.1111111119389534,
      0.1111111119389534,
      0.1111111119389534,
      0.1111111119389534,
      0.1111111119389534,
      0.1111111119389534,
      0.1111111119389534
    ],
    [
      1,
      1,
      0.25,
      1,
      1,
      0.1111111119389534,
      0.1111111119389534,
      0.25,
      0.25,
      0.25,
      0.25,
      0.0625,
      0.0625,
      0.0625,
      0.0625
    ],
    [
      1,
      0.25,
      1,
      0.1111111119389534,
      0.1111111119389534,
      1,
      1,
      0.0625,
      0.0625,
      0.0625,
      0.0625,
      0.25,
      0.25,
      0.25,
      0.25
    ],
    [
      0.25,
      1,
      0.1111111119389534,
      1,
      0.25,
      0.0625,
      0.0625,
      1,
      1,
      0.1111111119389534,
      0.1111111119389534,
      0.03999999910593033,
      0.03999999910593033,
      0.03999999910593033,
      0.03999999910593033
    ],
    [
      0.25,
      1,
      0.1111111119389534,
      0.25,
      1,
      0.0625,
      0.0625,
      0.1111111119389534,
      0.1111111119389534,
      1,
      1,
      0.03999999910593033,
      0.03999999910593033,
      0.03999999910593033,
      0.03999999910593033
    ],
    [
      0.25,
      0.1111111119389534,
      1,
      0.0625,
      0.0625,
      1,
      0.25,
      0.03999999910593033,
      0.03999999910593033,
      0.03999999910593033,
      0.03999999910593033,
      1,
      1,
      0.1111111119389534,
      0.1111111119389534
    ],
    [
      0.25,
      0.1111111119389534,
      1,
      0.0625,
      0.0625,
      0.25,
      1,
      0.03999999910593033,
      0.03999999910593033,
      0.03999999910593033,
      0.03999999910593033,
      0.1111111119389534,
      0.1111111119389534,
      1,
      1
    ],
    [
      0.1111111119389534,
      0.25,
      0.0625,
      1,
      0.1111111119389534,
      0.03999999910593033,
      0.03999999910593033,
      1,
      0.25,
      0.0625,
      0.0625,
      0.02777777798473835,
      0.02777777798473835,
      0.02777777798473835,
      0.02777777798473835
    ],
    [
      0.1111111119389534,
      0.25,
      0.0625,
      1,
      0.1111111119389534,
      0.03999999910593033,
      0.03999999910593033,
      0.25,
      1,
      0.0625,
      0.0625,
      0.02777777798473835,
      0.02777777798473835,
      0.02777777798473835,
      0.02777777798473835
    ],
    [
      0.1111111119389534,
      0.25,
      0.0625,
      0.1111111119389534,
      1,
      0.03999999910593033,
      0.03999999910593033,
      0.0625,
      0.0625,
      1,
      0.25,
      0.02777777798473835,
      0.02777777798473835,
      0.02777777798473835,
      0.02777777798473835
    ],
    [
      0.1111111119389534,
      0.25,
      0.0625,
      0.1111111119389534,
      1,
      0.03999999910593033,
      0.03999999910593033,
      0.0625,
      0.0625,
      0.25,
      1,
      0.02777777798473835,
      0.02777777798473835,
      0.02777777798473835,
      0.02777777798473835
    ],
    [
      0.1111111119389534,
      0.0625,
      0.25,
      0.03999999910593033,
      0.03999999910593033,
      1,
      0.1111111119389534,
      0.02777777798473835,
      0.02777777798473835,
      0.02777777798473835,
      0.02777777798473835,
      1,
      0.25,
      0.0625,
      0.0625
    ],
    [
      0.1111111119389534,
      0.0625,
      0.25,
      0.03999999910593033,
      0.03999999910593033,
      1,
      0.1111111119389534,
      0.02777777798473835,
      0.02777777798473835,
      0.02777777798473835,
      0.02777777798473835,
      0.25,
      1,
      0.0625,
      0.0625
    ],
    [
      0.1111111119389534,
      0.0625,
      0.25,
      0.03999999910593033,
      0.03999999910593033,
      0.1111111119389534,
      1,
      0.02777777798473835,
      0.02777777798473835,
      0.02777777798473835,
      0.02777777798473835,
      0.0625,
      0.0625,
      1,
      0.25
    ],
    [
      0.1111111119389534,
      0.0625,
      0.25,
      0.03999999910593033,
      0.03999999910593033,
      0.1111111119389534,
      1,
      0.02777777798473835,
      0.02777777798473835,
      0.02777777798473835,
      0.02777777798473835,
      0.0625,
      0.0625,
      0.25,
      1
    ]
  ]
}