{
  "nodes": [
    {
      "index": 0,
      "id": "0",
      "x": 0.6259220838546753,
      "y": 0.898042619228363
    },
    {
      "index": 1,
      "id": "1",
      "x": 0.6925303936004639,
      "y": 1.8408682346343994
    },
    {
      "index": 2,
      "id": "2",
      "x": 1.0939604043960571,
      "y": 2.0995023250579834
    },
    {
      "index": 3,
      "id": "3",
      "x": 1.5912176370620728,
      "y": 1.7529003620147705
    },
    {
      "index": 4,
      "id": "4",
      "x": 1.4873884916305542,
      "y": 1.2868056297302246
    },
    {
      "index": 5,
      "id": "5",
      "x": -0.6606959700584412,
      "y": 0.8727896213531494
    },
    {
      "index": 6,
      "id": "6",
      "x": -1.5371736288070679,
      "y": 1.2274925708770752
    },
    {
      "index": 7,
      "id": "7",
      "x": -1.6584564447402954,
      "y": 1.6894645690917969
    },
    {
      "index": 8,
      "id": "8",
      "x": -1.1750884056091309,
      "y": 2.0551700592041016
    },
    {
      "index": 9,
      "id": "9",
      "x": -0.7643076181411743,
      "y": 1.811859369277954
    },
    {
      "index": 10,
      "id": "10",
      "x": -1.0342307090759277,
      "y": -0.35862353444099426
    },
    {
      "index": 11,
      "id": "11",
      "x": -1.9595474004745483,
      "y": -0.16696378588676453
    },
    {
      "index": 12,
      "id": "12",
      "x": -2.317742109298706,
      "y": -0.4826468825340271
    },
    {
      "index": 13,
      "id": "13",
      "x": -1.6423474550247192,
      "y": -1.0821858644485474
    },
    {
      "index": 14,
      "id": "14",
      "x": -2.1191091537475586,
      "y": -1.0556018352508545
    },
    {
      "index": 15,
      "id": "15",
      "x": 0.021458379924297333,
      "y": -1.094440221786499
    },
    {
      "index": 16,
      "id": "16",
      "x": 0.5215606689453125,
      "y": -1.8962690830230713
    },
    {
      "index": 17,
      "id": "17",
      "x": -0.44692835211753845,
      "y": -1.9153696298599243
    },
    {
      "index": 18,
      "id": "18",
      "x": 0.34924522042274475,
      "y": -2.3415560722351074
    },
    {
      "index": 19,
      "id": "19",
      "x": -0.25700509548187256,
      "y": -2.353476047515869
    },
    {
      "index": 20,
      "id": "20",
      "x": 1.0474838018417358,
      "y": -0.3178071677684784
    },
    {
      "index": 21,
      "id": "21",
      "x": 1.6836086511611938,
      "y": -1.0171890258789062
    },
    {
      "index": 22,
      "id": "22",
      "x": 2.1589787006378174,
      "y": -0.9714732766151428
    },
    {
      "index": 23,
      "id": "23",
      "x": 1.9643800258636475,
      "y": -0.09012935310602188
    },
    {
      "index": 24,
      "id": "24",
      "x": 2.334900140762329,
      "y": -0.39115625619888306
    }
  ],
  "edges": [
    {
      "source": "0",
      "target": "1"
    },
    {
      "source": "0",
      "target": "2"
    },
    {
      "source": "0",
      "target": "3"
    },
    {
      "source": "0",
      "target": "4"
    },
    {
      "source": "0",
      "target": "5"
    },
    {
      "source": "0",
      "target": "20"
    },
    {
      "source": "1",
      "target": "2"
    },
    {
      "source": "1",
      "target": "3"
    },
    {
      "source": "1",
      "target": "4"
    },
    {
      "source": "2",
      "target": "3"
    },
    {
      "source": "2",
      "target": "4"
    },
    {
      "source": "3",
      "target": "4"
    },
    {
      "source": "5",
      "target": "6"
    },
    {
      "source": "5",
      "target": "7"
    },
    {
      "source": "5",
      "target": "8"
    },
    {
      "source": "5",
      "target": "9"
    },
    {
      "source": "5",
      "target": "10"
    },
    {
      "source": "6",
      "target": "7"
    },
    {
      "source": "6",
      "target": "8"
    },
    {
      "source": "6",
      "target": "9"
    },
    {
      "source": "7",
      "target": "8"
    },
    {
      "source": "7",
      "target": "9"
    },
    {
      "source": "8",
      "target": "9"
    },
    {
      "source": "10",
      "target": "11"
    },
    {
      "source": "10",
      "target": "12"
    },
    {
      "source": "10",
      "target": "13"
    },
    {
      "source": "10",
      "target": "14"
    },
    {
      "source": "10",
      "target": "15"
    },
    {
      "source": "11",
      "target": "12"
    },
    {
      "source": "11",
      "target": "13"
    },
    {
      "source": "11",
      "target": "14"
    },
    {
      "source": "12",
      "target": "13"
    },
    {
      "source": "12",
      "target": "14"
    },
    {
      "source": "13",
      "target": "14"
    },
    {
      "source": "15",
      "target": "16"
    },
    {
      "source": "15",
      "target": "17"
    },
    {
      "source": "15",
      "target": "18"
    },
    {
      "source": "15",
      "target": "19"
    },
    {
      "source": "15",
      "target": "20"
    },
    {
      "source": "16",
      "target": "17"
    },
    {
      "source": "16",
      "target": "18"
    },
    {
      "source": "16",
      "target": "19"
    },
    {
      "source": "17",
      "target": "18"
    },
    {
      "source": "17",
      "target": "19"
    },
    {
      "source": "18",
      "target": "19"
    },
    {
      "source": "20",
      "target": "21"
    },
    {
      "source": "20",
      "target": "22"
    },
    {
      "source": "20",
      "target": "23"
    },
    {
      "source": "20",
      "target": "24"
    },
    {
      "source": "21",
      "target": "22"
    },
    {
      "source": "21",
      "target": "23"
    },
    {
      "source": "21",
      "target": "24"
    },
    {
      "source": "22",
      "target": "23"
    },
    {
      "source": "22",
      "target": "24"
    },
    {
      "source": "23",
      "target": "24"
    }
  ],
  "coef": {
    "stress": 0.31,
    "crossing_angle": 0,
    "neighbor": 0,
    "edge_uniformity": 0,
    "crossing_number": 0,
    "angular_resolution": 0,
    "vertex_resolution": 0,
    "gabriel": 0.3,
    "aspect_ratio": 0
  },
  "optimizer": {
    "lr": 0.22840783498180192,
    "momentum": 0.5
  },
  "graphDistance": [
    [
      0,
      1,
      1,
      1,
      1,
      1,
      2,
      2,
      2,
      2,
      2,
      3,
      3,
      3,
      3,
      2,
      3,
      3,
      3,
      3,
      1,
      2,
      2,
      2,
      2
    ],
    [
      1,
      0,
      1,
      1,
      1,
      2,
      3,
      3,
      3,
      3,
      3,
      4,
      4,
      4,
      4,
      3,
      4,
      4,
      4,
      4,
      2,
      3,
      3,
      3,
      3
    ],
    [
      1,
      1,
      0,
      1,
      1,
      2,
      3,
      3,
      3,
      3,
      3,
      4,
      4,
      4,
      4,
      3,
      4,
      4,
      4,
      4,
      2,
      3,
      3,
      3,
      3
    ],
    [
      1,
      1,
      1,
      0,
      1,
      2,
      3,
      3,
      3,
      3,
      3,
      4,
      4,
      4,
      4,
      3,
      4,
      4,
      4,
      4,
      2,
      3,
      3,
      3,
      3
    ],
    [
      1,
      1,
      1,
      1,
      0,
      2,
      3,
      3,
      3,
      3,
      3,
      4,
      4,
      4,
      4,
      3,
      4,
      4,
      4,
      4,
      2,
      3,
      3,
      3,
      3
    ],
    [
      1,
      2,
      2,
      2,
      2,
      0,
      1,
      1,
      1,
      1,
      1,
      2,
      2,
      2,
      2,
      2,
      3,
      3,
      3,
      3,
      2,
      3,
      3,
      3,
      3
    ],
    [
      2,
      3,
      3,
      3,
      3,
      1,
      0,
      1,
      1,
      1,
      2,
      3,
      3,
      3,
      3,
      3,
      4,
      4,
      4,
      4,
      3,
      4,
      4,
      4,
      4
    ],
    [
      2,
      3,
      3,
      3,
      3,
      1,
      1,
      0,
      1,
      1,
      2,
      3,
      3,
      3,
      3,
      3,
      4,
      4,
      4,
      4,
      3,
      4,
      4,
      4,
      4
    ],
    [
      2,
      3,
      3,
      3,
      3,
      1,
      1,
      1,
      0,
      1,
      2,
      3,
      3,
      3,
      3,
      3,
      4,
      4,
      4,
      4,
      3,
      4,
      4,
      4,
      4
    ],
    [
      2,
      3,
      3,
      3,
      3,
      1,
      1,
      1,
      1,
      0,
      2,
      3,
      3,
      3,
      3,
      3,
      4,
      4,
      4,
      4,
      3,
      4,
      4,
      4,
      4
    ],
    [
      2,
      3,
      3,
      3,
      3,
      1,
      2,
      2,
      2,
      2,
      0,
      1,
      1,
      1,
      1,
      1,
      2,
      2,
      2,
      2,
      2,
      3,
      3,
      3,
      3
    ],
    [
      3,
      4,
      4,
      4,
      4,
      2,
      3,
      3,
      3,
      3,
      1,
      0,
      1,
      1,
      1,
      2,
      3,
      3,
      3,
      3,
      3,
      4,
      4,
      4,
      4
    ],
    [
      3,
      4,
      4,
      4,
      4,
      2,
      3,
      3,
      3,
      3,
      1,
      1,
      0,
      1,
      1,
      2,
      3,
      3,
      3,
      3,
      3,
      4,
      4,
      4,
      4
    ],
    [
      3,
      4,
      4,
      4,
      4,
      2,
      3,
      3,
      3,
      3,
      1,
      1,
      1,
      0,
      1,
      2,
      3,
      3,
      3,
      3,
      3,
      4,
      4,
      4,
      4
    ],
    [
      3,
      4,
      4,
      4,
      4,
      2,
      3,
      3,
      3,
      3,
      1,
      1,
      1,
      1,
      0,
      2,
      3,
      3,
      3,
      3,
      3,
      4,
      4,
      4,
      4
    ],
    [
      2,
      3,
      3,
      3,
      3,
      2,
      3,
      3,
      3,
      3,
      1,
      2,
      2,
      2,
      2,
      0,
      1,
      1,
      1,
      1,
      1,
      2,
      2,
      2,
      2
    ],
    [
      3,
      4,
      4,
      4,
      4,
      3,
      4,
      4,
      4,
      4,
      2,
      3,
      3,
      3,
      3,
      1,
      0,
      1,
      1,
      1,
      2,
      3,
      3,
      3,
      3
    ],
    [
      3,
      4,
      4,
      4,
      4,
      3,
      4,
      4,
      4,
      4,
      2,
      3,
      3,
      3,
      3,
      1,
      1,
      0,
      1,
      1,
      2,
      3,
      3,
      3,
      3
    ],
    [
      3,
      4,
      4,
      4,
      4,
      3,
      4,
      4,
      4,
      4,
      2,
      3,
      3,
      3,
      3,
      1,
      1,
      1,
      0,
      1,
      2,
      3,
      3,
      3,
      3
    ],
    [
      3,
      4,
      4,
      4,
      4,
      3,
      4,
      4,
      4,
      4,
      2,
      3,
      3,
      3,
      3,
      1,
      1,
      1,
      1,
      0,
      2,
      3,
      3,
      3,
      3
    ],
    [
      1,
      2,
      2,
      2,
      2,
      2,
      3,
      3,
      3,
      3,
      2,
      3,
      3,
      3,
      3,
      1,
      2,
      2,
      2,
      2,
      0,
      1,
      1,
      1,
      1
    ],
    [
      2,
      3,
      3,
      3,
      3,
      3,
      4,
      4,
      4,
      4,
      3,
      4,
      4,
      4,
      4,
      2,
      3,
      3,
      3,
      3,
      1,
      0,
      1,
      1,
      1
    ],
    [
      2,
      3,
      3,
      3,
      3,
      3,
      4,
      4,
      4,
      4,
      3,
      4,
      4,
      4,
      4,
      2,
      3,
      3,
      3,
      3,
      1,
      1,
      0,
      1,
      1
    ],
    [
      2,
      3,
      3,
      3,
      3,
      3,
      4,
      4,
      4,
      4,
      3,
      4,
      4,
      4,
      4,
      2,
      3,
      3,
      3,
      3,
      1,
      1,
      1,
      0,
      1
    ],
    [
      2,
      3,
      3,
      3,
      3,
      3,
      4,
      4,
      4,
      4,
      3,
      4,
      4,
      4,
      4,
      2,
      3,
      3,
      3,
      3,
      1,
      1,
      1,
      1,
      0
    ]
  ],
  "weight": [
    [
      1,
      1,
      1,
      1,
      1,
      1,
      0.25,
      0.25,
      0.25,
      0.25,
      0.25,
      0.1111111119389534,
      0.1111111119389534,
      0.1111111119389534,
      0.1111111119389534,
      0.25,
      0.1111111119389534,
      0.1111111119389534,
      0.1111111119389534,
      0.1111111119389534,
      1,
      0.25,
      0.25,
      0.25,
      0.25
    ],
    [
      1,
      1,
      1,
      1,
      1,
      0.25,
      0.1111111119389534,
      0.1111111119389534,
      0.1111111119389534,
      0.1111111119389534,
      0.1111111119389534,
      0.0625,
      0.0625,
      0.0625,
      0.0625,
      0.1111111119389534,
      0.0625,
      0.0625,
      0.0625,
      0.0625,
      0.25,
      0.1111111119389534,
      0.1111111119389534,
      0.1111111119389534,
      0.1111111119389534
    ],
    [
      1,
      1,
      1,
      1,
      1,
      0.25,
      0.1111111119389534,
      0.1111111119389534,
      0.1111111119389534,
      0.1111111119389534,
      0.1111111119389534,
      0.0625,
      0.0625,
      0.0625,
      0.0625,
      0.1111111119389534,
      0.0625,
      0.0625,
      0.0625,
      0.0625,
      0.25,
      0.1111111119389534,
      0.1111111119389534,
      0.1111111119389534,
      0.1111111119389534
    ],
    [
      1,
      1,
      1,
      1,
      1,
      0.25,
      0.1111111119389534,
      0.1111111119389534,
      0.1111111119389534,
      0.1111111119389534,
      0.1111111119389534,
      0.0625,
      0.0625,
      0.0625,
      0.0625,
      0.1111111119389534,
      0.0625,
      0.0625,
      0.0625,
      0.0625,
      0.25,
      0.1111111119389534,
      0.1111111119389534,
      0.1111111119389534,
      0.1111111119389534
    ],
    [
      1,
      1,
      1,
      1,
      1,
      0.25,
      0.1111111119389534,
      0.1111111119389534,
      0.1111111119389534,
      0.1111111119389534,
      0.1111111119389534,
      0.0625,
      0.0625,
      0.0625,
      0.0625,
      0.1111111119389534,
      0.0625,
      0.0625,
      0.0625,
      0.0625,
      0.25,
      0.1111111119389534,
      0.1111111119389534,
      0.1111111119389534,
      0.1111111119389534
    ],
    [
      1,
      0.25,
      0.25,
      0.25,
      0.25,
      1,
      1,
      1,
      1,
      1,
      1,
      0.25,
      0.25,
      0.25,
      0.25,
      0.25,
      0.1111111119389534,
      0.1111111119389534,
      0.1111111119389534,
      0.1111111119389534,
      0.25,
      0.1111111119389534,
      0.1111111119389534,
      0.1111111119389534,
      0.1111111119389534
    ],
    [
      0.25,
      0.1111111119389534,
      0.1111111119389534,
      0.1111111119389534,
      0.1111111119389534,
      1,
      1,
      1,
      1,
      1,
      0.25,
      0.1111111119389534,
      0.1111111119389534,
      0.1111111119389534,
      0.1111111119389534,
      0.1111111119389534,
      0.0625,
      0.0625,
      0.0625,
      0.0625,
      0.1111111119389534,
      0.0625,
      0.0625,
      0.0625,
      0.0625
    ],
    [
      0.25,
      0.1111111119389534,
      0.1111111119389534,
      0.1111111119389534,
      0.1111111119389534,
      1,
      1,
      1,
      1,
      1,
      0.25,
      0.1111111119389534,
      0.1111111119389534,
      0.1111111119389534,
      0.1111111119389534,
      0.1111111119389534,
      0.0625,
      0.0625,
      0.0625,
      0.0625,
      0.1111111119389534,
      0.0625,
      0.0625,
      0.0625,
      0.0625
    ],
    [
      0.25,
      0.1111111119389534,
      0.1111111119389534,
      0.1111111119389534,
      0.1111111119389534,
      1,
      1,
      1,
      1,
      1,
      0.25,
      0.1111111119389534,
      0.1111111119389534,
      0.1111111119389534,
      0.1111111119389534,
      0.1111111119389534,
      0.0625,
      0.0625,
      0.0625,
      0.0625,
      0.1111111119389534,
      0.0625,
      0.0625,
      0.0625,
      0.0625
    ],
    [
      0.25,
      0.1111111119389534,
      0.1111111119389534,
      0.1111111119389534,
      0.1111111119389534,
      1,
      1,
      1,
      1,
      1,
      0.25,
      0.1111111119389534,
      0.1111111119389534,
      0.1111111119389534,
      0.1111111119389534,
      0.1111111119389534,
      0.0625,
      0.0625,
      0.0625,
      0.0625,
      0.1111111119389534,
      0.0625,
      0.0625,
      0.0625,
      0.0625
    ],
    [
      0.25,
      0.1111111119389534,
      0.1111111119389534,
      0.1111111119389534,
      0.1111111119389534,
      1,
      0.25,
      0.25,
      0.25,
      0.25,
      1,
      1,
      1,
      1,
      1,
      1,
      0.25,
      0.25,
      0.25,
      0.25,
      0.25,
      0.1111111119389534,
      0.1111111119389534,
      0.1111111119389534,
      0.1111111119389534
    ],
    [
      0.1111111119389534,
      0.0625,
      0.0625,
      0.0625,
      0.0625,
      0.25,
      0.1111111119389534,
      0.1111111119389534,
      0.1111111119389534,
      0.1111111119389534,
      1,
      1,
      1,
      1,
      1,
      0.25,
      0.1111111119389534,
      0.1111111119389534,
      0.1111111119389534,
      0.1111111119389534,
      0.1111111119389534,
      0.0625,
      0.0625,
      0.0625,
      0.0625
    ],
    [
      0.1111111119389534,
      0.0625,
      0.0625,
      0.0625,
      0.0625,
      0.25,
      0.1111111119389534,
      0.1111111119389534,
      0.1111111119389534,
      0.1111111119389534,
      1,
      1,
      1,
      1,
      1,
      0.25,
      0.1111111119389534,
      0.1111111119389534,
      0.1111111119389534,
      0.1111111119389534,
      0.1111111119389534,
      0.0625,
      0.0625,
      0.0625,
      0.0625
    ],
    [
      0.1111111119389534,
      0.0625,
      0.0625,
      0.0625,
      0.0625,
      0.25,
      0.1111111119389534,
      0.1111111119389534,
      0.1111111119389534,
      0.1111111119389534,
      1,
      1,
      1,
      1,
      1,
      0.25,
      0.1111111119389534,
      0.1111111119389534,
      0.1111111119389534,
      0.1111111119389534,
      0.1111111119389534,
      0.0625,
      0.0625,
      0.0625,
      0.0625
    ],
    [
      0.1111111119389534,
      0.0625,
      0.0625,
      0.0625,
      0.0625,
      0.25,
      0.1111111119389534,
      0.1111111119389534,
      0.1111111119389534,
      0.1111111119389534,
      1,
      1,
      1,
      1,
      1,
      0.25,
      0.1111111119389534,
      0.1111111119389534,
      0.1111111119389534,
      0.1111111119389534,
      0.1111111119389534,
      0.0625,
      0.0625,
      0.0625,
      0.0625
    ],
    [
      0.25,
      0.1111111119389534,
      0.1111111119389534,
      0.1111111119389534,
      0.1111111119389534,
      0.25,
      0.1111111119389534,
      0.1111111119389534,
      0.1111111119389534,
      0.1111111119389534,
      1,
      0.25,
      0.25,
      0.25,
      0.25,
      1,
      1,
      1,
      1,
      1,
      1,
      0.25,
      0.25,
      0.25,
      0.25
    ],
    [
      0.1111111119389534,
      0.0625,
      0.0625,
      0.0625,
      0.0625,
      0.1111111119389534,
      0.0625,
      0.0625,
      0.0625,
      0.0625,
      0.25,
      0.1111111119389534,
      0.1111111119389534,
      0.1111111119389534,
      0.1111111119389534,
      1,
      1,
      1,
      1,
      1,
      0.25,
      0.1111111119389534,
      0.1111111119389534,
      0.1111111119389534,
      0.1111111119389534
    ],
    [
      0.1111111119389534,
      0.0625,
      0.0625,
      0.0625,
      0.0625,
      0.1111111119389534,
      0.0625,
      0.0625,
      0.0625,
      0.0625,
      0.25,
      0.1111111119389534,
      0.1111111119389534,
      0.1111111119389534,
      0.1111111119389534,
      1,
      1,
      1,
      1,
      1,
      0.25,
      0.1111111119389534,
      0.1111111119389534,
      0.1111111119389534,
      0.1111111119389534
    ],
    [
      0.1111111119389534,
      0.0625,
      0.0625,
      0.0625,
      0.0625,
      0.1111111119389534,
      0.0625,
      0.0625,
      0.0625,
      0.0625,
      0.25,
      0.1111111119389534,
      0.1111111119389534,
      0.1111111119389534,
      0.1111111119389534,
      1,
      1,
      1,
      1,
      1,
      0.25,
      0.1111111119389534,
      0.1111111119389534,
      0.1111111119389534,
      0.1111111119389534
    ],
    [
      0.1111111119389534,
      0.0625,
      0.0625,
      0.0625,
      0.0625,
      0.1111111119389534,
      0.0625,
      0.0625,
      0.0625,
      0.0625,
      0.25,
      0.1111111119389534,
      0.1111111119389534,
      0.1111111119389534,
      0.1111111119389534,
      1,
      1,
      1,
      1,
      1,
      0.25,
      0.1111111119389534,
      0.1111111119389534,
      0.1111111119389534,
      0.1111111119389534
    ],
    [
      1,
      0.25,
      0.25,
      0.25,
      0.25,
      0.25,
      0.1111111119389534,
      0.1111111119389534,
      0.1111111119389534,
      0.1111111119389534,
      0.25,
      0.1111111119389534,
      0.1111111119389534,
      0.1111111119389534,
      0.1111111119389534,
      1,
      0.25,
      0.25,
      0.25,
      0.25,
      1,
      1,
      1,
      1,
      1
    ],
    [
      0.25,
      0.1111111119389534,
      0.1111111119389534,
      0.1111111119389534,
      0.1111111119389534,
      0.1111111119389534,
      0.0625,
      0.0625,
      0.0625,
      0.0625,
      0.1111111119389534,
      0.0625,
      0.0625,
      0.0625,
      0.0625,
      0.25,
      0.1111111119389534,
      0.1111111119389534,
      0.1111111119389534,
      0.1111111119389534,
      1,
      1,
      1,
      1,
      1
    ],
    [
      0.25,
      0.1111111119389534,
      0.1111111119389534,
      0.1111111119389534,
      0.1111111119389534,
      0.1111111119389534,
      0.0625,
      0.0625,
      0.0625,
      0.0625,
      0.1111111119389534,
      0.0625,
      0.0625,
      0.0625,
      0.0625,
      0.25,
      0.1111111119389534,
      0.1111111119389534,
      0.1111111119389534,
      0.1111111119389534,
      1,
      1,
      1,
      1,
      1
    ],
    [
      0.25,
      0.1111111119389534,
      0.1111111119389534,
      0.1111111119389534,
      0.1111111119389534,
      0.1111111119389534,
      0.0625,
      0.0625,
      0.0625,
      0.0625,
      0.1111111119389534,
      0.0625,
      0.0625,
      0.0625,
      0.0625,
      0.25,
      0.1111111119389534,
      0.1111111119389534,
      0.1111111119389534,
      0.1111111119389534,
      1,
      1,
      1,
      1,
      1
    ],
    [
      0.25,
      0.1111111119389534,
      0.1111111119389534,
      0.1111111119389534,
      0.1111111119389534,
      0.1111111119389534,
      0.0625,
      0.0625,
      0.0625,
      0.0625,
      0.1111111119389534,
      0.0625,
      0.0625,
      0.0625,
      0.0625,
      0.25,
      0.1111111119389534,
      0.1111111119389534,
      0.1111111119389534,
      0.1111111119389534,
      1,
      1,
      1,
      1,
      1
    ]
  ]
}