{
  "nodes": [
    {
      "index": 0,
      "id": "0",
      "x": 0.2313636988401413,
      "y": -0.6824662089347839
    },
    {
      "index": 1,
      "id": "1",
      "x": -0.09065856039524078,
      "y": -0.716332733631134
    },
    {
      "index": 2,
      "id": "2",
      "x": -0.5943030714988708,
      "y": -0.4010787308216095
    },
    {
      "index": 3,
      "id": "3",
      "x": -0.273918092250824,
      "y": -0.16866837441921234
    },
    {
      "index": 4,
      "id": "4",
      "x": -0.05544506013393402,
      "y": 0.4226135015487671
    },
    {
      "index": 5,
      "id": "5",
      "x": 0.43857520818710327,
      "y": 0.5881244540214539
    },
    {
      "index": 6,
      "id": "6",
      "x": 0.29246512055397034,
      "y": -0.08635585755109787
    },
    {
      "index": 7,
      "id": "7",
      "x": -0.3613876700401306,
      "y": 0.1951058954000473
    },
    {
      "index": 8,
      "id": "8",
      "x": -0.24087105691432953,
      "y": 0.6883509755134583
    },
    {
      "index": 9,
      "id": "9",
      "x": -0.7026798129081726,
      "y": -0.1165994182229042
    },
    {
      "index": 10,
      "id": "10",
      "x": 0.48815852403640747,
      "y": -0.5187111496925354
    },
    {
      "index": 11,
      "id": "11",
      "x": 0.6588186621665955,
      "y": -0.2790915369987488
    },
    {
      "index": 12,
      "id": "12",
      "x": -0.5254114270210266,
      "y": 0.5051926970481873
    },
    {
      "index": 13,
      "id": "13",
      "x": 0.6541630029678345,
      "y": 0.31453222036361694
    },
    {
      "index": 14,
      "id": "14",
      "x": -0.3736950755119324,
      "y": -0.6044825911521912
    },
    {
      "index": 15,
      "id": "15",
      "x": 0.29860085248947144,
      "y": 0.286092609167099
    },
    {
      "index": 16,
      "id": "16",
      "x": 0.049133267253637314,
      "y": -0.38085976243019104
    },
    {
      "index": 17,
      "id": "17",
      "x": 0.7118578553199768,
      "y": 0.013431636616587639
    },
    {
      "index": 18,
      "id": "18",
      "x": -0.700444221496582,
      "y": 0.19888101518154144
    },
    {
      "index": 19,
      "id": "19",
      "x": 0.12350977957248688,
      "y": 0.7178668975830078
    }
  ],
  "edges": [
    {
      "source": "0",
      "target": "1"
    },
    {
      "source": "0",
      "target": "2"
    },
    {
      "source": "0",
      "target": "3"
    },
    {
      "source": "0",
      "target": "4"
    },
    {
      "source": "0",
      "target": "5"
    },
    {
      "source": "0",
      "target": "6"
    },
    {
      "source": "0",
      "target": "7"
    },
    {
      "source": "0",
      "target": "8"
    },
    {
      "source": "0",
      "target": "9"
    },
    {
      "source": "0",
      "target": "10"
    },
    {
      "source": "0",
      "target": "11"
    },
    {
      "source": "0",
      "target": "12"
    },
    {
      "source": "0",
      "target": "13"
    },
    {
      "source": "0",
      "target": "14"
    },
    {
      "source": "0",
      "target": "15"
    },
    {
      "source": "0",
      "target": "16"
    },
    {
      "source": "0",
      "target": "17"
    },
    {
      "source": "0",
      "target": "18"
    },
    {
      "source": "0",
      "target": "19"
    },
    {
      "source": "1",
      "target": "2"
    },
    {
      "source": "1",
      "target": "3"
    },
    {
      "source": "1",
      "target": "4"
    },
    {
      "source": "1",
      "target": "5"
    },
    {
      "source": "1",
      "target": "6"
    },
    {
      "source": "1",
      "target": "7"
    },
    {
      "source": "1",
      "target": "8"
    },
    {
      "source": "1",
      "target": "9"
    },
    {
      "source": "1",
      "target": "10"
    },
    {
      "source": "1",
      "target": "11"
    },
    {
      "source": "1",
      "target": "12"
    },
    {
      "source": "1",
      "target": "13"
    },
    {
      "source": "1",
      "target": "14"
    },
    {
      "source": "1",
      "target": "15"
    },
    {
      "source": "1",
      "target": "16"
    },
    {
      "source": "1",
      "target": "17"
    },
    {
      "source": "1",
      "target": "18"
    },
    {
      "source": "1",
      "target": "19"
    },
    {
      "source": "2",
      "target": "3"
    },
    {
      "source": "2",
      "target": "4"
    },
    {
      "source": "2",
      "target": "5"
    },
    {
      "source": "2",
      "target": "6"
    },
    {
      "source": "2",
      "target": "7"
    },
    {
      "source": "2",
      "target": "8"
    },
    {
      "source": "2",
      "target": "9"
    },
    {
      "source": "2",
      "target": "10"
    },
    {
      "source": "2",
      "target": "11"
    },
    {
      "source": "2",
      "target": "12"
    },
    {
      "source": "2",
      "target": "13"
    },
    {
      "source": "2",
      "target": "14"
    },
    {
      "source": "2",
      "target": "15"
    },
    {
      "source": "2",
      "target": "16"
    },
    {
      "source": "2",
      "target": "17"
    },
    {
      "source": "2",
      "target": "18"
    },
    {
      "source": "2",
      "target": "19"
    },
    {
      "source": "3",
      "target": "4"
    },
    {
      "source": "3",
      "target": "5"
    },
    {
      "source": "3",
      "target": "6"
    },
    {
      "source": "3",
      "target": "7"
    },
    {
      "source": "3",
      "target": "8"
    },
    {
      "source": "3",
      "target": "9"
    },
    {
      "source": "3",
      "target": "10"
    },
    {
      "source": "3",
      "target": "11"
    },
    {
      "source": "3",
      "target": "12"
    },
    {
      "source": "3",
      "target": "13"
    },
    {
      "source": "3",
      "target": "14"
    },
    {
      "source": "3",
      "target": "15"
    },
    {
      "source": "3",
      "target": "16"
    },
    {
      "source": "3",
      "target": "17"
    },
    {
      "source": "3",
      "target": "18"
    },
    {
      "source": "3",
      "target": "19"
    },
    {
      "source": "4",
      "target": "5"
    },
    {
      "source": "4",
      "target": "6"
    },
    {
      "source": "4",
      "target": "7"
    },
    {
      "source": "4",
      "target": "8"
    },
    {
      "source": "4",
      "target": "9"
    },
    {
      "source": "4",
      "target": "10"
    },
    {
      "source": "4",
      "target": "11"
    },
    {
      "source": "4",
      "target": "12"
    },
    {
      "source": "4",
      "target": "13"
    },
    {
      "source": "4",
      "target": "14"
    },
    {
      "source": "4",
      "target": "15"
    },
    {
      "source": "4",
      "target": "16"
    },
    {
      "source": "4",
      "target": "17"
    },
    {
      "source": "4",
      "target": "18"
    },
    {
      "source": "4",
      "target": "19"
    },
    {
      "source": "5",
      "target": "6"
    },
    {
      "source": "5",
      "target": "7"
    },
    {
      "source": "5",
      "target": "8"
    },
    {
      "source": "5",
      "target": "9"
    },
    {
      "source": "5",
      "target": "10"
    },
    {
      "source": "5",
      "target": "11"
    },
    {
      "source": "5",
      "target": "12"
    },
    {
      "source": "5",
      "target": "13"
    },
    {
      "source": "5",
      "target": "14"
    },
    {
      "source": "5",
      "target": "15"
    },
    {
      "source": "5",
      "target": "16"
    },
    {
      "source": "5",
      "target": "17"
    },
    {
      "source": "5",
      "target": "18"
    },
    {
      "source": "5",
      "target": "19"
    },
    {
      "source": "6",
      "target": "7"
    },
    {
      "source": "6",
      "target": "8"
    },
    {
      "source": "6",
      "target": "9"
    },
    {
      "source": "6",
      "target": "10"
    },
    {
      "source": "6",
      "target": "11"
    },
    {
      "source": "6",
      "target": "12"
    },
    {
      "source": "6",
      "target": "13"
    },
    {
      "source": "6",
      "target": "14"
    },
    {
      "source": "6",
      "target": "15"
    },
    {
      "source": "6",
      "target": "16"
    },
    {
      "source": "6",
      "target": "17"
    },
    {
      "source": "6",
      "target": "18"
    },
    {
      "source": "6",
      "target": "19"
    },
    {
      "source": "7",
      "target": "8"
    },
    {
      "source": "7",
      "target": "9"
    },
    {
      "source": "7",
      "target": "10"
    },
    {
      "source": "7",
      "target": "11"
    },
    {
      "source": "7",
      "target": "12"
    },
    {
      "source": "7",
      "target": "13"
    },
    {
      "source": "7",
      "target": "14"
    },
    {
      "source": "7",
      "target": "15"
    },
    {
      "source": "7",
      "target": "16"
    },
    {
      "source": "7",
      "target": "17"
    },
    {
      "source": "7",
      "target": "18"
    },
    {
      "source": "7",
      "target": "19"
    },
    {
      "source": "8",
      "target": "9"
    },
    {
      "source": "8",
      "target": "10"
    },
    {
      "source": "8",
      "target": "11"
    },
    {
      "source": "8",
      "target": "12"
    },
    {
      "source": "8",
      "target": "13"
    },
    {
      "source": "8",
      "target": "14"
    },
    {
      "source": "8",
      "target": "15"
    },
    {
      "source": "8",
      "target": "16"
    },
    {
      "source": "8",
      "target": "17"
    },
    {
      "source": "8",
      "target": "18"
    },
    {
      "source": "8",
      "target": "19"
    },
    {
      "source": "9",
      "target": "10"
    },
    {
      "source": "9",
      "target": "11"
    },
    {
      "source": "9",
      "target": "12"
    },
    {
      "source": "9",
      "target": "13"
    },
    {
      "source": "9",
      "target": "14"
    },
    {
      "source": "9",
      "target": "15"
    },
    {
      "source": "9",
      "target": "16"
    },
    {
      "source": "9",
      "target": "17"
    },
    {
      "source": "9",
      "target": "18"
    },
    {
      "source": "9",
      "target": "19"
    },
    {
      "source": "10",
      "target": "11"
    },
    {
      "source": "10",
      "target": "12"
    },
    {
      "source": "10",
      "target": "13"
    },
    {
      "source": "10",
      "target": "14"
    },
    {
      "source": "10",
      "target": "15"
    },
    {
      "source": "10",
      "target": "16"
    },
    {
      "source": "10",
      "target": "17"
    },
    {
      "source": "10",
      "target": "18"
    },
    {
      "source": "10",
      "target": "19"
    },
    {
      "source": "11",
      "target": "12"
    },
    {
      "source": "11",
      "target": "13"
    },
    {
      "source": "11",
      "target": "14"
    },
    {
      "source": "11",
      "target": "15"
    },
    {
      "source": "11",
      "target": "16"
    },
    {
      "source": "11",
      "target": "17"
    },
    {
      "source": "11",
      "target": "18"
    },
    {
      "source": "11",
      "target": "19"
    },
    {
      "source": "12",
      "target": "13"
    },
    {
      "source": "12",
      "target": "14"
    },
    {
      "source": "12",
      "target": "15"
    },
    {
      "source": "12",
      "target": "16"
    },
    {
      "source": "12",
      "target": "17"
    },
    {
      "source": "12",
      "target": "18"
    },
    {
      "source": "12",
      "target": "19"
    },
    {
      "source": "13",
      "target": "14"
    },
    {
      "source": "13",
      "target": "15"
    },
    {
      "source": "13",
      "target": "16"
    },
    {
      "source": "13",
      "target": "17"
    },
    {
      "source": "13",
      "target": "18"
    },
    {
      "source": "13",
      "target": "19"
    },
    {
      "source": "14",
      "target": "15"
    },
    {
      "source": "14",
      "target": "16"
    },
    {
      "source": "14",
      "target": "17"
    },
    {
      "source": "14",
      "target": "18"
    },
    {
      "source": "14",
      "target": "19"
    },
    {
      "source": "15",
      "target": "16"
    },
    {
      "source": "15",
      "target": "17"
    },
    {
      "source": "15",
      "target": "18"
    },
    {
      "source": "15",
      "target": "19"
    },
    {
      "source": "16",
      "target": "17"
    },
    {
      "source": "16",
      "target": "18"
    },
    {
      "source": "16",
      "target": "19"
    },
    {
      "source": "17",
      "target": "18"
    },
    {
      "source": "17",
      "target": "19"
    },
    {
      "source": "18",
      "target": "19"
    }
  ],
  "coef": {
    "stress": 0.12,
    "crossing_angle": 0,
    "neighbor": 0,
    "edge_uniformity": 0,
    "crossing_number": 0,
    "angular_resolution": 0,
    "vertex_resolution": 0.09,
    "gabriel": 0,
    "aspect_ratio": 0.09
  },
  "optimizer": {
    "lr": 0.03886032818005049,
    "momentum": 0.5
  },
  "graphDistance": [
    [
      0,
      1,
      1,
      1,
      1,
      1,
      1,
      1,
      1,
      1,
      1,
      1,
      1,
      1,
      1,
      1,
      1,
      1,
      1,
      1
    ],
    [
      1,
      0,
      1,
      1,
      1,
      1,
      1,
      1,
      1,
      1,
      1,
      1,
      1,
      1,
      1,
      1,
      1,
      1,
      1,
      1
    ],
    [
      1,
      1,
      0,
      1,
      1,
      1,
      1,
      1,
      1,
      1,
      1,
      1,
      1,
      1,
      1,
      1,
      1,
      1,
      1,
      1
    ],
    [
      1,
      1,
      1,
      0,
      1,
      1,
      1,
      1,
      1,
      1,
      1,
      1,
      1,
      1,
      1,
      1,
      1,
      1,
      1,
      1
    ],
    [
      1,
      1,
      1,
      1,
      0,
      1,
      1,
      1,
      1,
      1,
      1,
      1,
      1,
      1,
      1,
      1,
      1,
      1,
      1,
      1
    ],
    [
      1,
      1,
      1,
      1,
      1,
      0,
      1,
      1,
      1,
      1,
      1,
      1,
      1,
      1,
      1,
      1,
      1,
      1,
      1,
      1
    ],
    [
      1,
      1,
      1,
      1,
      1,
      1,
      0,
      1,
      1,
      1,
      1,
      1,
      1,
      1,
      1,
      1,
      1,
      1,
      1,
      1
    ],
    [
      1,
      1,
      1,
      1,
      1,
      1,
      1,
      0,
      1,
      1,
      1,
      1,
      1,
      1,
      1,
      1,
      1,
      1,
      1,
      1
    ],
    [
      1,
      1,
      1,
      1,
      1,
      1,
      1,
      1,
      0,
      1,
      1,
      1,
      1,
      1,
      1,
      1,
      1,
      1,
      1,
      1
    ],
    [
      1,
      1,
      1,
      1,
      1,
      1,
      1,
      1,
      1,
      0,
      1,
      1,
      1,
      1,
      1,
      1,
      1,
      1,
      1,
      1
    ],
    [
      1,
      1,
      1,
      1,
      1,
      1,
      1,
      1,
      1,
      1,
      0,
      1,
      1,
      1,
      1,
      1,
      1,
      1,
      1,
      1
    ],
    [
      1,
      1,
      1,
      1,
      1,
      1,
      1,
      1,
      1,
      1,
      1,
      0,
      1,
      1,
      1,
      1,
      1,
      1,
      1,
      1
    ],
    [
      1,
      1,
      1,
      1,
      1,
      1,
      1,
      1,
      1,
      1,
      1,
      1,
      0,
      1,
      1,
      1,
      1,
      1,
      1,
      1
    ],
    [
      1,
      1,
      1,
      1,
      1,
      1,
      1,
      1,
      1,
      1,
      1,
      1,
      1,
      0,
      1,
      1,
      1,
      1,
      1,
      1
    ],
    [
      1,
      1,
      1,
      1,
      1,
      1,
      1,
      1,
      1,
      1,
      1,
      1,
      1,
      1,
      0,
      1,
      1,
      1,
      1,
      1
    ],
    [
      1,
      1,
      1,
      1,
      1,
      1,
      1,
      1,
      1,
      1,
      1,
      1,
      1,
      1,
      1,
      0,
      1,
      1,
      1,
      1
    ],
    [
      1,
      1,
      1,
      1,
      1,
      1,
      1,
      1,
      1,
      1,
      1,
      1,
      1,
      1,
      1,
      1,
      0,
      1,
      1,
      1
    ],
    [
      1,
      1,
      1,
      1,
      1,
      1,
      1,
      1,
      1,
      1,
      1,
      1,
      1,
      1,
      1,
      1,
      1,
      0,
      1,
      1
    ],
    [
      1,
      1,
      1,
      1,
      1,
      1,
      1,
      1,
      1,
      1,
      1,
      1,
      1,
      1,
      1,
      1,
      1,
      1,
      0,
      1
    ],
    [
      1,
      1,
      1,
      1,
      1,
      1,
      1,
      1,
      1,
      1,
      1,
      1,
      1,
      1,
      1,
      1,
      1,
      1,
      1,
      0
    ]
  ],
  "weight": [
    [
      1,
      1,
      1,
      1,
      1,
      1,
      1,
      1,
      1,
      1,
      1,
      1,
      1,
      1,
      1,
      1,
      1,
      1,
      1,
      1
    ],
    [
      1,
      1,
      1,
      1,
      1,
      1,
      1,
      1,
      1,
      1,
      1,
      1,
      1,
      1,
      1,
      1,
      1,
      1,
      1,
      1
    ],
    [
      1,
      1,
      1,
      1,
      1,
      1,
      1,
      1,
      1,
      1,
      1,
      1,
      1,
      1,
      1,
      1,
      1,
      1,
      1,
      1
    ],
    [
      1,
      1,
      1,
      1,
      1,
      1,
      1,
      1,
      1,
      1,
      1,
      1,
      1,
      1,
      1,
      1,
      1,
      1,
      1,
      1
    ],
    [
      1,
      1,
      1,
      1,
      1,
      1,
      1,
      1,
      1,
      1,
      1,
      1,
      1,
      1,
      1,
      1,
      1,
      1,
      1,
      1
    ],
    [
      1,
      1,
      1,
      1,
      1,
      1,
      1,
      1,
      1,
      1,
      1,
      1,
      1,
      1,
      1,
      1,
      1,
      1,
      1,
      1
    ],
    [
      1,
      1,
      1,
      1,
      1,
      1,
      1,
      1,
      1,
      1,
      1,
      1,
      1,
      1,
      1,
      1,
      1,
      1,
      1,
      1
    ],
    [
      1,
      1,
      1,
      1,
      1,
      1,
      1,
      1,
      1,
      1,
      1,
      1,
      1,
      1,
      1,
      1,
      1,
      1,
      1,
      1
    ],
    [
      1,
      1,
      1,
      1,
      1,
      1,
      1,
      1,
      1,
      1,
      1,
      1,
      1,
      1,
      1,
      1,
      1,
      1,
      1,
      1
    ],
    [
      1,
      1,
      1,
      1,
      1,
      1,
      1,
      1,
      1,
      1,
      1,
      1,
      1,
      1,
      1,
      1,
      1,
      1,
      1,
      1
    ],
    [
      1,
      1,
      1,
      1,
      1,
      1,
      1,
      1,
      1,
      1,
      1,
      1,
      1,
      1,
      1,
      1,
      1,
      1,
      1,
      1
    ],
    [
      1,
      1,
      1,
      1,
      1,
      1,
      1,
      1,
      1,
      1,
      1,
      1,
      1,
      1,
      1,
      1,
      1,
      1,
      1,
      1
    ],
    [
      1,
      1,
      1,
      1,
      1,
      1,
      1,
      1,
      1,
      1,
      1,
      1,
      1,
      1,
      1,
      1,
      1,
      1,
      1,
      1
    ],
    [
      1,
      1,
      1,
      1,
      1,
      1,
      1,
      1,
      1,
      1,
      1,
      1,
      1,
      1,
      1,
      1,
      1,
      1,
      1,
      1
    ],
    [
      1,
      1,
      1,
      1,
      1,
      1,
      1,
      1,
      1,
      1,
      1,
      1,
      1,
      1,
      1,
      1,
      1,
      1,
      1,
      1
    ],
    [
      1,
      1,
      1,
      1,
      1,
      1,
      1,
      1,
      1,
      1,
      1,
      1,
      1,
      1,
      1,
      1,
      1,
      1,
      1,
      1
    ],
    [
      1,
      1,
      1,
      1,
      1,
      1,
      1,
      1,
      1,
      1,
      1,
      1,
      1,
      1,
      1,
      1,
      1,
      1,
      1,
      1
    ],
    [
      1,
      1,
      1,
      1,
      1,
      1,
      1,
      1,
      1,
      1,
      1,
      1,
      1,
      1,
      1,
      1,
      1,
      1,
      1,
      1
    ],
    [
      1,
      1,
      1,
      1,
      1,
      1,
      1,
      1,
      1,
      1,
      1,
      1,
      1,
      1,
      1,
      1,
      1,
      1,
      1,
      1
    ],
    [
      1,
      1,
      1,
      1,
      1,
      1,
      1,
      1,
      1,
      1,
      1,
      1,
      1,
      1,
      1,
      1,
      1,
      1,
      1,
      1
    ]
  ]
}