{
  "nodes": [
    {
      "index": 0,
      "id": "0",
      "x": -0.12545400857925415,
      "y": -0.0023981579579412937
    },
    {
      "index": 1,
      "id": "1",
      "x": -0.11253155767917633,
      "y": 0.5994503498077393
    },
    {
      "index": 2,
      "id": "2",
      "x": -0.02915583923459053,
      "y": 0.7557054758071899
    },
    {
      "index": 3,
      "id": "3",
      "x": -0.11430723965167999,
      "y": -0.5984090566635132
    },
    {
      "index": 4,
      "id": "4",
      "x": -0.03115217201411724,
      "y": -0.7546513080596924
    },
    {
      "index": 5,
      "id": "5",
      "x": 0.7977219820022583,
      "y": -0.000494504754897207
    },
    {
      "index": 6,
      "id": "6",
      "x": 0.7768969535827637,
      "y": -0.22737272083759308
    },
    {
      "index": 7,
      "id": "7",
      "x": -0.9686336517333984,
      "y": -0.1294381320476532
    },
    {
      "index": 8,
      "id": "8",
      "x": 0.7769103050231934,
      "y": 0.22623413801193237
    },
    {
      "index": 9,
      "id": "9",
      "x": -0.9678546786308289,
      "y": 0.13360637426376343
    }
  ],
  "edges": [
    {
      "source": "0",
      "target": "5"
    },
    {
      "source": "0",
      "target": "7"
    },
    {
      "source": "0",
      "target": "9"
    },
    {
      "source": "0",
      "target": "6"
    },
    {
      "source": "0",
      "target": "8"
    },
    {
      "source": "1",
      "target": "5"
    },
    {
      "source": "1",
      "target": "7"
    },
    {
      "source": "1",
      "target": "9"
    },
    {
      "source": "1",
      "target": "6"
    },
    {
      "source": "1",
      "target": "8"
    },
    {
      "source": "2",
      "target": "5"
    },
    {
      "source": "2",
      "target": "7"
    },
    {
      "source": "2",
      "target": "9"
    },
    {
      "source": "2",
      "target": "6"
    },
    {
      "source": "2",
      "target": "8"
    },
    {
      "source": "3",
      "target": "5"
    },
    {
      "source": "3",
      "target": "7"
    },
    {
      "source": "3",
      "target": "9"
    },
    {
      "source": "3",
      "target": "6"
    },
    {
      "source": "3",
      "target": "8"
    },
    {
      "source": "4",
      "target": "5"
    },
    {
      "source": "4",
      "target": "7"
    },
    {
      "source": "4",
      "target": "9"
    },
    {
      "source": "4",
      "target": "6"
    },
    {
      "source": "4",
      "target": "8"
    }
  ],
  "coef": {
    "stress": 0.04,
    "crossing_angle": 0,
    "neighbor": 0,
    "edge_uniformity": 0.11,
    "crossing_number": 0,
    "angular_resolution": 0,
    "vertex_resolution": 0,
    "gabriel": 0,
    "aspect_ratio": 0
  },
  "optimizer": {
    "lr": 0.38319729432430527,
    "momentum": 0.5
  },
  "graphDistance": [
    [
      0,
      2,
      2,
      2,
      2,
      1,
      1,
      1,
      1,
      1
    ],
    [
      2,
      0,
      2,
      2,
      2,
      1,
      1,
      1,
      1,
      1
    ],
    [
      2,
      2,
      0,
      2,
      2,
      1,
      1,
      1,
      1,
      1
    ],
    [
      2,
      2,
      2,
      0,
      2,
      1,
      1,
      1,
      1,
      1
    ],
    [
      2,
      2,
      2,
      2,
      0,
      1,
      1,
      1,
      1,
      1
    ],
    [
      1,
      1,
      1,
      1,
      1,
      0,
      2,
      2,
      2,
      2
    ],
    [
      1,
      1,
      1,
      1,
      1,
      2,
      0,
      2,
      2,
      2
    ],
    [
      1,
      1,
      1,
      1,
      1,
      2,
      2,
      0,
      2,
      2
    ],
    [
      1,
      1,
      1,
      1,
      1,
      2,
      2,
      2,
      0,
      2
    ],
    [
      1,
      1,
      1,
      1,
      1,
      2,
      2,
      2,
      2,
      0
    ]
  ],
  "weight": [
    [
      1,
      0.25,
      0.25,
      0.25,
      0.25,
      1,
      1,
      1,
      1,
      1
    ],
    [
      0.25,
      1,
      0.25,
      0.25,
      0.25,
      1,
      1,
      1,
      1,
      1
    ],
    [
      0.25,
      0.25,
      1,
      0.25,
      0.25,
      1,
      1,
      1,
      1,
      1
    ],
    [
      0.25,
      0.25,
      0.25,
      1,
      0.25,
      1,
      1,
      1,
      1,
      1
    ],
    [
      0.25,
      0.25,
      0.25,
      0.25,
      1,
      1,
      1,
      1,
      1,
      1
    ],
    [
      1,
      1,
      1,
      1,
      1,
      1,
      0.25,
      0.25,
      0.25,
      0.25
    ],
    [
      1,
      1,
      1,
      1,
      1,
      0.25,
      1,
      0.25,
      0.25,
      0.25
    ],
    [
      1,
      1,
      1,
      1,
      1,
      0.25,
      0.25,
      1,
      0.25,
      0.25
    ],
    [
      1,
      1,
      1,
      1,
      1,
      0.25,
      0.25,
      0.25,
      1,
      0.25
    ],
    [
      1,
      1,
      1,
      1,
      1,
      0.25,
      0.25,
      0.25,
      0.25,
      1
    ]
  ]
}