{
  "nodes": [
    {
      "index": 0,
      "id": "0",
      "x": 0.46809765696525574,
      "y": 0.8679922819137573
    },
    {
      "index": 1,
      "id": "1",
      "x": 0.7115672826766968,
      "y": 1.64242684841156
    },
    {
      "index": 2,
      "id": "2",
      "x": 0.6946051716804504,
      "y": 2.3010048866271973
    },
    {
      "index": 3,
      "id": "3",
      "x": 0.12458063662052155,
      "y": 2.0032122135162354
    },
    {
      "index": 4,
      "id": "4",
      "x": 1.2549622058868408,
      "y": 1.8497384786605835
    },
    {
      "index": 5,
      "id": "5",
      "x": 1.3708510398864746,
      "y": 0.12283825874328613
    },
    {
      "index": 6,
      "id": "6",
      "x": 2.159921169281006,
      "y": 0.08264163881540298
    },
    {
      "index": 7,
      "id": "7",
      "x": 2.7104668617248535,
      "y": 0.1571875512599945
    },
    {
      "index": 8,
      "id": "8",
      "x": 2.4009883403778076,
      "y": -0.4871104955673218
    },
    {
      "index": 9,
      "id": "9",
      "x": 2.359631299972534,
      "y": 0.7320375442504883
    },
    {
      "index": 10,
      "id": "10",
      "x": 0.47256553173065186,
      "y": -0.6276530623435974
    },
    {
      "index": 11,
      "id": "11",
      "x": 0.5982321500778198,
      "y": -1.431879997253418
    },
    {
      "index": 12,
      "id": "12",
      "x": 1.2462174892425537,
      "y": -1.5245836973190308
    },
    {
      "index": 13,
      "id": "13",
      "x": 0.8111168146133423,
      "y": -2.0408833026885986
    },
    {
      "index": 14,
      "id": "14",
      "x": 0.1422303169965744,
      "y": -1.840228796005249
    },
    {
      "index": 15,
      "id": "15",
      "x": -0.6663532257080078,
      "y": 0.3949379622936249
    },
    {
      "index": 16,
      "id": "16",
      "x": -1.8484050035476685,
      "y": 1.2551933526992798
    },
    {
      "index": 17,
      "id": "17",
      "x": -1.947088599205017,
      "y": 0.5633852481842041
    },
    {
      "index": 18,
      "id": "18",
      "x": -1.1775625944137573,
      "y": 1.4866445064544678
    },
    {
      "index": 19,
      "id": "19",
      "x": -1.350266456604004,
      "y": 0.8729112148284912
    },
    {
      "index": 20,
      "id": "20",
      "x": -0.66288161277771,
      "y": -0.16146108508110046
    },
    {
      "index": 21,
      "id": "21",
      "x": -1.8007757663726807,
      "y": -1.071247935295105
    },
    {
      "index": 22,
      "id": "22",
      "x": -1.136365532875061,
      "y": -1.2187418937683105
    },
    {
      "index": 23,
      "id": "23",
      "x": -1.9452316761016846,
      "y": -0.34924936294555664
    },
    {
      "index": 24,
      "id": "24",
      "x": -1.3953195810317993,
      "y": -0.5966145992279053
    }
  ],
  "edges": [
    {
      "source": "0",
      "target": "20"
    },
    {
      "source": "0",
      "target": "4"
    },
    {
      "source": "0",
      "target": "1"
    },
    {
      "source": "0",
      "target": "5"
    },
    {
      "source": "0",
      "target": "2"
    },
    {
      "source": "0",
      "target": "3"
    },
    {
      "source": "1",
      "target": "4"
    },
    {
      "source": "1",
      "target": "3"
    },
    {
      "source": "1",
      "target": "2"
    },
    {
      "source": "2",
      "target": "4"
    },
    {
      "source": "2",
      "target": "3"
    },
    {
      "source": "3",
      "target": "4"
    },
    {
      "source": "5",
      "target": "9"
    },
    {
      "source": "5",
      "target": "8"
    },
    {
      "source": "5",
      "target": "6"
    },
    {
      "source": "5",
      "target": "7"
    },
    {
      "source": "5",
      "target": "10"
    },
    {
      "source": "6",
      "target": "9"
    },
    {
      "source": "6",
      "target": "8"
    },
    {
      "source": "6",
      "target": "7"
    },
    {
      "source": "7",
      "target": "9"
    },
    {
      "source": "7",
      "target": "8"
    },
    {
      "source": "8",
      "target": "9"
    },
    {
      "source": "10",
      "target": "15"
    },
    {
      "source": "10",
      "target": "12"
    },
    {
      "source": "10",
      "target": "11"
    },
    {
      "source": "10",
      "target": "13"
    },
    {
      "source": "10",
      "target": "14"
    },
    {
      "source": "11",
      "target": "12"
    },
    {
      "source": "11",
      "target": "13"
    },
    {
      "source": "11",
      "target": "14"
    },
    {
      "source": "12",
      "target": "13"
    },
    {
      "source": "12",
      "target": "14"
    },
    {
      "source": "13",
      "target": "14"
    },
    {
      "source": "15",
      "target": "18"
    },
    {
      "source": "15",
      "target": "16"
    },
    {
      "source": "15",
      "target": "20"
    },
    {
      "source": "15",
      "target": "19"
    },
    {
      "source": "15",
      "target": "17"
    },
    {
      "source": "16",
      "target": "18"
    },
    {
      "source": "16",
      "target": "19"
    },
    {
      "source": "16",
      "target": "17"
    },
    {
      "source": "17",
      "target": "18"
    },
    {
      "source": "17",
      "target": "19"
    },
    {
      "source": "18",
      "target": "19"
    },
    {
      "source": "20",
      "target": "24"
    },
    {
      "source": "20",
      "target": "23"
    },
    {
      "source": "20",
      "target": "22"
    },
    {
      "source": "20",
      "target": "21"
    },
    {
      "source": "21",
      "target": "24"
    },
    {
      "source": "21",
      "target": "23"
    },
    {
      "source": "21",
      "target": "22"
    },
    {
      "source": "22",
      "target": "24"
    },
    {
      "source": "22",
      "target": "23"
    },
    {
      "source": "23",
      "target": "24"
    }
  ],
  "coef": {
    "stress": 0.2,
    "crossing_angle": 0,
    "neighbor": 0,
    "edge_uniformity": 0,
    "crossing_number": 0,
    "angular_resolution": 0,
    "vertex_resolution": 0.14,
    "gabriel": 0,
    "aspect_ratio": 0
  },
  "optimizer": {
    "lr": 0.37192751858370054,
    "momentum": 0.5
  },
  "graphDistance": [
    [
      0,
      1,
      1,
      1,
      1,
      1,
      2,
      2,
      2,
      2,
      2,
      3,
      3,
      3,
      3,
      2,
      3,
      3,
      3,
      3,
      1,
      2,
      2,
      2,
      2
    ],
    [
      1,
      0,
      1,
      1,
      1,
      2,
      3,
      3,
      3,
      3,
      3,
      4,
      4,
      4,
      4,
      3,
      4,
      4,
      4,
      4,
      2,
      3,
      3,
      3,
      3
    ],
    [
      1,
      1,
      0,
      1,
      1,
      2,
      3,
      3,
      3,
      3,
      3,
      4,
      4,
      4,
      4,
      3,
      4,
      4,
      4,
      4,
      2,
      3,
      3,
      3,
      3
    ],
    [
      1,
      1,
      1,
      0,
      1,
      2,
      3,
      3,
      3,
      3,
      3,
      4,
      4,
      4,
      4,
      3,
      4,
      4,
      4,
      4,
      2,
      3,
      3,
      3,
      3
    ],
    [
      1,
      1,
      1,
      1,
      0,
      2,
      3,
      3,
      3,
      3,
      3,
      4,
      4,
      4,
      4,
      3,
      4,
      4,
      4,
      4,
      2,
      3,
      3,
      3,
      3
    ],
    [
      1,
      2,
      2,
      2,
      2,
      0,
      1,
      1,
      1,
      1,
      1,
      2,
      2,
      2,
      2,
      2,
      3,
      3,
      3,
      3,
      2,
      3,
      3,
      3,
      3
    ],
    [
      2,
      3,
      3,
      3,
      3,
      1,
      0,
      1,
      1,
      1,
      2,
      3,
      3,
      3,
      3,
      3,
      4,
      4,
      4,
      4,
      3,
      4,
      4,
      4,
      4
    ],
    [
      2,
      3,
      3,
      3,
      3,
      1,
      1,
      0,
      1,
      1,
      2,
      3,
      3,
      3,
      3,
      3,
      4,
      4,
      4,
      4,
      3,
      4,
      4,
      4,
      4
    ],
    [
      2,
      3,
      3,
      3,
      3,
      1,
      1,
      1,
      0,
      1,
      2,
      3,
      3,
      3,
      3,
      3,
      4,
      4,
      4,
      4,
      3,
      4,
      4,
      4,
      4
    ],
    [
      2,
      3,
      3,
      3,
      3,
      1,
      1,
      1,
      1,
      0,
      2,
      3,
      3,
      3,
      3,
      3,
      4,
      4,
      4,
      4,
      3,
      4,
      4,
      4,
      4
    ],
    [
      2,
      3,
      3,
      3,
      3,
      1,
      2,
      2,
      2,
      2,
      0,
      1,
      1,
      1,
      1,
      1,
      2,
      2,
      2,
      2,
      2,
      3,
      3,
      3,
      3
    ],
    [
      3,
      4,
      4,
      4,
      4,
      2,
      3,
      3,
      3,
      3,
      1,
      0,
      1,
      1,
      1,
      2,
      3,
      3,
      3,
      3,
      3,
      4,
      4,
      4,
      4
    ],
    [
      3,
      4,
      4,
      4,
      4,
      2,
      3,
      3,
      3,
      3,
      1,
      1,
      0,
      1,
      1,
      2,
      3,
      3,
      3,
      3,
      3,
      4,
      4,
      4,
      4
    ],
    [
      3,
      4,
      4,
      4,
      4,
      2,
      3,
      3,
      3,
      3,
      1,
      1,
      1,
      0,
      1,
      2,
      3,
      3,
      3,
      3,
      3,
      4,
      4,
      4,
      4
    ],
    [
      3,
      4,
      4,
      4,
      4,
      2,
      3,
      3,
      3,
      3,
      1,
      1,
      1,
      1,
      0,
      2,
      3,
      3,
      3,
      3,
      3,
      4,
      4,
      4,
      4
    ],
    [
      2,
      3,
      3,
      3,
      3,
      2,
      3,
      3,
      3,
      3,
      1,
      2,
      2,
      2,
      2,
      0,
      1,
      1,
      1,
      1,
      1,
      2,
      2,
      2,
      2
    ],
    [
      3,
      4,
      4,
      4,
      4,
      3,
      4,
      4,
      4,
      4,
      2,
      3,
      3,
      3,
      3,
      1,
      0,
      1,
      1,
      1,
      2,
      3,
      3,
      3,
      3
    ],
    [
      3,
      4,
      4,
      4,
      4,
      3,
      4,
      4,
      4,
      4,
      2,
      3,
      3,
      3,
      3,
      1,
      1,
      0,
      1,
      1,
      2,
      3,
      3,
      3,
      3
    ],
    [
      3,
      4,
      4,
      4,
      4,
      3,
      4,
      4,
      4,
      4,
      2,
      3,
      3,
      3,
      3,
      1,
      1,
      1,
      0,
      1,
      2,
      3,
      3,
      3,
      3
    ],
    [
      3,
      4,
      4,
      4,
      4,
      3,
      4,
      4,
      4,
      4,
      2,
      3,
      3,
      3,
      3,
      1,
      1,
      1,
      1,
      0,
      2,
      3,
      3,
      3,
      3
    ],
    [
      1,
      2,
      2,
      2,
      2,
      2,
      3,
      3,
      3,
      3,
      2,
      3,
      3,
      3,
      3,
      1,
      2,
      2,
      2,
      2,
      0,
      1,
      1,
      1,
      1
    ],
    [
      2,
      3,
      3,
      3,
      3,
      3,
      4,
      4,
      4,
      4,
      3,
      4,
      4,
      4,
      4,
      2,
      3,
      3,
      3,
      3,
      1,
      0,
      1,
      1,
      1
    ],
    [
      2,
      3,
      3,
      3,
      3,
      3,
      4,
      4,
      4,
      4,
      3,
      4,
      4,
      4,
      4,
      2,
      3,
      3,
      3,
      3,
      1,
      1,
      0,
      1,
      1
    ],
    [
      2,
      3,
      3,
      3,
      3,
      3,
      4,
      4,
      4,
      4,
      3,
      4,
      4,
      4,
      4,
      2,
      3,
      3,
      3,
      3,
      1,
      1,
      1,
      0,
      1
    ],
    [
      2,
      3,
      3,
      3,
      3,
      3,
      4,
      4,
      4,
      4,
      3,
      4,
      4,
      4,
      4,
      2,
      3,
      3,
      3,
      3,
      1,
      1,
      1,
      1,
      0
    ]
  ],
  "weight": [
    [
      1,
      1,
      1,
      1,
      1,
      1,
      0.25,
      0.25,
      0.25,
      0.25,
      0.25,
      0.1111111119389534,
      0.1111111119389534,
      0.1111111119389534,
      0.1111111119389534,
      0.25,
      0.1111111119389534,
      0.1111111119389534,
      0.1111111119389534,
      0.1111111119389534,
      1,
      0.25,
      0.25,
      0.25,
      0.25
    ],
    [
      1,
      1,
      1,
      1,
      1,
      0.25,
      0.1111111119389534,
      0.1111111119389534,
      0.1111111119389534,
      0.1111111119389534,
      0.1111111119389534,
      0.0625,
      0.0625,
      0.0625,
      0.0625,
      0.1111111119389534,
      0.0625,
      0.0625,
      0.0625,
      0.0625,
      0.25,
      0.1111111119389534,
      0.1111111119389534,
      0.1111111119389534,
      0.1111111119389534
    ],
    [
      1,
      1,
      1,
      1,
      1,
      0.25,
      0.1111111119389534,
      0.1111111119389534,
      0.1111111119389534,
      0.1111111119389534,
      0.1111111119389534,
      0.0625,
      0.0625,
      0.0625,
      0.0625,
      0.1111111119389534,
      0.0625,
      0.0625,
      0.0625,
      0.0625,
      0.25,
      0.1111111119389534,
      0.1111111119389534,
      0.1111111119389534,
      0.1111111119389534
    ],
    [
      1,
      1,
      1,
      1,
      1,
      0.25,
      0.1111111119389534,
      0.1111111119389534,
      0.1111111119389534,
      0.1111111119389534,
      0.1111111119389534,
      0.0625,
      0.0625,
      0.0625,
      0.0625,
      0.1111111119389534,
      0.0625,
      0.0625,
      0.0625,
      0.0625,
      0.25,
      0.1111111119389534,
      0.1111111119389534,
      0.1111111119389534,
      0.1111111119389534
    ],
    [
      1,
      1,
      1,
      1,
      1,
      0.25,
      0.1111111119389534,
      0.1111111119389534,
      0.1111111119389534,
      0.1111111119389534,
      0.1111111119389534,
      0.0625,
      0.0625,
      0.0625,
      0.0625,
      0.1111111119389534,
      0.0625,
      0.0625,
      0.0625,
      0.0625,
      0.25,
      0.1111111119389534,
      0.1111111119389534,
      0.1111111119389534,
      0.1111111119389534
    ],
    [
      1,
      0.25,
      0.25,
      0.25,
      0.25,
      1,
      1,
      1,
      1,
      1,
      1,
      0.25,
      0.25,
      0.25,
      0.25,
      0.25,
      0.1111111119389534,
      0.1111111119389534,
      0.1111111119389534,
      0.1111111119389534,
      0.25,
      0.1111111119389534,
      0.1111111119389534,
      0.1111111119389534,
      0.1111111119389534
    ],
    [
      0.25,
      0.1111111119389534,
      0.1111111119389534,
      0.1111111119389534,
      0.1111111119389534,
      1,
      1,
      1,
      1,
      1,
      0.25,
      0.1111111119389534,
      0.1111111119389534,
      0.1111111119389534,
      0.1111111119389534,
      0.1111111119389534,
      0.0625,
      0.0625,
      0.0625,
      0.0625,
      0.1111111119389534,
      0.0625,
      0.0625,
      0.0625,
      0.0625
    ],
    [
      0.25,
      0.1111111119389534,
      0.1111111119389534,
      0.1111111119389534,
      0.1111111119389534,
      1,
      1,
      1,
      1,
      1,
      0.25,
      0.1111111119389534,
      0.1111111119389534,
      0.1111111119389534,
      0.1111111119389534,
      0.1111111119389534,
      0.0625,
      0.0625,
      0.0625,
      0.0625,
      0.1111111119389534,
      0.0625,
      0.0625,
      0.0625,
      0.0625
    ],
    [
      0.25,
      0.1111111119389534,
      0.1111111119389534,
      0.1111111119389534,
      0.1111111119389534,
      1,
      1,
      1,
      1,
      1,
      0.25,
      0.1111111119389534,
      0.1111111119389534,
      0.1111111119389534,
      0.1111111119389534,
      0.1111111119389534,
      0.0625,
      0.0625,
      0.0625,
      0.0625,
      0.1111111119389534,
      0.0625,
      0.0625,
      0.0625,
      0.0625
    ],
    [
      0.25,
      0.1111111119389534,
      0.1111111119389534,
      0.1111111119389534,
      0.1111111119389534,
      1,
      1,
      1,
      1,
      1,
      0.25,
      0.1111111119389534,
      0.1111111119389534,
      0.1111111119389534,
      0.1111111119389534,
      0.1111111119389534,
      0.0625,
      0.0625,
      0.0625,
      0.0625,
      0.1111111119389534,
      0.0625,
      0.0625,
      0.0625,
      0.0625
    ],
    [
      0.25,
      0.1111111119389534,
      0.1111111119389534,
      0.1111111119389534,
      0.1111111119389534,
      1,
      0.25,
      0.25,
      0.25,
      0.25,
      1,
      1,
      1,
      1,
      1,
      1,
      0.25,
      0.25,
      0.25,
      0.25,
      0.25,
      0.1111111119389534,
      0.1111111119389534,
      0.1111111119389534,
      0.1111111119389534
    ],
    [
      0.1111111119389534,
      0.0625,
      0.0625,
      0.0625,
      0.0625,
      0.25,
      0.1111111119389534,
      0.1111111119389534,
      0.1111111119389534,
      0.1111111119389534,
      1,
      1,
      1,
      1,
      1,
      0.25,
      0.1111111119389534,
      0.1111111119389534,
      0.1111111119389534,
      0.1111111119389534,
      0.1111111119389534,
      0.0625,
      0.0625,
      0.0625,
      0.0625
    ],
    [
      0.1111111119389534,
      0.0625,
      0.0625,
      0.0625,
      0.0625,
      0.25,
      0.1111111119389534,
      0.1111111119389534,
      0.1111111119389534,
      0.1111111119389534,
      1,
      1,
      1,
      1,
      1,
      0.25,
      0.1111111119389534,
      0.1111111119389534,
      0.1111111119389534,
      0.1111111119389534,
      0.1111111119389534,
      0.0625,
      0.0625,
      0.0625,
      0.0625
    ],
    [
      0.1111111119389534,
      0.0625,
      0.0625,
      0.0625,
      0.0625,
      0.25,
      0.1111111119389534,
      0.1111111119389534,
      0.1111111119389534,
      0.1111111119389534,
      1,
      1,
      1,
      1,
      1,
      0.25,
      0.1111111119389534,
      0.1111111119389534,
      0.1111111119389534,
      0.1111111119389534,
      0.1111111119389534,
      0.0625,
      0.0625,
      0.0625,
      0.0625
    ],
    [
      0.1111111119389534,
      0.0625,
      0.0625,
      0.0625,
      0.0625,
      0.25,
      0.1111111119389534,
      0.1111111119389534,
      0.1111111119389534,
      0.1111111119389534,
      1,
      1,
      1,
      1,
      1,
      0.25,
      0.1111111119389534,
      0.1111111119389534,
      0.1111111119389534,
      0.1111111119389534,
      0.1111111119389534,
      0.0625,
      0.0625,
      0.0625,
      0.0625
    ],
    [
      0.25,
      0.1111111119389534,
      0.1111111119389534,
      0.1111111119389534,
      0.1111111119389534,
      0.25,
      0.1111111119389534,
      0.1111111119389534,
      0.1111111119389534,
      0.1111111119389534,
      1,
      0.25,
      0.25,
      0.25,
      0.25,
      1,
      1,
      1,
      1,
      1,
      1,
      0.25,
      0.25,
      0.25,
      0.25
    ],
    [
      0.1111111119389534,
      0.0625,
      0.0625,
      0.0625,
      0.0625,
      0.1111111119389534,
      0.0625,
      0.0625,
      0.0625,
      0.0625,
      0.25,
      0.1111111119389534,
      0.1111111119389534,
      0.1111111119389534,
      0.1111111119389534,
      1,
      1,
      1,
      1,
      1,
      0.25,
      0.1111111119389534,
      0.1111111119389534,
      0.1111111119389534,
      0.1111111119389534
    ],
    [
      0.1111111119389534,
      0.0625,
      0.0625,
      0.0625,
      0.0625,
      0.1111111119389534,
      0.0625,
      0.0625,
      0.0625,
      0.0625,
      0.25,
      0.1111111119389534,
      0.1111111119389534,
      0.1111111119389534,
      0.1111111119389534,
      1,
      1,
      1,
      1,
      1,
      0.25,
      0.1111111119389534,
      0.1111111119389534,
      0.1111111119389534,
      0.1111111119389534
    ],
    [
      0.1111111119389534,
      0.0625,
      0.0625,
      0.0625,
      0.0625,
      0.1111111119389534,
      0.0625,
      0.0625,
      0.0625,
      0.0625,
      0.25,
      0.1111111119389534,
      0.1111111119389534,
      0.1111111119389534,
      0.1111111119389534,
      1,
      1,
      1,
      1,
      1,
      0.25,
      0.1111111119389534,
      0.1111111119389534,
      0.1111111119389534,
      0.1111111119389534
    ],
    [
      0.1111111119389534,
      0.0625,
      0.0625,
      0.0625,
      0.0625,
      0.1111111119389534,
      0.0625,
      0.0625,
      0.0625,
      0.0625,
      0.25,
      0.1111111119389534,
      0.1111111119389534,
      0.1111111119389534,
      0.1111111119389534,
      1,
      1,
      1,
      1,
      1,
      0.25,
      0.1111111119389534,
      0.1111111119389534,
      0.1111111119389534,
      0.1111111119389534
    ],
    [
      1,
      0.25,
      0.25,
      0.25,
      0.25,
      0.25,
      0.1111111119389534,
      0.1111111119389534,
      0.1111111119389534,
      0.1111111119389534,
      0.25,
      0.1111111119389534,
      0.1111111119389534,
      0.1111111119389534,
      0.1111111119389534,
      1,
      0.25,
      0.25,
      0.25,
      0.25,
      1,
      1,
      1,
      1,
      1
    ],
    [
      0.25,
      0.1111111119389534,
      0.1111111119389534,
      0.1111111119389534,
      0.1111111119389534,
      0.1111111119389534,
      0.0625,
      0.0625,
      0.0625,
      0.0625,
      0.1111111119389534,
      0.0625,
      0.0625,
      0.0625,
      0.0625,
      0.25,
      0.1111111119389534,
      0.1111111119389534,
      0.1111111119389534,
      0.1111111119389534,
      1,
      1,
      1,
      1,
      1
    ],
    [
      0.25,
      0.1111111119389534,
      0.1111111119389534,
      0.1111111119389534,
      0.1111111119389534,
      0.1111111119389534,
      0.0625,
      0.0625,
      0.0625,
      0.0625,
      0.1111111119389534,
      0.0625,
      0.0625,
      0.0625,
      0.0625,
      0.25,
      0.1111111119389534,
      0.1111111119389534,
      0.1111111119389534,
      0.1111111119389534,
      1,
      1,
      1,
      1,
      1
    ],
    [
      0.25,
      0.1111111119389534,
      0.1111111119389534,
      0.1111111119389534,
      0.1111111119389534,
      0.1111111119389534,
      0.0625,
      0.0625,
      0.0625,
      0.0625,
      0.1111111119389534,
      0.0625,
      0.0625,
      0.0625,
      0.0625,
      0.25,
      0.1111111119389534,
      0.1111111119389534,
      0.1111111119389534,
      0.1111111119389534,
      1,
      1,
      1,
      1,
      1
    ],
    [
      0.25,
      0.1111111119389534,
      0.1111111119389534,
      0.1111111119389534,
      0.1111111119389534,
      0.1111111119389534,
      0.0625,
      0.0625,
      0.0625,
      0.0625,
      0.1111111119389534,
      0.0625,
      0.0625,
      0.0625,
      0.0625,
      0.25,
      0.1111111119389534,
      0.1111111119389534,
      0.1111111119389534,
      0.1111111119389534,
      1,
      1,
      1,
      1,
      1
    ]
  ]
}