{
  "nodes": [
    {
      "index": 0,
      "id": "0",
      "x": 0.5756965279579163,
      "y": 0.5213677883148193
    },
    {
      "index": 1,
      "id": "1",
      "x": -0.1615074872970581,
      "y": 0.6080623865127563
    },
    {
      "index": 2,
      "id": "2",
      "x": -0.02832888439297676,
      "y": 0.9171886444091797
    },
    {
      "index": 3,
      "id": "3",
      "x": 0.08209122717380524,
      "y": -0.02508702129125595
    },
    {
      "index": 4,
      "id": "4",
      "x": 0.8797081708908081,
      "y": 1.1962615251541138
    },
    {
      "index": 5,
      "id": "5",
      "x": 0.8203790187835693,
      "y": 0.8958809971809387
    },
    {
      "index": 6,
      "id": "6",
      "x": 1.0256599187850952,
      "y": 0.5008775591850281
    },
    {
      "index": 7,
      "id": "7",
      "x": 1.1584053039550781,
      "y": 0.954807698726654
    },
    {
      "index": 8,
      "id": "8",
      "x": 0.419605016708374,
      "y": -0.18814963102340698
    },
    {
      "index": 9,
      "id": "9",
      "x": -0.09704959392547607,
      "y": 0.25364696979522705
    },
    {
      "index": 10,
      "id": "10",
      "x": 0.13259479403495789,
      "y": 0.5300777554512024
    },
    {
      "index": 11,
      "id": "11",
      "x": 1.0818217992782593,
      "y": -0.0016331784427165985
    },
    {
      "index": 12,
      "id": "12",
      "x": 1.261299967765808,
      "y": 0.2778738737106323
    },
    {
      "index": 13,
      "id": "13",
      "x": 0.7520530223846436,
      "y": -0.18732544779777527
    },
    {
      "index": 14,
      "id": "14",
      "x": 0.788971483707428,
      "y": 0.12535080313682556
    },
    {
      "index": 15,
      "id": "15",
      "x": 1.2974870204925537,
      "y": 0.6536415815353394
    },
    {
      "index": 16,
      "id": "16",
      "x": 0.34502822160720825,
      "y": 0.13548031449317932
    },
    {
      "index": 17,
      "id": "17",
      "x": 0.37152567505836487,
      "y": 0.913993775844574
    },
    {
      "index": 18,
      "id": "18",
      "x": 0.20664946734905243,
      "y": 1.1665501594543457
    },
    {
      "index": 19,
      "id": "19",
      "x": 0.5504316091537476,
      "y": 1.244737982749939
    }
  ],
  "edges": [
    {
      "source": "0",
      "target": "5"
    },
    {
      "source": "0",
      "target": "9"
    },
    {
      "source": "0",
      "target": "6"
    },
    {
      "source": "0",
      "target": "15"
    },
    {
      "source": "0",
      "target": "13"
    },
    {
      "source": "0",
      "target": "1"
    },
    {
      "source": "0",
      "target": "10"
    },
    {
      "source": "0",
      "target": "11"
    },
    {
      "source": "0",
      "target": "19"
    },
    {
      "source": "0",
      "target": "8"
    },
    {
      "source": "0",
      "target": "12"
    },
    {
      "source": "0",
      "target": "18"
    },
    {
      "source": "0",
      "target": "17"
    },
    {
      "source": "0",
      "target": "7"
    },
    {
      "source": "0",
      "target": "2"
    },
    {
      "source": "0",
      "target": "3"
    },
    {
      "source": "0",
      "target": "16"
    },
    {
      "source": "0",
      "target": "4"
    },
    {
      "source": "0",
      "target": "14"
    },
    {
      "source": "1",
      "target": "5"
    },
    {
      "source": "1",
      "target": "9"
    },
    {
      "source": "1",
      "target": "6"
    },
    {
      "source": "1",
      "target": "15"
    },
    {
      "source": "1",
      "target": "13"
    },
    {
      "source": "1",
      "target": "10"
    },
    {
      "source": "1",
      "target": "11"
    },
    {
      "source": "1",
      "target": "19"
    },
    {
      "source": "1",
      "target": "8"
    },
    {
      "source": "1",
      "target": "12"
    },
    {
      "source": "1",
      "target": "18"
    },
    {
      "source": "1",
      "target": "17"
    },
    {
      "source": "1",
      "target": "7"
    },
    {
      "source": "1",
      "target": "2"
    },
    {
      "source": "1",
      "target": "3"
    },
    {
      "source": "1",
      "target": "16"
    },
    {
      "source": "1",
      "target": "4"
    },
    {
      "source": "1",
      "target": "14"
    },
    {
      "source": "2",
      "target": "5"
    },
    {
      "source": "2",
      "target": "9"
    },
    {
      "source": "2",
      "target": "6"
    },
    {
      "source": "2",
      "target": "15"
    },
    {
      "source": "2",
      "target": "13"
    },
    {
      "source": "2",
      "target": "10"
    },
    {
      "source": "2",
      "target": "11"
    },
    {
      "source": "2",
      "target": "19"
    },
    {
      "source": "2",
      "target": "8"
    },
    {
      "source": "2",
      "target": "12"
    },
    {
      "source": "2",
      "target": "18"
    },
    {
      "source": "2",
      "target": "17"
    },
    {
      "source": "2",
      "target": "7"
    },
    {
      "source": "2",
      "target": "3"
    },
    {
      "source": "2",
      "target": "16"
    },
    {
      "source": "2",
      "target": "4"
    },
    {
      "source": "2",
      "target": "14"
    },
    {
      "source": "3",
      "target": "5"
    },
    {
      "source": "3",
      "target": "9"
    },
    {
      "source": "3",
      "target": "6"
    },
    {
      "source": "3",
      "target": "15"
    },
    {
      "source": "3",
      "target": "13"
    },
    {
      "source": "3",
      "target": "10"
    },
    {
      "source": "3",
      "target": "11"
    },
    {
      "source": "3",
      "target": "19"
    },
    {
      "source": "3",
      "target": "8"
    },
    {
      "source": "3",
      "target": "12"
    },
    {
      "source": "3",
      "target": "18"
    },
    {
      "source": "3",
      "target": "17"
    },
    {
      "source": "3",
      "target": "7"
    },
    {
      "source": "3",
      "target": "16"
    },
    {
      "source": "3",
      "target": "4"
    },
    {
      "source": "3",
      "target": "14"
    },
    {
      "source": "4",
      "target": "5"
    },
    {
      "source": "4",
      "target": "9"
    },
    {
      "source": "4",
      "target": "6"
    },
    {
      "source": "4",
      "target": "15"
    },
    {
      "source": "4",
      "target": "13"
    },
    {
      "source": "4",
      "target": "10"
    },
    {
      "source": "4",
      "target": "11"
    },
    {
      "source": "4",
      "target": "19"
    },
    {
      "source": "4",
      "target": "8"
    },
    {
      "source": "4",
      "target": "12"
    },
    {
      "source": "4",
      "target": "18"
    },
    {
      "source": "4",
      "target": "17"
    },
    {
      "source": "4",
      "target": "7"
    },
    {
      "source": "4",
      "target": "16"
    },
    {
      "source": "4",
      "target": "14"
    },
    {
      "source": "5",
      "target": "9"
    },
    {
      "source": "5",
      "target": "6"
    },
    {
      "source": "5",
      "target": "15"
    },
    {
      "source": "5",
      "target": "13"
    },
    {
      "source": "5",
      "target": "10"
    },
    {
      "source": "5",
      "target": "11"
    },
    {
      "source": "5",
      "target": "19"
    },
    {
      "source": "5",
      "target": "8"
    },
    {
      "source": "5",
      "target": "12"
    },
    {
      "source": "5",
      "target": "18"
    },
    {
      "source": "5",
      "target": "17"
    },
    {
      "source": "5",
      "target": "7"
    },
    {
      "source": "5",
      "target": "16"
    },
    {
      "source": "5",
      "target": "14"
    },
    {
      "source": "6",
      "target": "9"
    },
    {
      "source": "6",
      "target": "15"
    },
    {
      "source": "6",
      "target": "13"
    },
    {
      "source": "6",
      "target": "10"
    },
    {
      "source": "6",
      "target": "11"
    },
    {
      "source": "6",
      "target": "19"
    },
    {
      "source": "6",
      "target": "8"
    },
    {
      "source": "6",
      "target": "12"
    },
    {
      "source": "6",
      "target": "18"
    },
    {
      "source": "6",
      "target": "17"
    },
    {
      "source": "6",
      "target": "7"
    },
    {
      "source": "6",
      "target": "16"
    },
    {
      "source": "6",
      "target": "14"
    },
    {
      "source": "7",
      "target": "9"
    },
    {
      "source": "7",
      "target": "15"
    },
    {
      "source": "7",
      "target": "13"
    },
    {
      "source": "7",
      "target": "10"
    },
    {
      "source": "7",
      "target": "11"
    },
    {
      "source": "7",
      "target": "19"
    },
    {
      "source": "7",
      "target": "8"
    },
    {
      "source": "7",
      "target": "12"
    },
    {
      "source": "7",
      "target": "18"
    },
    {
      "source": "7",
      "target": "17"
    },
    {
      "source": "7",
      "target": "16"
    },
    {
      "source": "7",
      "target": "14"
    },
    {
      "source": "8",
      "target": "9"
    },
    {
      "source": "8",
      "target": "15"
    },
    {
      "source": "8",
      "target": "13"
    },
    {
      "source": "8",
      "target": "10"
    },
    {
      "source": "8",
      "target": "11"
    },
    {
      "source": "8",
      "target": "19"
    },
    {
      "source": "8",
      "target": "12"
    },
    {
      "source": "8",
      "target": "18"
    },
    {
      "source": "8",
      "target": "17"
    },
    {
      "source": "8",
      "target": "16"
    },
    {
      "source": "8",
      "target": "14"
    },
    {
      "source": "9",
      "target": "15"
    },
    {
      "source": "9",
      "target": "13"
    },
    {
      "source": "9",
      "target": "10"
    },
    {
      "source": "9",
      "target": "11"
    },
    {
      "source": "9",
      "target": "19"
    },
    {
      "source": "9",
      "target": "12"
    },
    {
      "source": "9",
      "target": "18"
    },
    {
      "source": "9",
      "target": "17"
    },
    {
      "source": "9",
      "target": "16"
    },
    {
      "source": "9",
      "target": "14"
    },
    {
      "source": "10",
      "target": "15"
    },
    {
      "source": "10",
      "target": "13"
    },
    {
      "source": "10",
      "target": "11"
    },
    {
      "source": "10",
      "target": "19"
    },
    {
      "source": "10",
      "target": "12"
    },
    {
      "source": "10",
      "target": "18"
    },
    {
      "source": "10",
      "target": "17"
    },
    {
      "source": "10",
      "target": "16"
    },
    {
      "source": "10",
      "target": "14"
    },
    {
      "source": "11",
      "target": "15"
    },
    {
      "source": "11",
      "target": "13"
    },
    {
      "source": "11",
      "target": "19"
    },
    {
      "source": "11",
      "target": "12"
    },
    {
      "source": "11",
      "target": "18"
    },
    {
      "source": "11",
      "target": "17"
    },
    {
      "source": "11",
      "target": "16"
    },
    {
      "source": "11",
      "target": "14"
    },
    {
      "source": "12",
      "target": "15"
    },
    {
      "source": "12",
      "target": "13"
    },
    {
      "source": "12",
      "target": "19"
    },
    {
      "source": "12",
      "target": "18"
    },
    {
      "source": "12",
      "target": "17"
    },
    {
      "source": "12",
      "target": "16"
    },
    {
      "source": "12",
      "target": "14"
    },
    {
      "source": "13",
      "target": "15"
    },
    {
      "source": "13",
      "target": "19"
    },
    {
      "source": "13",
      "target": "18"
    },
    {
      "source": "13",
      "target": "17"
    },
    {
      "source": "13",
      "target": "16"
    },
    {
      "source": "13",
      "target": "14"
    },
    {
      "source": "14",
      "target": "15"
    },
    {
      "source": "14",
      "target": "19"
    },
    {
      "source": "14",
      "target": "18"
    },
    {
      "source": "14",
      "target": "17"
    },
    {
      "source": "14",
      "target": "16"
    },
    {
      "source": "15",
      "target": "19"
    },
    {
      "source": "15",
      "target": "18"
    },
    {
      "source": "15",
      "target": "17"
    },
    {
      "source": "15",
      "target": "16"
    },
    {
      "source": "16",
      "target": "19"
    },
    {
      "source": "16",
      "target": "18"
    },
    {
      "source": "16",
      "target": "17"
    },
    {
      "source": "17",
      "target": "19"
    },
    {
      "source": "17",
      "target": "18"
    },
    {
      "source": "18",
      "target": "19"
    }
  ],
  "coef": {
    "stress": 0.12,
    "crossing_angle": 0,
    "neighbor": 0,
    "edge_uniformity": 0,
    "crossing_number": 0,
    "angular_resolution": 0,
    "vertex_resolution": 0.03,
    "gabriel": 0,
    "aspect_ratio": 0
  },
  "optimizer": {
    "lr": 0.40677164958103224,
    "momentum": 0.5
  },
  "graphDistance": [
    [
      0,
      1,
      1,
      1,
      1,
      1,
      1,
      1,
      1,
      1,
      1,
      1,
      1,
      1,
      1,
      1,
      1,
      1,
      1,
      1
    ],
    [
      1,
      0,
      1,
      1,
      1,
      1,
      1,
      1,
      1,
      1,
      1,
      1,
      1,
      1,
      1,
      1,
      1,
      1,
      1,
      1
    ],
    [
      1,
      1,
      0,
      1,
      1,
      1,
      1,
      1,
      1,
      1,
      1,
      1,
      1,
      1,
      1,
      1,
      1,
      1,
      1,
      1
    ],
    [
      1,
      1,
      1,
      0,
      1,
      1,
      1,
      1,
      1,
      1,
      1,
      1,
      1,
      1,
      1,
      1,
      1,
      1,
      1,
      1
    ],
    [
      1,
      1,
      1,
      1,
      0,
      1,
      1,
      1,
      1,
      1,
      1,
      1,
      1,
      1,
      1,
      1,
      1,
      1,
      1,
      1
    ],
    [
      1,
      1,
      1,
      1,
      1,
      0,
      1,
      1,
      1,
      1,
      1,
      1,
      1,
      1,
      1,
      1,
      1,
      1,
      1,
      1
    ],
    [
      1,
      1,
      1,
      1,
      1,
      1,
      0,
      1,
      1,
      1,
      1,
      1,
      1,
      1,
      1,
      1,
      1,
      1,
      1,
      1
    ],
    [
      1,
      1,
      1,
      1,
      1,
      1,
      1,
      0,
      1,
      1,
      1,
      1,
      1,
      1,
      1,
      1,
      1,
      1,
      1,
      1
    ],
    [
      1,
      1,
      1,
      1,
      1,
      1,
      1,
      1,
      0,
      1,
      1,
      1,
      1,
      1,
      1,
      1,
      1,
      1,
      1,
      1
    ],
    [
      1,
      1,
      1,
      1,
      1,
      1,
      1,
      1,
      1,
      0,
      1,
      1,
      1,
      1,
      1,
      1,
      1,
      1,
      1,
      1
    ],
    [
      1,
      1,
      1,
      1,
      1,
      1,
      1,
      1,
      1,
      1,
      0,
      1,
      1,
      1,
      1,
      1,
      1,
      1,
      1,
      1
    ],
    [
      1,
      1,
      1,
      1,
      1,
      1,
      1,
      1,
      1,
      1,
      1,
      0,
      1,
      1,
      1,
      1,
      1,
      1,
      1,
      1
    ],
    [
      1,
      1,
      1,
      1,
      1,
      1,
      1,
      1,
      1,
      1,
      1,
      1,
      0,
      1,
      1,
      1,
      1,
      1,
      1,
      1
    ],
    [
      1,
      1,
      1,
      1,
      1,
      1,
      1,
      1,
      1,
      1,
      1,
      1,
      1,
      0,
      1,
      1,
      1,
      1,
      1,
      1
    ],
    [
      1,
      1,
      1,
      1,
      1,
      1,
      1,
      1,
      1,
      1,
      1,
      1,
      1,
      1,
      0,
      1,
      1,
      1,
      1,
      1
    ],
    [
      1,
      1,
      1,
      1,
      1,
      1,
      1,
      1,
      1,
      1,
      1,
      1,
      1,
      1,
      1,
      0,
      1,
      1,
      1,
      1
    ],
    [
      1,
      1,
      1,
      1,
      1,
      1,
      1,
      1,
      1,
      1,
      1,
      1,
      1,
      1,
      1,
      1,
      0,
      1,
      1,
      1
    ],
    [
      1,
      1,
      1,
      1,
      1,
      1,
      1,
      1,
      1,
      1,
      1,
      1,
      1,
      1,
      1,
      1,
      1,
      0,
      1,
      1
    ],
    [
      1,
      1,
      1,
      1,
      1,
      1,
      1,
      1,
      1,
      1,
      1,
      1,
      1,
      1,
      1,
      1,
      1,
      1,
      0,
      1
    ],
    [
      1,
      1,
      1,
      1,
      1,
      1,
      1,
      1,
      1,
      1,
      1,
      1,
      1,
      1,
      1,
      1,
      1,
      1,
      1,
      0
    ]
  ],
  "weight": [
    [
      1,
      1,
      1,
      1,
      1,
      1,
      1,
      1,
      1,
      1,
      1,
      1,
      1,
      1,
      1,
      1,
      1,
      1,
      1,
      1
    ],
    [
      1,
      1,
      1,
      1,
      1,
      1,
      1,
      1,
      1,
      1,
      1,
      1,
      1,
      1,
      1,
      1,
      1,
      1,
      1,
      1
    ],
    [
      1,
      1,
      1,
      1,
      1,
      1,
      1,
      1,
      1,
      1,
      1,
      1,
      1,
      1,
      1,
      1,
      1,
      1,
      1,
      1
    ],
    [
      1,
      1,
      1,
      1,
      1,
      1,
      1,
      1,
      1,
      1,
      1,
      1,
      1,
      1,
      1,
      1,
      1,
      1,
      1,
      1
    ],
    [
      1,
      1,
      1,
      1,
      1,
      1,
      1,
      1,
      1,
      1,
      1,
      1,
      1,
      1,
      1,
      1,
      1,
      1,
      1,
      1
    ],
    [
      1,
      1,
      1,
      1,
      1,
      1,
      1,
      1,
      1,
      1,
      1,
      1,
      1,
      1,
      1,
      1,
      1,
      1,
      1,
      1
    ],
    [
      1,
      1,
      1,
      1,
      1,
      1,
      1,
      1,
      1,
      1,
      1,
      1,
      1,
      1,
      1,
      1,
      1,
      1,
      1,
      1
    ],
    [
      1,
      1,
      1,
      1,
      1,
      1,
      1,
      1,
      1,
      1,
      1,
      1,
      1,
      1,
      1,
      1,
      1,
      1,
      1,
      1
    ],
    [
      1,
      1,
      1,
      1,
      1,
      1,
      1,
      1,
      1,
      1,
      1,
      1,
      1,
      1,
      1,
      1,
      1,
      1,
      1,
      1
    ],
    [
      1,
      1,
      1,
      1,
      1,
      1,
      1,
      1,
      1,
      1,
      1,
      1,
      1,
      1,
      1,
      1,
      1,
      1,
      1,
      1
    ],
    [
      1,
      1,
      1,
      1,
      1,
      1,
      1,
      1,
      1,
      1,
      1,
      1,
      1,
      1,
      1,
      1,
      1,
      1,
      1,
      1
    ],
    [
      1,
      1,
      1,
      1,
      1,
      1,
      1,
      1,
      1,
      1,
      1,
      1,
      1,
      1,
      1,
      1,
      1,
      1,
      1,
      1
    ],
    [
      1,
      1,
      1,
      1,
      1,
      1,
      1,
      1,
      1,
      1,
      1,
      1,
      1,
      1,
      1,
      1,
      1,
      1,
      1,
      1
    ],
    [
      1,
      1,
      1,
      1,
      1,
      1,
      1,
      1,
      1,
      1,
      1,
      1,
      1,
      1,
      1,
      1,
      1,
      1,
      1,
      1
    ],
    [
      1,
      1,
      1,
      1,
      1,
      1,
      1,
      1,
      1,
      1,
      1,
      1,
      1,
      1,
      1,
      1,
      1,
      1,
      1,
      1
    ],
    [
      1,
      1,
      1,
      1,
      1,
      1,
      1,
      1,
      1,
      1,
      1,
      1,
      1,
      1,
      1,
      1,
      1,
      1,
      1,
      1
    ],
    [
      1,
      1,
      1,
      1,
      1,
      1,
      1,
      1,
      1,
      1,
      1,
      1,
      1,
      1,
      1,
      1,
      1,
      1,
      1,
      1
    ],
    [
      1,
      1,
      1,
      1,
      1,
      1,
      1,
      1,
      1,
      1,
      1,
      1,
      1,
      1,
      1,
      1,
      1,
      1,
      1,
      1
    ],
    [
      1,
      1,
      1,
      1,
      1,
      1,
      1,
      1,
      1,
      1,
      1,
      1,
      1,
      1,
      1,
      1,
      1,
      1,
      1,
      1
    ],
    [
      1,
      1,
      1,
      1,
      1,
      1,
      1,
      1,
      1,
      1,
      1,
      1,
      1,
      1,
      1,
      1,
      1,
      1,
      1,
      1
    ]
  ]
}