{
  "nodes": [
    {
      "index": 0,
      "id": "(0, 0, 0)",
      "x": -1.097915530204773,
      "y": 0.3696838915348053
    },
    {
      "index": 1,
      "id": "(0, 0, 1)",
      "x": -0.09299133718013763,
      "y": 0.04006965085864067
    },
    {
      "index": 2,
      "id": "(0, 1, 0)",
      "x": -0.2257155328989029,
      "y": 0.9696876406669617
    },
    {
      "index": 3,
      "id": "(0, 1, 1)",
      "x": 0.7791303396224976,
      "y": 0.6392725110054016
    },
    {
      "index": 4,
      "id": "(1, 0, 0)",
      "x": -0.7798698544502258,
      "y": -0.6392245888710022
    },
    {
      "index": 5,
      "id": "(1, 0, 1)",
      "x": 0.2259606420993805,
      "y": -0.9704599976539612
    },
    {
      "index": 6,
      "id": "(1, 1, 0)",
      "x": 0.09297268092632294,
      "y": -0.039494987577199936
    },
    {
      "index": 7,
      "id": "(1, 1, 1)",
      "x": 1.0981345176696777,
      "y": -0.36976325511932373
    }
  ],
  "edges": [
    {
      "source": "(0, 0, 0)",
      "target": "(0, 1, 0)"
    },
    {
      "source": "(0, 0, 0)",
      "target": "(1, 0, 0)"
    },
    {
      "source": "(0, 0, 0)",
      "target": "(0, 0, 1)"
    },
    {
      "source": "(0, 0, 1)",
      "target": "(1, 0, 1)"
    },
    {
      "source": "(0, 0, 1)",
      "target": "(0, 1, 1)"
    },
    {
      "source": "(0, 1, 0)",
      "target": "(1, 1, 0)"
    },
    {
      "source": "(0, 1, 0)",
      "target": "(0, 1, 1)"
    },
    {
      "source": "(0, 1, 1)",
      "target": "(1, 1, 1)"
    },
    {
      "source": "(1, 0, 0)",
      "target": "(1, 1, 0)"
    },
    {
      "source": "(1, 0, 0)",
      "target": "(1, 0, 1)"
    },
    {
      "source": "(1, 0, 1)",
      "target": "(1, 1, 1)"
    },
    {
      "source": "(1, 1, 0)",
      "target": "(1, 1, 1)"
    }
  ],
  "coef": {
    "stress": 0,
    "crossing_angle": 0,
    "neighbor": 0.11,
    "edge_uniformity": 0.34,
    "crossing_number": 0,
    "angular_resolution": 0,
    "vertex_resolution": 0,
    "gabriel": 0,
    "aspect_ratio": 0
  },
  "optimizer": {
    "lr": 0.3870292672675483,
    "momentum": 0.5
  },
  "graphDistance": [
    [
      0,
      1,
      1,
      2,
      1,
      2,
      2,
      3
    ],
    [
      1,
      0,
      2,
      1,
      2,
      1,
      3,
      2
    ],
    [
      1,
      2,
      0,
      1,
      2,
      3,
      1,
      2
    ],
    [
      2,
      1,
      1,
      0,
      3,
      2,
      2,
      1
    ],
    [
      1,
      2,
      2,
      3,
      0,
      1,
      1,
      2
    ],
    [
      2,
      1,
      3,
      2,
      1,
      0,
      2,
      1
    ],
    [
      2,
      3,
      1,
      2,
      1,
      2,
      0,
      1
    ],
    [
      3,
      2,
      2,
      1,
      2,
      1,
      1,
      0
    ]
  ],
  "weight": [
    [
      1,
      1,
      1,
      0.25,
      1,
      0.25,
      0.25,
      0.1111111119389534
    ],
    [
      1,
      1,
      0.25,
      1,
      0.25,
      1,
      0.1111111119389534,
      0.25
    ],
    [
      1,
      0.25,
      1,
      1,
      0.25,
      0.1111111119389534,
      1,
      0.25
    ],
    [
      0.25,
      1,
      1,
      1,
      0.1111111119389534,
      0.25,
      0.25,
      1
    ],
    [
      1,
      0.25,
      0.25,
      0.1111111119389534,
      1,
      1,
      1,
      0.25
    ],
    [
      0.25,
      1,
      0.1111111119389534,
      0.25,
      1,
      1,
      0.25,
      1
    ],
    [
      0.25,
      0.1111111119389534,
      1,
      0.25,
      1,
      0.25,
      1,
      1
    ],
    [
      0.1111111119389534,
      0.25,
      0.25,
      1,
      0.25,
      1,
      1,
      1
    ]
  ]
}