{
  "nodes": [
    {
      "index": 0,
      "id": "0",
      "x": 2.923941135406494,
      "y": 1.6776620149612427
    },
    {
      "index": 1,
      "id": "1",
      "x": -0.918286144733429,
      "y": -1.1775226593017578
    },
    {
      "index": 2,
      "id": "2",
      "x": -2.0423583984375,
      "y": -0.9200814366340637
    },
    {
      "index": 3,
      "id": "3",
      "x": -3.0906288623809814,
      "y": 2.1480040550231934
    },
    {
      "index": 4,
      "id": "4",
      "x": -2.1532437801361084,
      "y": 1.5014922618865967
    },
    {
      "index": 5,
      "id": "5",
      "x": -0.34847700595855713,
      "y": -0.3432472050189972
    },
    {
      "index": 6,
      "id": "6",
      "x": -3.682929754257202,
      "y": -2.483438491821289
    },
    {
      "index": 7,
      "id": "7",
      "x": 1.0625464916229248,
      "y": -1.9654288291931152
    },
    {
      "index": 8,
      "id": "8",
      "x": -0.10541880875825882,
      "y": -1.9565073251724243
    },
    {
      "index": 9,
      "id": "9",
      "x": -2.22723650932312,
      "y": 0.2832587659358978
    },
    {
      "index": 10,
      "id": "10",
      "x": -2.86832594871521,
      "y": -1.6968563795089722
    },
    {
      "index": 11,
      "id": "11",
      "x": 0.9332476258277893,
      "y": 1.224169135093689
    },
    {
      "index": 12,
      "id": "12",
      "x": 2.061274290084839,
      "y": 0.9425621032714844
    },
    {
      "index": 13,
      "id": "13",
      "x": 3.084332227706909,
      "y": -2.126894474029541
    },
    {
      "index": 14,
      "id": "14",
      "x": 2.150425910949707,
      "y": -1.4763829708099365
    },
    {
      "index": 15,
      "id": "15",
      "x": 0.3576614260673523,
      "y": 0.39553797245025635
    },
    {
      "index": 16,
      "id": "16",
      "x": 3.8032724857330322,
      "y": 2.390627861022949
    },
    {
      "index": 17,
      "id": "17",
      "x": -1.061475157737732,
      "y": 1.9992841482162476
    },
    {
      "index": 18,
      "id": "18",
      "x": 0.1141187995672226,
      "y": 2.0031118392944336
    },
    {
      "index": 19,
      "id": "19",
      "x": 2.225618600845337,
      "y": -0.2615858018398285
    }
  ],
  "edges": [
    {
      "source": "0",
      "target": "16"
    },
    {
      "source": "0",
      "target": "12"
    },
    {
      "source": "1",
      "target": "5"
    },
    {
      "source": "1",
      "target": "8"
    },
    {
      "source": "1",
      "target": "2"
    },
    {
      "source": "2",
      "target": "9"
    },
    {
      "source": "2",
      "target": "10"
    },
    {
      "source": "3",
      "target": "4"
    },
    {
      "source": "4",
      "target": "9"
    },
    {
      "source": "4",
      "target": "17"
    },
    {
      "source": "5",
      "target": "15"
    },
    {
      "source": "6",
      "target": "10"
    },
    {
      "source": "7",
      "target": "8"
    },
    {
      "source": "7",
      "target": "14"
    },
    {
      "source": "11",
      "target": "15"
    },
    {
      "source": "11",
      "target": "18"
    },
    {
      "source": "11",
      "target": "12"
    },
    {
      "source": "12",
      "target": "19"
    },
    {
      "source": "13",
      "target": "14"
    },
    {
      "source": "14",
      "target": "19"
    },
    {
      "source": "17",
      "target": "18"
    }
  ],
  "coef": {
    "stress": 0.05,
    "crossing_angle": 0,
    "neighbor": 0,
    "edge_uniformity": 1,
    "crossing_number": 0,
    "angular_resolution": 1,
    "vertex_resolution": 0,
    "gabriel": 0,
    "aspect_ratio": 0
  },
  "optimizer": {
    "lr": 0.3756467937695376,
    "momentum": 0.5
  },
  "graphDistance": [
    [
      0,
      5,
      6,
      6,
      5,
      4,
      8,
      4,
      5,
      6,
      7,
      2,
      1,
      4,
      3,
      3,
      1,
      4,
      3,
      2
    ],
    [
      5,
      0,
      1,
      4,
      3,
      1,
      3,
      2,
      1,
      2,
      2,
      3,
      4,
      4,
      3,
      2,
      6,
      4,
      4,
      4
    ],
    [
      6,
      1,
      0,
      3,
      2,
      2,
      2,
      3,
      2,
      1,
      1,
      4,
      5,
      5,
      4,
      3,
      7,
      3,
      4,
      5
    ],
    [
      6,
      4,
      3,
      0,
      1,
      5,
      5,
      6,
      5,
      2,
      4,
      4,
      5,
      8,
      7,
      5,
      7,
      2,
      3,
      6
    ],
    [
      5,
      3,
      2,
      1,
      0,
      4,
      4,
      5,
      4,
      1,
      3,
      3,
      4,
      7,
      6,
      4,
      6,
      1,
      2,
      5
    ],
    [
      4,
      1,
      2,
      5,
      4,
      0,
      4,
      3,
      2,
      3,
      3,
      2,
      3,
      5,
      4,
      1,
      5,
      4,
      3,
      4
    ],
    [
      8,
      3,
      2,
      5,
      4,
      4,
      0,
      5,
      4,
      3,
      1,
      6,
      7,
      7,
      6,
      5,
      9,
      5,
      6,
      7
    ],
    [
      4,
      2,
      3,
      6,
      5,
      3,
      5,
      0,
      1,
      4,
      4,
      4,
      3,
      2,
      1,
      4,
      5,
      6,
      5,
      2
    ],
    [
      5,
      1,
      2,
      5,
      4,
      2,
      4,
      1,
      0,
      3,
      3,
      4,
      4,
      3,
      2,
      3,
      6,
      5,
      5,
      3
    ],
    [
      6,
      2,
      1,
      2,
      1,
      3,
      3,
      4,
      3,
      0,
      2,
      4,
      5,
      6,
      5,
      4,
      7,
      2,
      3,
      6
    ],
    [
      7,
      2,
      1,
      4,
      3,
      3,
      1,
      4,
      3,
      2,
      0,
      5,
      6,
      6,
      5,
      4,
      8,
      4,
      5,
      6
    ],
    [
      2,
      3,
      4,
      4,
      3,
      2,
      6,
      4,
      4,
      4,
      5,
      0,
      1,
      4,
      3,
      1,
      3,
      2,
      1,
      2
    ],
    [
      1,
      4,
      5,
      5,
      4,
      3,
      7,
      3,
      4,
      5,
      6,
      1,
      0,
      3,
      2,
      2,
      2,
      3,
      2,
      1
    ],
    [
      4,
      4,
      5,
      8,
      7,
      5,
      7,
      2,
      3,
      6,
      6,
      4,
      3,
      0,
      1,
      5,
      5,
      6,
      5,
      2
    ],
    [
      3,
      3,
      4,
      7,
      6,
      4,
      6,
      1,
      2,
      5,
      5,
      3,
      2,
      1,
      0,
      4,
      4,
      5,
      4,
      1
    ],
    [
      3,
      2,
      3,
      5,
      4,
      1,
      5,
      4,
      3,
      4,
      4,
      1,
      2,
      5,
      4,
      0,
      4,
      3,
      2,
      3
    ],
    [
      1,
      6,
      7,
      7,
      6,
      5,
      9,
      5,
      6,
      7,
      8,
      3,
      2,
      5,
      4,
      4,
      0,
      5,
      4,
      3
    ],
    [
      4,
      4,
      3,
      2,
      1,
      4,
      5,
      6,
      5,
      2,
      4,
      2,
      3,
      6,
      5,
      3,
      5,
      0,
      1,
      4
    ],
    [
      3,
      4,
      4,
      3,
      2,
      3,
      6,
      5,
      5,
      3,
      5,
      1,
      2,
      5,
      4,
      2,
      4,
      1,
      0,
      3
    ],
    [
      2,
      4,
      5,
      6,
      5,
      4,
      7,
      2,
      3,
      6,
      6,
      2,
      1,
      2,
      1,
      3,
      3,
      4,
      3,
      0
    ]
  ],
  "weight": [
    [
      1,
      0.03999999910593033,
      0.02777777798473835,
      0.02777777798473835,
      0.03999999910593033,
      0.0625,
      0.015625,
      0.0625,
      0.03999999910593033,
      0.02777777798473835,
      0.020408162847161293,
      0.25,
      1,
      0.0625,
      0.1111111119389534,
      0.1111111119389534,
      1,
      0.0625,
      0.1111111119389534,
      0.25
    ],
    [
      0.03999999910593033,
      1,
      1,
      0.0625,
      0.1111111119389534,
      1,
      0.1111111119389534,
      0.25,
      1,
      0.25,
      0.25,
      0.1111111119389534,
      0.0625,
      0.0625,
      0.1111111119389534,
      0.25,
      0.02777777798473835,
      0.0625,
      0.0625,
      0.0625
    ],
    [
      0.02777777798473835,
      1,
      1,
      0.1111111119389534,
      0.25,
      0.25,
      0.25,
      0.1111111119389534,
      0.25,
      1,
      1,
      0.0625,
      0.03999999910593033,
      0.03999999910593033,
      0.0625,
      0.1111111119389534,
      0.020408162847161293,
      0.1111111119389534,
      0.0625,
      0.03999999910593033
    ],
    [
      0.02777777798473835,
      0.0625,
      0.1111111119389534,
      1,
      1,
      0.03999999910593033,
      0.03999999910593033,
      0.02777777798473835,
      0.03999999910593033,
      0.25,
      0.0625,
      0.0625,
      0.03999999910593033,
      0.015625,
      0.020408162847161293,
      0.03999999910593033,
      0.020408162847161293,
      0.25,
      0.1111111119389534,
      0.02777777798473835
    ],
    [
      0.03999999910593033,
      0.1111111119389534,
      0.25,
      1,
      1,
      0.0625,
      0.0625,
      0.03999999910593033,
      0.0625,
      1,
      0.1111111119389534,
      0.1111111119389534,
      0.0625,
      0.020408162847161293,
      0.02777777798473835,
      0.0625,
      0.02777777798473835,
      1,
      0.25,
      0.03999999910593033
    ],
    [
      0.0625,
      1,
      0.25,
      0.03999999910593033,
      0.0625,
      1,
      0.0625,
      0.1111111119389534,
      0.25,
      0.1111111119389534,
      0.1111111119389534,
      0.25,
      0.1111111119389534,
      0.03999999910593033,
      0.0625,
      1,
      0.03999999910593033,
      0.0625,
      0.1111111119389534,
      0.0625
    ],
    [
      0.015625,
      0.1111111119389534,
      0.25,
      0.03999999910593033,
      0.0625,
      0.0625,
      1,
      0.03999999910593033,
      0.0625,
      0.1111111119389534,
      1,
      0.02777777798473835,
      0.020408162847161293,
      0.020408162847161293,
      0.02777777798473835,
      0.03999999910593033,
      0.012345679104328156,
      0.03999999910593033,
      0.02777777798473835,
      0.020408162847161293
    ],
    [
      0.0625,
      0.25,
      0.1111111119389534,
      0.02777777798473835,
      0.03999999910593033,
      0.1111111119389534,
      0.03999999910593033,
      1,
      1,
      0.0625,
      0.0625,
      0.0625,
      0.1111111119389534,
      0.25,
      1,
      0.0625,
      0.03999999910593033,
      0.02777777798473835,
      0.03999999910593033,
      0.25
    ],
    [
      0.03999999910593033,
      1,
      0.25,
      0.03999999910593033,
      0.0625,
      0.25,
      0.0625,
      1,
      1,
      0.1111111119389534,
      0.1111111119389534,
      0.0625,
      0.0625,
      0.1111111119389534,
      0.25,
      0.1111111119389534,
      0.02777777798473835,
      0.03999999910593033,
      0.03999999910593033,
      0.1111111119389534
    ],
    [
      0.02777777798473835,
      0.25,
      1,
      0.25,
      1,
      0.1111111119389534,
      0.1111111119389534,
      0.0625,
      0.1111111119389534,
      1,
      0.25,
      0.0625,
      0.03999999910593033,
      0.02777777798473835,
      0.03999999910593033,
      0.0625,
      0.020408162847161293,
      0.25,
      0.1111111119389534,
      0.02777777798473835
    ],
    [
      0.020408162847161293,
      0.25,
      1,
      0.0625,
      0.1111111119389534,
      0.1111111119389534,
      1,
      0.0625,
      0.1111111119389534,
      0.25,
      1,
      0.03999999910593033,
      0.02777777798473835,
      0.02777777798473835,
      0.03999999910593033,
      0.0625,
      0.015625,
      0.0625,
      0.03999999910593033,
      0.02777777798473835
    ],
    [
      0.25,
      0.1111111119389534,
      0.0625,
      0.0625,
      0.1111111119389534,
      0.25,
      0.02777777798473835,
      0.0625,
      0.0625,
      0.0625,
      0.03999999910593033,
      1,
      1,
      0.0625,
      0.1111111119389534,
      1,
      0.1111111119389534,
      0.25,
      1,
      0.25
    ],
    [
      1,
      0.0625,
      0.03999999910593033,
      0.03999999910593033,
      0.0625,
      0.1111111119389534,
      0.020408162847161293,
      0.1111111119389534,
      0.0625,
      0.03999999910593033,
      0.02777777798473835,
      1,
      1,
      0.1111111119389534,
      0.25,
      0.25,
      0.25,
      0.1111111119389534,
      0.25,
      1
    ],
    [
      0.0625,
      0.0625,
      0.03999999910593033,
      0.015625,
      0.020408162847161293,
      0.03999999910593033,
      0.020408162847161293,
      0.25,
      0.1111111119389534,
      0.02777777798473835,
      0.02777777798473835,
      0.0625,
      0.1111111119389534,
      1,
      1,
      0.03999999910593033,
      0.03999999910593033,
      0.02777777798473835,
      0.03999999910593033,
      0.25
    ],
    [
      0.1111111119389534,
      0.1111111119389534,
      0.0625,
      0.020408162847161293,
      0.02777777798473835,
      0.0625,
      0.02777777798473835,
      1,
      0.25,
      0.03999999910593033,
      0.03999999910593033,
      0.1111111119389534,
      0.25,
      1,
      1,
      0.0625,
      0.0625,
      0.03999999910593033,
      0.0625,
      1
    ],
    [
      0.1111111119389534,
      0.25,
      0.1111111119389534,
      0.03999999910593033,
      0.0625,
      1,
      0.03999999910593033,
      0.0625,
      0.1111111119389534,
      0.0625,
      0.0625,
      1,
      0.25,
      0.03999999910593033,
      0.0625,
      1,
      0.0625,
      0.1111111119389534,
      0.25,
      0.1111111119389534
    ],
    [
      1,
      0.02777777798473835,
      0.020408162847161293,
      0.020408162847161293,
      0.02777777798473835,
      0.03999999910593033,
      0.012345679104328156,
      0.03999999910593033,
      0.02777777798473835,
      0.020408162847161293,
      0.015625,
      0.1111111119389534,
      0.25,
      0.03999999910593033,
      0.0625,
      0.0625,
      1,
      0.03999999910593033,
      0.0625,
      0.1111111119389534
    ],
    [
      0.0625,
      0.0625,
      0.1111111119389534,
      0.25,
      1,
      0.0625,
      0.03999999910593033,
      0.02777777798473835,
      0.03999999910593033,
      0.25,
      0.0625,
      0.25,
      0.1111111119389534,
      0.02777777798473835,
      0.03999999910593033,
      0.1111111119389534,
      0.03999999910593033,
      1,
      1,
      0.0625
    ],
    [
      0.1111111119389534,
      0.0625,
      0.0625,
      0.1111111119389534,
      0.25,
      0.1111111119389534,
      0.02777777798473835,
      0.03999999910593033,
      0.03999999910593033,
      0.1111111119389534,
      0.03999999910593033,
      1,
      0.25,
      0.03999999910593033,
      0.0625,
      0.25,
      0.0625,
      1,
      1,
      0.1111111119389534
    ],
    [
      0.25,
      0.0625,
      0.03999999910593033,
      0.02777777798473835,
      0.03999999910593033,
      0.0625,
      0.020408162847161293,
      0.25,
      0.1111111119389534,
      0.02777777798473835,
      0.02777777798473835,
      0.25,
      1,
      0.25,
      1,
      0.1111111119389534,
      0.1111111119389534,
      0.0625,
      0.1111111119389534,
      1
    ]
  ]
}