{
  "nodes": [
    {
      "index": 0,
      "id": "0",
      "x": -0.0003945346106775105,
      "y": 0.017681540921330452
    },
    {
      "index": 1,
      "id": "1",
      "x": -1.1737916469573975,
      "y": -0.07586506754159927
    },
    {
      "index": 2,
      "id": "2",
      "x": 1.1742907762527466,
      "y": 0.09309496730566025
    },
    {
      "index": 3,
      "id": "3",
      "x": -1.6960505247116089,
      "y": -1.193508505821228
    },
    {
      "index": 4,
      "id": "4",
      "x": -1.8711978197097778,
      "y": 0.9394424557685852
    },
    {
      "index": 5,
      "id": "5",
      "x": 1.7179436683654785,
      "y": 1.1985965967178345
    },
    {
      "index": 6,
      "id": "6",
      "x": 1.850080966949463,
      "y": -0.9391497373580933
    },
    {
      "index": 7,
      "id": "7",
      "x": -2.7770559787750244,
      "y": -1.41498601436615
    },
    {
      "index": 8,
      "id": "8",
      "x": -1.286150336265564,
      "y": -2.2554824352264404
    },
    {
      "index": 9,
      "id": "9",
      "x": -1.645593523979187,
      "y": 2.0559873580932617
    },
    {
      "index": 10,
      "id": "10",
      "x": -2.97457218170166,
      "y": 0.9694980382919312
    },
    {
      "index": 11,
      "id": "11",
      "x": 1.3320090770721436,
      "y": 2.270312547683716
    },
    {
      "index": 12,
      "id": "12",
      "x": 2.8045830726623535,
      "y": 1.3894531726837158
    },
    {
      "index": 13,
      "id": "13",
      "x": 2.952019453048706,
      "y": -1.0067435503005981
    },
    {
      "index": 14,
      "id": "14",
      "x": 1.5939198732376099,
      "y": -2.0483100414276123
    }
  ],
  "edges": [
    {
      "source": "0",
      "target": "1"
    },
    {
      "source": "0",
      "target": "2"
    },
    {
      "source": "1",
      "target": "3"
    },
    {
      "source": "1",
      "target": "4"
    },
    {
      "source": "2",
      "target": "5"
    },
    {
      "source": "2",
      "target": "6"
    },
    {
      "source": "3",
      "target": "8"
    },
    {
      "source": "3",
      "target": "7"
    },
    {
      "source": "4",
      "target": "9"
    },
    {
      "source": "4",
      "target": "10"
    },
    {
      "source": "5",
      "target": "12"
    },
    {
      "source": "5",
      "target": "11"
    },
    {
      "source": "6",
      "target": "13"
    },
    {
      "source": "6",
      "target": "14"
    }
  ],
  "coef": {
    "stress": 0.12,
    "crossing_angle": 0,
    "neighbor": 0,
    "edge_uniformity": 0.13,
    "crossing_number": 0,
    "angular_resolution": 0.15,
    "vertex_resolution": 0.12,
    "gabriel": 0,
    "aspect_ratio": 0
  },
  "optimizer": {
    "lr": 0.19479105812699216,
    "momentum": 0.5
  },
  "graphDistance": [
    [
      0,
      1,
      1,
      2,
      2,
      2,
      2,
      3,
      3,
      3,
      3,
      3,
      3,
      3,
      3
    ],
    [
      1,
      0,
      2,
      1,
      1,
      3,
      3,
      2,
      2,
      2,
      2,
      4,
      4,
      4,
      4
    ],
    [
      1,
      2,
      0,
      3,
      3,
      1,
      1,
      4,
      4,
      4,
      4,
      2,
      2,
      2,
      2
    ],
    [
      2,
      1,
      3,
      0,
      2,
      4,
      4,
      1,
      1,
      3,
      3,
      5,
      5,
      5,
      5
    ],
    [
      2,
      1,
      3,
      2,
      0,
      4,
      4,
      3,
      3,
      1,
      1,
      5,
      5,
      5,
      5
    ],
    [
      2,
      3,
      1,
      4,
      4,
      0,
      2,
      5,
      5,
      5,
      5,
      1,
      1,
      3,
      3
    ],
    [
      2,
      3,
      1,
      4,
      4,
      2,
      0,
      5,
      5,
      5,
      5,
      3,
      3,
      1,
      1
    ],
    [
      3,
      2,
      4,
      1,
      3,
      5,
      5,
      0,
      2,
      4,
      4,
      6,
      6,
      6,
      6
    ],
    [
      3,
      2,
      4,
      1,
      3,
      5,
      5,
      2,
      0,
      4,
      4,
      6,
      6,
      6,
      6
    ],
    [
      3,
      2,
      4,
      3,
      1,
      5,
      5,
      4,
      4,
      0,
      2,
      6,
      6,
      6,
      6
    ],
    [
      3,
      2,
      4,
      3,
      1,
      5,
      5,
      4,
      4,
      2,
      0,
      6,
      6,
      6,
      6
    ],
    [
      3,
      4,
      2,
      5,
      5,
      1,
      3,
      6,
      6,
      6,
      6,
      0,
      2,
      4,
      4
    ],
    [
      3,
      4,
      2,
      5,
      5,
      1,
      3,
      6,
      6,
      6,
      6,
      2,
      0,
      4,
      4
    ],
    [
      3,
      4,
      2,
      5,
      5,
      3,
      1,
      6,
      6,
      6,
      6,
      4,
      4,
      0,
      2
    ],
    [
      3,
      4,
      2,
      5,
      5,
      3,
      1,
      6,
      6,
      6,
      6,
      4,
      4,
      2,
      0
    ]
  ],
  "weight": [
    [
      1,
      1,
      1,
      0.25,
      0.25,
      0.25,
      0.25,
      0.1111111119389534,
      0.1111111119389534,
      0.1111111119389534,
      0.1111111119389534,
      0.1111111119389534,
      0.1111111119389534,
      0.1111111119389534,
      0.1111111119389534
    ],
    [
      1,
      1,
      0.25,
      1,
      1,
      0.1111111119389534,
      0.1111111119389534,
      0.25,
      0.25,
      0.25,
      0.25,
      0.0625,
      0.0625,
      0.0625,
      0.0625
    ],
    [
      1,
      0.25,
      1,
      0.1111111119389534,
      0.1111111119389534,
      1,
      1,
      0.0625,
      0.0625,
      0.0625,
      0.0625,
      0.25,
      0.25,
      0.25,
      0.25
    ],
    [
      0.25,
      1,
      0.1111111119389534,
      1,
      0.25,
      0.0625,
      0.0625,
      1,
      1,
      0.1111111119389534,
      0.1111111119389534,
      0.03999999910593033,
      0.03999999910593033,
      0.03999999910593033,
      0.03999999910593033
    ],
    [
      0.25,
      1,
      0.1111111119389534,
      0.25,
      1,
      0.0625,
      0.0625,
      0.1111111119389534,
      0.1111111119389534,
      1,
      1,
      0.03999999910593033,
      0.03999999910593033,
      0.03999999910593033,
      0.03999999910593033
    ],
    [
      0.25,
      0.1111111119389534,
      1,
      0.0625,
      0.0625,
      1,
      0.25,
      0.03999999910593033,
      0.03999999910593033,
      0.03999999910593033,
      0.03999999910593033,
      1,
      1,
      0.1111111119389534,
      0.1111111119389534
    ],
    [
      0.25,
      0.1111111119389534,
      1,
      0.0625,
      0.0625,
      0.25,
      1,
      0.03999999910593033,
      0.03999999910593033,
      0.03999999910593033,
      0.03999999910593033,
      0.1111111119389534,
      0.1111111119389534,
      1,
      1
    ],
    [
      0.1111111119389534,
      0.25,
      0.0625,
      1,
      0.1111111119389534,
      0.03999999910593033,
      0.03999999910593033,
      1,
      0.25,
      0.0625,
      0.0625,
      0.02777777798473835,
      0.02777777798473835,
      0.02777777798473835,
      0.02777777798473835
    ],
    [
      0.1111111119389534,
      0.25,
      0.0625,
      1,
      0.1111111119389534,
      0.03999999910593033,
      0.03999999910593033,
      0.25,
      1,
      0.0625,
      0.0625,
      0.02777777798473835,
      0.02777777798473835,
      0.02777777798473835,
      0.02777777798473835
    ],
    [
      0.1111111119389534,
      0.25,
      0.0625,
      0.1111111119389534,
      1,
      0.03999999910593033,
      0.03999999910593033,
      0.0625,
      0.0625,
      1,
      0.25,
      0.02777777798473835,
      0.02777777798473835,
      0.02777777798473835,
      0.02777777798473835
    ],
    [
      0.1111111119389534,
      0.25,
      0.0625,
      0.1111111119389534,
      1,
      0.03999999910593033,
      0.03999999910593033,
      0.0625,
      0.0625,
      0.25,
      1,
      0.02777777798473835,
      0.02777777798473835,
      0.02777777798473835,
      0.02777777798473835
    ],
    [
      0.1111111119389534,
      0.0625,
      0.25,
      0.03999999910593033,
      0.03999999910593033,
      1,
      0.1111111119389534,
      0.02777777798473835,
      0.02777777798473835,
      0.02777777798473835,
      0.02777777798473835,
      1,
      0.25,
      0.0625,
      0.0625
    ],
    [
      0.1111111119389534,
      0.0625,
      0.25,
      0.03999999910593033,
      0.03999999910593033,
      1,
      0.1111111119389534,
      0.02777777798473835,
      0.02777777798473835,
      0.02777777798473835,
      0.02777777798473835,
      0.25,
      1,
      0.0625,
      0.0625
    ],
    [
      0.1111111119389534,
      0.0625,
      0.25,
      0.03999999910593033,
      0.03999999910593033,
      0.1111111119389534,
      1,
      0.02777777798473835,
      0.02777777798473835,
      0.02777777798473835,
      0.02777777798473835,
      0.0625,
      0.0625,
      1,
      0.25
    ],
    [
      0.1111111119389534,
      0.0625,
      0.25,
      0.03999999910593033,
      0.03999999910593033,
      0.1111111119389534,
      1,
      0.02777777798473835,
      0.02777777798473835,
      0.02777777798473835,
      0.02777777798473835,
      0.0625,
      0.0625,
      0.25,
      1
    ]
  ]
}