{
  "nodes": [
    {
      "index": 0,
      "id": "(0, 0, 0)",
      "x": 38.105,
      "y": 159.04
    },
    {
      "index": 1,
      "id": "(0, 0, 1)",
      "x": 128.39,
      "y": 134.48
    },
    {
      "index": 2,
      "id": "(0, 1, 0)",
      "x": 136.27,
      "y": 253.18
    },
    {
      "index": 3,
      "id": "(0, 1, 1)",
      "x": 230.6,
      "y": 192.66
    },
    {
      "index": 4,
      "id": "(1, 0, 0)",
      "x": 68.384,
      "y": 46.382
    },
    {
      "index": 5,
      "id": "(1, 0, 1)",
      "x": 163.02,
      "y": 118.0
    },
    {
      "index": 6,
      "id": "(1, 1, 0)",
      "x": 118.55,
      "y": 88.529
    },
    {
      "index": 7,
      "id": "(1, 1, 1)",
      "x": 162.77,
      "y": 87.25
    }
  ],
  "edges": [
    {
      "source": "(0, 0, 0)",
      "target": "(0, 1, 0)"
    },
    {
      "source": "(0, 0, 0)",
      "target": "(1, 0, 0)"
    },
    {
      "source": "(0, 0, 0)",
      "target": "(0, 0, 1)"
    },
    {
      "source": "(0, 0, 1)",
      "target": "(1, 0, 1)"
    },
    {
      "source": "(0, 0, 1)",
      "target": "(0, 1, 1)"
    },
    {
      "source": "(0, 1, 0)",
      "target": "(1, 1, 0)"
    },
    {
      "source": "(0, 1, 0)",
      "target": "(0, 1, 1)"
    },
    {
      "source": "(0, 1, 1)",
      "target": "(1, 1, 1)"
    },
    {
      "source": "(1, 0, 0)",
      "target": "(1, 1, 0)"
    },
    {
      "source": "(1, 0, 0)",
      "target": "(1, 0, 1)"
    },
    {
      "source": "(1, 0, 1)",
      "target": "(1, 1, 1)"
    },
    {
      "source": "(1, 1, 0)",
      "target": "(1, 1, 1)"
    }
  ],
  "weight": [
    [
      1.0,
      1.0,
      1.0,
      0.25,
      1.0,
      0.25,
      0.25,
      0.1111111119389534
    ],
    [
      1.0,
      1.0,
      0.25,
      1.0,
      0.25,
      1.0,
      0.1111111119389534,
      0.25
    ],
    [
      1.0,
      0.25,
      1.0,
      1.0,
      0.25,
      0.1111111119389534,
      1.0,
      0.25
    ],
    [
      0.25,
      1.0,
      1.0,
      1.0,
      0.1111111119389534,
      0.25,
      0.25,
      1.0
    ],
    [
      1.0,
      0.25,
      0.25,
      0.1111111119389534,
      1.0,
      1.0,
      1.0,
      0.25
    ],
    [
      0.25,
      1.0,
      0.1111111119389534,
      0.25,
      1.0,
      1.0,
      0.25,
      1.0
    ],
    [
      0.25,
      0.1111111119389534,
      1.0,
      0.25,
      1.0,
      0.25,
      1.0,
      1.0
    ],
    [
      0.1111111119389534,
      0.25,
      0.25,
      1.0,
      0.25,
      1.0,
      1.0,
      1.0
    ]
  ],
  "graphDistance": [
    [
      0.0,
      1.0,
      1.0,
      2.0,
      1.0,
      2.0,
      2.0,
      3.0
    ],
    [
      1.0,
      0.0,
      2.0,
      1.0,
      2.0,
      1.0,
      3.0,
      2.0
    ],
    [
      1.0,
      2.0,
      0.0,
      1.0,
      2.0,
      3.0,
      1.0,
      2.0
    ],
    [
      2.0,
      1.0,
      1.0,
      0.0,
      3.0,
      2.0,
      2.0,
      1.0
    ],
    [
      1.0,
      2.0,
      2.0,
      3.0,
      0.0,
      1.0,
      1.0,
      2.0
    ],
    [
      2.0,
      1.0,
      3.0,
      2.0,
      1.0,
      0.0,
      2.0,
      1.0
    ],
    [
      2.0,
      3.0,
      1.0,
      2.0,
      1.0,
      2.0,
      0.0,
      1.0
    ],
    [
      3.0,
      2.0,
      2.0,
      1.0,
      2.0,
      1.0,
      1.0,
      0.0
    ]
  ],
  "initPosition_neato": [
    [
      4.0812,
      -80.605
    ],
    [
      12.86,
      21.997
    ],
    [
      92.917,
      -52.779
    ],
    [
      92.708,
      57.145
    ],
    [
      -92.744,
      -57.089
    ],
    [
      -93.069,
      52.7
    ],
    [
      -12.562,
      -21.679
    ],
    [
      -4.4432,
      80.761
    ]
  ],
  "initPosition_sfdp": [
    [
      38.105,
      159.04
    ],
    [
      128.39,
      134.48
    ],
    [
      136.27,
      213.18
    ],
    [
      230.6,
      192.66
    ],
    [
      68.384,
      46.382
    ],
    [
      163.02,
      18.0
    ],
    [
      178.55,
      88.529
    ],
    [
      262.77,
      87.25
    ]
  ],
  "initPosition_tsne": [
    [
      38.105,
      159.04
    ],
    [
      128.39,
      134.48
    ],
    [
      136.27,
      253.18
    ],
    [
      230.6,
      192.66
    ],
    [
      68.384,
      46.382
    ],
    [
      163.02,
      118.0
    ],
    [
      118.55,
      88.529
    ],
    [
      162.77,
      87.25
    ]
  ]
}