{
  "nodes": [
    {
      "index": 0,
      "id": 0,
      "x": -0.40137434005737305,
      "y": 0.17184913158416748
    },
    {
      "index": 1,
      "id": 1,
      "x": -0.05610986426472664,
      "y": -0.723012387752533
    },
    {
      "index": 2,
      "id": 2,
      "x": 0.27631711959838867,
      "y": -0.6709322333335876
    },
    {
      "index": 3,
      "id": 3,
      "x": -0.05093035846948624,
      "y": 0.31132638454437256
    },
    {
      "index": 4,
      "id": 4,
      "x": -0.2724657356739044,
      "y": -0.20093001425266266
    },
    {
      "index": 5,
      "id": 5,
      "x": -0.34761008620262146,
      "y": -0.6215246319770813
    },
    {
      "index": 6,
      "id": 6,
      "x": 0.06300194561481476,
      "y": -0.38605156540870667
    },
    {
      "index": 7,
      "id": 7,
      "x": -0.2589977979660034,
      "y": 0.665915310382843
    },
    {
      "index": 8,
      "id": 8,
      "x": 0.04076528549194336,
      "y": 0.7132226824760437
    },
    {
      "index": 9,
      "id": 9,
      "x": 0.5225428938865662,
      "y": -0.4837343990802765
    },
    {
      "index": 10,
      "id": 10,
      "x": 0.3225416839122772,
      "y": -0.10401618480682373
    },
    {
      "index": 11,
      "id": 11,
      "x": -0.7008100748062134,
      "y": -0.13863234221935272
    },
    {
      "index": 12,
      "id": 12,
      "x": 0.3429671823978424,
      "y": 0.6411280632019043
    },
    {
      "index": 13,
      "id": 13,
      "x": -0.7121531963348389,
      "y": 0.191800057888031
    },
    {
      "index": 14,
      "id": 14,
      "x": -0.5234063863754272,
      "y": 0.5038356184959412
    },
    {
      "index": 15,
      "id": 15,
      "x": 0.6183331608772278,
      "y": 0.40112781524658203
    },
    {
      "index": 16,
      "id": 16,
      "x": 0.7092170119285583,
      "y": 0.0847197100520134
    },
    {
      "index": 17,
      "id": 17,
      "x": 0.32580047845840454,
      "y": 0.2904474437236786
    },
    {
      "index": 18,
      "id": 18,
      "x": -0.58180171251297,
      "y": -0.42339760065078735
    },
    {
      "index": 19,
      "id": 19,
      "x": 0.6841716766357422,
      "y": -0.22314126789569855
    }
  ],
  "edges": [
    {
      "source": 0,
      "target": 1
    },
    {
      "source": 0,
      "target": 2
    },
    {
      "source": 0,
      "target": 3
    },
    {
      "source": 0,
      "target": 4
    },
    {
      "source": 0,
      "target": 5
    },
    {
      "source": 0,
      "target": 6
    },
    {
      "source": 0,
      "target": 7
    },
    {
      "source": 0,
      "target": 8
    },
    {
      "source": 0,
      "target": 9
    },
    {
      "source": 0,
      "target": 10
    },
    {
      "source": 0,
      "target": 11
    },
    {
      "source": 0,
      "target": 12
    },
    {
      "source": 0,
      "target": 13
    },
    {
      "source": 0,
      "target": 14
    },
    {
      "source": 0,
      "target": 15
    },
    {
      "source": 0,
      "target": 16
    },
    {
      "source": 0,
      "target": 17
    },
    {
      "source": 0,
      "target": 18
    },
    {
      "source": 0,
      "target": 19
    },
    {
      "source": 1,
      "target": 2
    },
    {
      "source": 1,
      "target": 3
    },
    {
      "source": 1,
      "target": 4
    },
    {
      "source": 1,
      "target": 5
    },
    {
      "source": 1,
      "target": 6
    },
    {
      "source": 1,
      "target": 7
    },
    {
      "source": 1,
      "target": 8
    },
    {
      "source": 1,
      "target": 9
    },
    {
      "source": 1,
      "target": 10
    },
    {
      "source": 1,
      "target": 11
    },
    {
      "source": 1,
      "target": 12
    },
    {
      "source": 1,
      "target": 13
    },
    {
      "source": 1,
      "target": 14
    },
    {
      "source": 1,
      "target": 15
    },
    {
      "source": 1,
      "target": 16
    },
    {
      "source": 1,
      "target": 17
    },
    {
      "source": 1,
      "target": 18
    },
    {
      "source": 1,
      "target": 19
    },
    {
      "source": 2,
      "target": 3
    },
    {
      "source": 2,
      "target": 4
    },
    {
      "source": 2,
      "target": 5
    },
    {
      "source": 2,
      "target": 6
    },
    {
      "source": 2,
      "target": 7
    },
    {
      "source": 2,
      "target": 8
    },
    {
      "source": 2,
      "target": 9
    },
    {
      "source": 2,
      "target": 10
    },
    {
      "source": 2,
      "target": 11
    },
    {
      "source": 2,
      "target": 12
    },
    {
      "source": 2,
      "target": 13
    },
    {
      "source": 2,
      "target": 14
    },
    {
      "source": 2,
      "target": 15
    },
    {
      "source": 2,
      "target": 16
    },
    {
      "source": 2,
      "target": 17
    },
    {
      "source": 2,
      "target": 18
    },
    {
      "source": 2,
      "target": 19
    },
    {
      "source": 3,
      "target": 4
    },
    {
      "source": 3,
      "target": 5
    },
    {
      "source": 3,
      "target": 6
    },
    {
      "source": 3,
      "target": 7
    },
    {
      "source": 3,
      "target": 8
    },
    {
      "source": 3,
      "target": 9
    },
    {
      "source": 3,
      "target": 10
    },
    {
      "source": 3,
      "target": 11
    },
    {
      "source": 3,
      "target": 12
    },
    {
      "source": 3,
      "target": 13
    },
    {
      "source": 3,
      "target": 14
    },
    {
      "source": 3,
      "target": 15
    },
    {
      "source": 3,
      "target": 16
    },
    {
      "source": 3,
      "target": 17
    },
    {
      "source": 3,
      "target": 18
    },
    {
      "source": 3,
      "target": 19
    },
    {
      "source": 4,
      "target": 5
    },
    {
      "source": 4,
      "target": 6
    },
    {
      "source": 4,
      "target": 7
    },
    {
      "source": 4,
      "target": 8
    },
    {
      "source": 4,
      "target": 9
    },
    {
      "source": 4,
      "target": 10
    },
    {
      "source": 4,
      "target": 11
    },
    {
      "source": 4,
      "target": 12
    },
    {
      "source": 4,
      "target": 13
    },
    {
      "source": 4,
      "target": 14
    },
    {
      "source": 4,
      "target": 15
    },
    {
      "source": 4,
      "target": 16
    },
    {
      "source": 4,
      "target": 17
    },
    {
      "source": 4,
      "target": 18
    },
    {
      "source": 4,
      "target": 19
    },
    {
      "source": 5,
      "target": 6
    },
    {
      "source": 5,
      "target": 7
    },
    {
      "source": 5,
      "target": 8
    },
    {
      "source": 5,
      "target": 9
    },
    {
      "source": 5,
      "target": 10
    },
    {
      "source": 5,
      "target": 11
    },
    {
      "source": 5,
      "target": 12
    },
    {
      "source": 5,
      "target": 13
    },
    {
      "source": 5,
      "target": 14
    },
    {
      "source": 5,
      "target": 15
    },
    {
      "source": 5,
      "target": 16
    },
    {
      "source": 5,
      "target": 17
    },
    {
      "source": 5,
      "target": 18
    },
    {
      "source": 5,
      "target": 19
    },
    {
      "source": 6,
      "target": 7
    },
    {
      "source": 6,
      "target": 8
    },
    {
      "source": 6,
      "target": 9
    },
    {
      "source": 6,
      "target": 10
    },
    {
      "source": 6,
      "target": 11
    },
    {
      "source": 6,
      "target": 12
    },
    {
      "source": 6,
      "target": 13
    },
    {
      "source": 6,
      "target": 14
    },
    {
      "source": 6,
      "target": 15
    },
    {
      "source": 6,
      "target": 16
    },
    {
      "source": 6,
      "target": 17
    },
    {
      "source": 6,
      "target": 18
    },
    {
      "source": 6,
      "target": 19
    },
    {
      "source": 7,
      "target": 8
    },
    {
      "source": 7,
      "target": 9
    },
    {
      "source": 7,
      "target": 10
    },
    {
      "source": 7,
      "target": 11
    },
    {
      "source": 7,
      "target": 12
    },
    {
      "source": 7,
      "target": 13
    },
    {
      "source": 7,
      "target": 14
    },
    {
      "source": 7,
      "target": 15
    },
    {
      "source": 7,
      "target": 16
    },
    {
      "source": 7,
      "target": 17
    },
    {
      "source": 7,
      "target": 18
    },
    {
      "source": 7,
      "target": 19
    },
    {
      "source": 8,
      "target": 9
    },
    {
      "source": 8,
      "target": 10
    },
    {
      "source": 8,
      "target": 11
    },
    {
      "source": 8,
      "target": 12
    },
    {
      "source": 8,
      "target": 13
    },
    {
      "source": 8,
      "target": 14
    },
    {
      "source": 8,
      "target": 15
    },
    {
      "source": 8,
      "target": 16
    },
    {
      "source": 8,
      "target": 17
    },
    {
      "source": 8,
      "target": 18
    },
    {
      "source": 8,
      "target": 19
    },
    {
      "source": 9,
      "target": 10
    },
    {
      "source": 9,
      "target": 11
    },
    {
      "source": 9,
      "target": 12
    },
    {
      "source": 9,
      "target": 13
    },
    {
      "source": 9,
      "target": 14
    },
    {
      "source": 9,
      "target": 15
    },
    {
      "source": 9,
      "target": 16
    },
    {
      "source": 9,
      "target": 17
    },
    {
      "source": 9,
      "target": 18
    },
    {
      "source": 9,
      "target": 19
    },
    {
      "source": 10,
      "target": 11
    },
    {
      "source": 10,
      "target": 12
    },
    {
      "source": 10,
      "target": 13
    },
    {
      "source": 10,
      "target": 14
    },
    {
      "source": 10,
      "target": 15
    },
    {
      "source": 10,
      "target": 16
    },
    {
      "source": 10,
      "target": 17
    },
    {
      "source": 10,
      "target": 18
    },
    {
      "source": 10,
      "target": 19
    },
    {
      "source": 11,
      "target": 12
    },
    {
      "source": 11,
      "target": 13
    },
    {
      "source": 11,
      "target": 14
    },
    {
      "source": 11,
      "target": 15
    },
    {
      "source": 11,
      "target": 16
    },
    {
      "source": 11,
      "target": 17
    },
    {
      "source": 11,
      "target": 18
    },
    {
      "source": 11,
      "target": 19
    },
    {
      "source": 12,
      "target": 13
    },
    {
      "source": 12,
      "target": 14
    },
    {
      "source": 12,
      "target": 15
    },
    {
      "source": 12,
      "target": 16
    },
    {
      "source": 12,
      "target": 17
    },
    {
      "source": 12,
      "target": 18
    },
    {
      "source": 12,
      "target": 19
    },
    {
      "source": 13,
      "target": 14
    },
    {
      "source": 13,
      "target": 15
    },
    {
      "source": 13,
      "target": 16
    },
    {
      "source": 13,
      "target": 17
    },
    {
      "source": 13,
      "target": 18
    },
    {
      "source": 13,
      "target": 19
    },
    {
      "source": 14,
      "target": 15
    },
    {
      "source": 14,
      "target": 16
    },
    {
      "source": 14,
      "target": 17
    },
    {
      "source": 14,
      "target": 18
    },
    {
      "source": 14,
      "target": 19
    },
    {
      "source": 15,
      "target": 16
    },
    {
      "source": 15,
      "target": 17
    },
    {
      "source": 15,
      "target": 18
    },
    {
      "source": 15,
      "target": 19
    },
    {
      "source": 16,
      "target": 17
    },
    {
      "source": 16,
      "target": 18
    },
    {
      "source": 16,
      "target": 19
    },
    {
      "source": 17,
      "target": 18
    },
    {
      "source": 17,
      "target": 19
    },
    {
      "source": 18,
      "target": 19
    }
  ],
  "coef": {
    "stress": 0.09,
    "crossing_angle": 0,
    "neighbor": 0,
    "edge_uniformity": 0,
    "crossing_number": 0,
    "angular_resolution": 0,
    "vertex_resolution": 0,
    "gabriel": 0,
    "aspect_ratio": 1
  },
  "optimizer": {
    "lr": 0.3171876958478145,
    "momentum": 0.68
  },
  "graphDistance": [
    [
      0,
      1,
      1,
      1,
      1,
      1,
      1,
      1,
      1,
      1,
      1,
      1,
      1,
      1,
      1,
      1,
      1,
      1,
      1,
      1
    ],
    [
      1,
      0,
      1,
      1,
      1,
      1,
      1,
      1,
      1,
      1,
      1,
      1,
      1,
      1,
      1,
      1,
      1,
      1,
      1,
      1
    ],
    [
      1,
      1,
      0,
      1,
      1,
      1,
      1,
      1,
      1,
      1,
      1,
      1,
      1,
      1,
      1,
      1,
      1,
      1,
      1,
      1
    ],
    [
      1,
      1,
      1,
      0,
      1,
      1,
      1,
      1,
      1,
      1,
      1,
      1,
      1,
      1,
      1,
      1,
      1,
      1,
      1,
      1
    ],
    [
      1,
      1,
      1,
      1,
      0,
      1,
      1,
      1,
      1,
      1,
      1,
      1,
      1,
      1,
      1,
      1,
      1,
      1,
      1,
      1
    ],
    [
      1,
      1,
      1,
      1,
      1,
      0,
      1,
      1,
      1,
      1,
      1,
      1,
      1,
      1,
      1,
      1,
      1,
      1,
      1,
      1
    ],
    [
      1,
      1,
      1,
      1,
      1,
      1,
      0,
      1,
      1,
      1,
      1,
      1,
      1,
      1,
      1,
      1,
      1,
      1,
      1,
      1
    ],
    [
      1,
      1,
      1,
      1,
      1,
      1,
      1,
      0,
      1,
      1,
      1,
      1,
      1,
      1,
      1,
      1,
      1,
      1,
      1,
      1
    ],
    [
      1,
      1,
      1,
      1,
      1,
      1,
      1,
      1,
      0,
      1,
      1,
      1,
      1,
      1,
      1,
      1,
      1,
      1,
      1,
      1
    ],
    [
      1,
      1,
      1,
      1,
      1,
      1,
      1,
      1,
      1,
      0,
      1,
      1,
      1,
      1,
      1,
      1,
      1,
      1,
      1,
      1
    ],
    [
      1,
      1,
      1,
      1,
      1,
      1,
      1,
      1,
      1,
      1,
      0,
      1,
      1,
      1,
      1,
      1,
      1,
      1,
      1,
      1
    ],
    [
      1,
      1,
      1,
      1,
      1,
      1,
      1,
      1,
      1,
      1,
      1,
      0,
      1,
      1,
      1,
      1,
      1,
      1,
      1,
      1
    ],
    [
      1,
      1,
      1,
      1,
      1,
      1,
      1,
      1,
      1,
      1,
      1,
      1,
      0,
      1,
      1,
      1,
      1,
      1,
      1,
      1
    ],
    [
      1,
      1,
      1,
      1,
      1,
      1,
      1,
      1,
      1,
      1,
      1,
      1,
      1,
      0,
      1,
      1,
      1,
      1,
      1,
      1
    ],
    [
      1,
      1,
      1,
      1,
      1,
      1,
      1,
      1,
      1,
      1,
      1,
      1,
      1,
      1,
      0,
      1,
      1,
      1,
      1,
      1
    ],
    [
      1,
      1,
      1,
      1,
      1,
      1,
      1,
      1,
      1,
      1,
      1,
      1,
      1,
      1,
      1,
      0,
      1,
      1,
      1,
      1
    ],
    [
      1,
      1,
      1,
      1,
      1,
      1,
      1,
      1,
      1,
      1,
      1,
      1,
      1,
      1,
      1,
      1,
      0,
      1,
      1,
      1
    ],
    [
      1,
      1,
      1,
      1,
      1,
      1,
      1,
      1,
      1,
      1,
      1,
      1,
      1,
      1,
      1,
      1,
      1,
      0,
      1,
      1
    ],
    [
      1,
      1,
      1,
      1,
      1,
      1,
      1,
      1,
      1,
      1,
      1,
      1,
      1,
      1,
      1,
      1,
      1,
      1,
      0,
      1
    ],
    [
      1,
      1,
      1,
      1,
      1,
      1,
      1,
      1,
      1,
      1,
      1,
      1,
      1,
      1,
      1,
      1,
      1,
      1,
      1,
      0
    ]
  ],
  "weight": [
    [
      1,
      1,
      1,
      1,
      1,
      1,
      1,
      1,
      1,
      1,
      1,
      1,
      1,
      1,
      1,
      1,
      1,
      1,
      1,
      1
    ],
    [
      1,
      1,
      1,
      1,
      1,
      1,
      1,
      1,
      1,
      1,
      1,
      1,
      1,
      1,
      1,
      1,
      1,
      1,
      1,
      1
    ],
    [
      1,
      1,
      1,
      1,
      1,
      1,
      1,
      1,
      1,
      1,
      1,
      1,
      1,
      1,
      1,
      1,
      1,
      1,
      1,
      1
    ],
    [
      1,
      1,
      1,
      1,
      1,
      1,
      1,
      1,
      1,
      1,
      1,
      1,
      1,
      1,
      1,
      1,
      1,
      1,
      1,
      1
    ],
    [
      1,
      1,
      1,
      1,
      1,
      1,
      1,
      1,
      1,
      1,
      1,
      1,
      1,
      1,
      1,
      1,
      1,
      1,
      1,
      1
    ],
    [
      1,
      1,
      1,
      1,
      1,
      1,
      1,
      1,
      1,
      1,
      1,
      1,
      1,
      1,
      1,
      1,
      1,
      1,
      1,
      1
    ],
    [
      1,
      1,
      1,
      1,
      1,
      1,
      1,
      1,
      1,
      1,
      1,
      1,
      1,
      1,
      1,
      1,
      1,
      1,
      1,
      1
    ],
    [
      1,
      1,
      1,
      1,
      1,
      1,
      1,
      1,
      1,
      1,
      1,
      1,
      1,
      1,
      1,
      1,
      1,
      1,
      1,
      1
    ],
    [
      1,
      1,
      1,
      1,
      1,
      1,
      1,
      1,
      1,
      1,
      1,
      1,
      1,
      1,
      1,
      1,
      1,
      1,
      1,
      1
    ],
    [
      1,
      1,
      1,
      1,
      1,
      1,
      1,
      1,
      1,
      1,
      1,
      1,
      1,
      1,
      1,
      1,
      1,
      1,
      1,
      1
    ],
    [
      1,
      1,
      1,
      1,
      1,
      1,
      1,
      1,
      1,
      1,
      1,
      1,
      1,
      1,
      1,
      1,
      1,
      1,
      1,
      1
    ],
    [
      1,
      1,
      1,
      1,
      1,
      1,
      1,
      1,
      1,
      1,
      1,
      1,
      1,
      1,
      1,
      1,
      1,
      1,
      1,
      1
    ],
    [
      1,
      1,
      1,
      1,
      1,
      1,
      1,
      1,
      1,
      1,
      1,
      1,
      1,
      1,
      1,
      1,
      1,
      1,
      1,
      1
    ],
    [
      1,
      1,
      1,
      1,
      1,
      1,
      1,
      1,
      1,
      1,
      1,
      1,
      1,
      1,
      1,
      1,
      1,
      1,
      1,
      1
    ],
    [
      1,
      1,
      1,
      1,
      1,
      1,
      1,
      1,
      1,
      1,
      1,
      1,
      1,
      1,
      1,
      1,
      1,
      1,
      1,
      1
    ],
    [
      1,
      1,
      1,
      1,
      1,
      1,
      1,
      1,
      1,
      1,
      1,
      1,
      1,
      1,
      1,
      1,
      1,
      1,
      1,
      1
    ],
    [
      1,
      1,
      1,
      1,
      1,
      1,
      1,
      1,
      1,
      1,
      1,
      1,
      1,
      1,
      1,
      1,
      1,
      1,
      1,
      1
    ],
    [
      1,
      1,
      1,
      1,
      1,
      1,
      1,
      1,
      1,
      1,
      1,
      1,
      1,
      1,
      1,
      1,
      1,
      1,
      1,
      1
    ],
    [
      1,
      1,
      1,
      1,
      1,
      1,
      1,
      1,
      1,
      1,
      1,
      1,
      1,
      1,
      1,
      1,
      1,
      1,
      1,
      1
    ],
    [
      1,
      1,
      1,
      1,
      1,
      1,
      1,
      1,
      1,
      1,
      1,
      1,
      1,
      1,
      1,
      1,
      1,
      1,
      1,
      1
    ]
  ]
}