{
  "nodes": [
    {
      "index": 0,
      "id": "(0, 0, 0)",
      "x": 0.9210987687110901,
      "y": -0.7159830331802368
    },
    {
      "index": 1,
      "id": "(0, 0, 1)",
      "x": -0.13318780064582825,
      "y": -1.091253638267517
    },
    {
      "index": 2,
      "id": "(0, 1, 0)",
      "x": -0.025541506707668304,
      "y": -0.19932617247104645
    },
    {
      "index": 3,
      "id": "(0, 1, 1)",
      "x": -1.0669867992401123,
      "y": -0.47275179624557495
    },
    {
      "index": 4,
      "id": "(1, 0, 0)",
      "x": 1.066987156867981,
      "y": 0.4727518856525421
    },
    {
      "index": 5,
      "id": "(1, 0, 1)",
      "x": 0.025541838258504868,
      "y": 0.1993263214826584
    },
    {
      "index": 6,
      "id": "(1, 1, 0)",
      "x": 0.1331879049539566,
      "y": 1.091253399848938
    },
    {
      "index": 7,
      "id": "(1, 1, 1)",
      "x": -0.9210988283157349,
      "y": 0.7159829139709473
    }
  ],
  "edges": [
    {
      "source": "(0, 0, 0)",
      "target": "(0, 1, 0)"
    },
    {
      "source": "(0, 0, 0)",
      "target": "(1, 0, 0)"
    },
    {
      "source": "(0, 0, 0)",
      "target": "(0, 0, 1)"
    },
    {
      "source": "(0, 0, 1)",
      "target": "(1, 0, 1)"
    },
    {
      "source": "(0, 0, 1)",
      "target": "(0, 1, 1)"
    },
    {
      "source": "(0, 1, 0)",
      "target": "(1, 1, 0)"
    },
    {
      "source": "(0, 1, 0)",
      "target": "(0, 1, 1)"
    },
    {
      "source": "(0, 1, 1)",
      "target": "(1, 1, 1)"
    },
    {
      "source": "(1, 0, 0)",
      "target": "(1, 1, 0)"
    },
    {
      "source": "(1, 0, 0)",
      "target": "(1, 0, 1)"
    },
    {
      "source": "(1, 0, 1)",
      "target": "(1, 1, 1)"
    },
    {
      "source": "(1, 1, 0)",
      "target": "(1, 1, 1)"
    }
  ],
  "coef": {
    "stress": 0.57,
    "crossing_angle": 0,
    "neighbor": 0,
    "edge_uniformity": 0,
    "crossing_number": 0,
    "angular_resolution": 0,
    "vertex_resolution": 0,
    "gabriel": 0,
    "aspect_ratio": 1
  },
  "optimizer": {
    "lr": 0.3908995599402238,
    "momentum": 0.68
  },
  "graphDistance": [
    [
      0,
      1,
      1,
      2,
      1,
      2,
      2,
      3
    ],
    [
      1,
      0,
      2,
      1,
      2,
      1,
      3,
      2
    ],
    [
      1,
      2,
      0,
      1,
      2,
      3,
      1,
      2
    ],
    [
      2,
      1,
      1,
      0,
      3,
      2,
      2,
      1
    ],
    [
      1,
      2,
      2,
      3,
      0,
      1,
      1,
      2
    ],
    [
      2,
      1,
      3,
      2,
      1,
      0,
      2,
      1
    ],
    [
      2,
      3,
      1,
      2,
      1,
      2,
      0,
      1
    ],
    [
      3,
      2,
      2,
      1,
      2,
      1,
      1,
      0
    ]
  ],
  "weight": [
    [
      1,
      1,
      1,
      0.25,
      1,
      0.25,
      0.25,
      0.1111111119389534
    ],
    [
      1,
      1,
      0.25,
      1,
      0.25,
      1,
      0.1111111119389534,
      0.25
    ],
    [
      1,
      0.25,
      1,
      1,
      0.25,
      0.1111111119389534,
      1,
      0.25
    ],
    [
      0.25,
      1,
      1,
      1,
      0.1111111119389534,
      0.25,
      0.25,
      1
    ],
    [
      1,
      0.25,
      0.25,
      0.1111111119389534,
      1,
      1,
      1,
      0.25
    ],
    [
      0.25,
      1,
      0.1111111119389534,
      0.25,
      1,
      1,
      0.25,
      1
    ],
    [
      0.25,
      0.1111111119389534,
      1,
      0.25,
      1,
      0.25,
      1,
      1
    ],
    [
      0.1111111119389534,
      0.25,
      0.25,
      1,
      0.25,
      1,
      1,
      1
    ]
  ]
}