{
  "nodes": [
    {
      "index": 0,
      "id": 0,
      "x": -1.5586397647857666,
      "y": 2.133131265640259
    },
    {
      "index": 1,
      "id": 1,
      "x": 1.0641199350357056,
      "y": -0.5508784651756287
    },
    {
      "index": 2,
      "id": 2,
      "x": -0.9988406300544739,
      "y": 3.143033266067505
    },
    {
      "index": 3,
      "id": 3,
      "x": 2.1331138610839844,
      "y": 1.5586373805999756
    },
    {
      "index": 4,
      "id": 4,
      "x": -0.000010799310075526591,
      "y": 0.00001201571194542339
    },
    {
      "index": 5,
      "id": 5,
      "x": -0.509949803352356,
      "y": 1.6046428680419922
    },
    {
      "index": 6,
      "id": 6,
      "x": 0.5508798956871033,
      "y": 1.0641430616378784
    },
    {
      "index": 7,
      "id": 7,
      "x": -1.6046416759490967,
      "y": -0.5099297165870667
    },
    {
      "index": 8,
      "id": 8,
      "x": -0.5508993268013,
      "y": -1.0641194581985474
    },
    {
      "index": 9,
      "id": 9,
      "x": -2.1331284046173096,
      "y": -1.558620572090149
    },
    {
      "index": 10,
      "id": 10,
      "x": 2.1119778156280518,
      "y": -1.0933459997177124
    },
    {
      "index": 11,
      "id": 11,
      "x": 0.04126156494021416,
      "y": 2.6415703296661377
    },
    {
      "index": 12,
      "id": 12,
      "x": -2.641568899154663,
      "y": 0.04127813130617142
    },
    {
      "index": 13,
      "id": 13,
      "x": 3.1430165767669678,
      "y": 0.9988345503807068
    },
    {
      "index": 14,
      "id": 14,
      "x": -1.0641422271728516,
      "y": 0.5509006381034851
    },
    {
      "index": 15,
      "id": 15,
      "x": 0.5099296569824219,
      "y": -1.6046205759048462
    },
    {
      "index": 16,
      "id": 16,
      "x": -0.04127907007932663,
      "y": -2.6415483951568604
    },
    {
      "index": 17,
      "id": 17,
      "x": 1.604621171951294,
      "y": 0.5099504590034485
    },
    {
      "index": 18,
      "id": 18,
      "x": 0.998819887638092,
      "y": -3.1430158615112305
    },
    {
      "index": 19,
      "id": 19,
      "x": -1.0933624505996704,
      "y": -2.1119792461395264
    },
    {
      "index": 20,
      "id": 20,
      "x": 1.093346118927002,
      "y": 2.11199951171875
    },
    {
      "index": 21,
      "id": 21,
      "x": 1.5586172342300415,
      "y": -2.133113384246826
    },
    {
      "index": 22,
      "id": 22,
      "x": -3.1430342197418213,
      "y": -0.9988260865211487
    },
    {
      "index": 23,
      "id": 23,
      "x": 2.641547441482544,
      "y": -0.04126329720020294
    },
    {
      "index": 24,
      "id": 24,
      "x": -2.112001895904541,
      "y": 1.0933631658554077
    }
  ],
  "edges": [
    {
      "source": 0,
      "target": 2
    },
    {
      "source": 0,
      "target": 5
    },
    {
      "source": 0,
      "target": 24
    },
    {
      "source": 1,
      "target": 10
    },
    {
      "source": 1,
      "target": 17
    },
    {
      "source": 1,
      "target": 15
    },
    {
      "source": 1,
      "target": 4
    },
    {
      "source": 2,
      "target": 11
    },
    {
      "source": 3,
      "target": 20
    },
    {
      "source": 3,
      "target": 17
    },
    {
      "source": 3,
      "target": 13
    },
    {
      "source": 4,
      "target": 14
    },
    {
      "source": 4,
      "target": 8
    },
    {
      "source": 4,
      "target": 6
    },
    {
      "source": 5,
      "target": 14
    },
    {
      "source": 5,
      "target": 11
    },
    {
      "source": 5,
      "target": 6
    },
    {
      "source": 6,
      "target": 20
    },
    {
      "source": 6,
      "target": 17
    },
    {
      "source": 7,
      "target": 14
    },
    {
      "source": 7,
      "target": 12
    },
    {
      "source": 7,
      "target": 8
    },
    {
      "source": 7,
      "target": 9
    },
    {
      "source": 8,
      "target": 19
    },
    {
      "source": 8,
      "target": 15
    },
    {
      "source": 9,
      "target": 19
    },
    {
      "source": 9,
      "target": 22
    },
    {
      "source": 10,
      "target": 23
    },
    {
      "source": 10,
      "target": 21
    },
    {
      "source": 11,
      "target": 20
    },
    {
      "source": 12,
      "target": 24
    },
    {
      "source": 12,
      "target": 22
    },
    {
      "source": 13,
      "target": 23
    },
    {
      "source": 14,
      "target": 24
    },
    {
      "source": 15,
      "target": 16
    },
    {
      "source": 15,
      "target": 21
    },
    {
      "source": 16,
      "target": 18
    },
    {
      "source": 16,
      "target": 19
    },
    {
      "source": 17,
      "target": 23
    },
    {
      "source": 18,
      "target": 21
    }
  ],
  "coef": {
    "stress": 0.68,
    "crossing_angle": 0,
    "neighbor": 0,
    "edge_uniformity": 0,
    "crossing_number": 0,
    "angular_resolution": 0,
    "vertex_resolution": 0,
    "gabriel": 0,
    "aspect_ratio": 0.35
  },
  "optimizer": {
    "lr": 0.35037254674169555,
    "momentum": 0.68
  },
  "graphDistance": [
    [
      0,
      4,
      1,
      4,
      3,
      1,
      2,
      3,
      4,
      4,
      5,
      2,
      2,
      5,
      2,
      5,
      6,
      3,
      7,
      5,
      3,
      6,
      3,
      4,
      1
    ],
    [
      4,
      0,
      5,
      2,
      1,
      3,
      2,
      3,
      2,
      4,
      1,
      4,
      4,
      3,
      2,
      1,
      2,
      1,
      3,
      3,
      3,
      2,
      5,
      2,
      3
    ],
    [
      1,
      5,
      0,
      3,
      4,
      2,
      3,
      4,
      5,
      5,
      6,
      1,
      3,
      4,
      3,
      6,
      7,
      4,
      8,
      6,
      2,
      7,
      4,
      5,
      2
    ],
    [
      4,
      2,
      3,
      0,
      3,
      3,
      2,
      5,
      4,
      6,
      3,
      2,
      6,
      1,
      4,
      3,
      4,
      1,
      5,
      5,
      1,
      4,
      7,
      2,
      5
    ],
    [
      3,
      1,
      4,
      3,
      0,
      2,
      1,
      2,
      1,
      3,
      2,
      3,
      3,
      4,
      1,
      2,
      3,
      2,
      4,
      2,
      2,
      3,
      4,
      3,
      2
    ],
    [
      1,
      3,
      2,
      3,
      2,
      0,
      1,
      2,
      3,
      3,
      4,
      1,
      3,
      4,
      1,
      4,
      5,
      2,
      6,
      4,
      2,
      5,
      4,
      3,
      2
    ],
    [
      2,
      2,
      3,
      2,
      1,
      1,
      0,
      3,
      2,
      4,
      3,
      2,
      4,
      3,
      2,
      3,
      4,
      1,
      5,
      3,
      1,
      4,
      5,
      2,
      3
    ],
    [
      3,
      3,
      4,
      5,
      2,
      2,
      3,
      0,
      1,
      1,
      4,
      3,
      1,
      6,
      1,
      2,
      3,
      4,
      4,
      2,
      4,
      3,
      2,
      5,
      2
    ],
    [
      4,
      2,
      5,
      4,
      1,
      3,
      2,
      1,
      0,
      2,
      3,
      4,
      2,
      5,
      2,
      1,
      2,
      3,
      3,
      1,
      3,
      2,
      3,
      4,
      3
    ],
    [
      4,
      4,
      5,
      6,
      3,
      3,
      4,
      1,
      2,
      0,
      5,
      4,
      2,
      7,
      2,
      3,
      2,
      5,
      3,
      1,
      5,
      4,
      1,
      6,
      3
    ],
    [
      5,
      1,
      6,
      3,
      2,
      4,
      3,
      4,
      3,
      5,
      0,
      5,
      5,
      2,
      3,
      2,
      3,
      2,
      2,
      4,
      4,
      1,
      6,
      1,
      4
    ],
    [
      2,
      4,
      1,
      2,
      3,
      1,
      2,
      3,
      4,
      4,
      5,
      0,
      4,
      3,
      2,
      5,
      6,
      3,
      7,
      5,
      1,
      6,
      5,
      4,
      3
    ],
    [
      2,
      4,
      3,
      6,
      3,
      3,
      4,
      1,
      2,
      2,
      5,
      4,
      0,
      7,
      2,
      3,
      4,
      5,
      5,
      3,
      5,
      4,
      1,
      6,
      1
    ],
    [
      5,
      3,
      4,
      1,
      4,
      4,
      3,
      6,
      5,
      7,
      2,
      3,
      7,
      0,
      5,
      4,
      5,
      2,
      4,
      6,
      2,
      3,
      8,
      1,
      6
    ],
    [
      2,
      2,
      3,
      4,
      1,
      1,
      2,
      1,
      2,
      2,
      3,
      2,
      2,
      5,
      0,
      3,
      4,
      3,
      5,
      3,
      3,
      4,
      3,
      4,
      1
    ],
    [
      5,
      1,
      6,
      3,
      2,
      4,
      3,
      2,
      1,
      3,
      2,
      5,
      3,
      4,
      3,
      0,
      1,
      2,
      2,
      2,
      4,
      1,
      4,
      3,
      4
    ],
    [
      6,
      2,
      7,
      4,
      3,
      5,
      4,
      3,
      2,
      2,
      3,
      6,
      4,
      5,
      4,
      1,
      0,
      3,
      1,
      1,
      5,
      2,
      3,
      4,
      5
    ],
    [
      3,
      1,
      4,
      1,
      2,
      2,
      1,
      4,
      3,
      5,
      2,
      3,
      5,
      2,
      3,
      2,
      3,
      0,
      4,
      4,
      2,
      3,
      6,
      1,
      4
    ],
    [
      7,
      3,
      8,
      5,
      4,
      6,
      5,
      4,
      3,
      3,
      2,
      7,
      5,
      4,
      5,
      2,
      1,
      4,
      0,
      2,
      6,
      1,
      4,
      3,
      6
    ],
    [
      5,
      3,
      6,
      5,
      2,
      4,
      3,
      2,
      1,
      1,
      4,
      5,
      3,
      6,
      3,
      2,
      1,
      4,
      2,
      0,
      4,
      3,
      2,
      5,
      4
    ],
    [
      3,
      3,
      2,
      1,
      2,
      2,
      1,
      4,
      3,
      5,
      4,
      1,
      5,
      2,
      3,
      4,
      5,
      2,
      6,
      4,
      0,
      5,
      6,
      3,
      4
    ],
    [
      6,
      2,
      7,
      4,
      3,
      5,
      4,
      3,
      2,
      4,
      1,
      6,
      4,
      3,
      4,
      1,
      2,
      3,
      1,
      3,
      5,
      0,
      5,
      2,
      5
    ],
    [
      3,
      5,
      4,
      7,
      4,
      4,
      5,
      2,
      3,
      1,
      6,
      5,
      1,
      8,
      3,
      4,
      3,
      6,
      4,
      2,
      6,
      5,
      0,
      7,
      2
    ],
    [
      4,
      2,
      5,
      2,
      3,
      3,
      2,
      5,
      4,
      6,
      1,
      4,
      6,
      1,
      4,
      3,
      4,
      1,
      3,
      5,
      3,
      2,
      7,
      0,
      5
    ],
    [
      1,
      3,
      2,
      5,
      2,
      2,
      3,
      2,
      3,
      3,
      4,
      3,
      1,
      6,
      1,
      4,
      5,
      4,
      6,
      4,
      4,
      5,
      2,
      5,
      0
    ]
  ],
  "weight": [
    [
      1,
      0.0625,
      1,
      0.0625,
      0.1111111119389534,
      1,
      0.25,
      0.1111111119389534,
      0.0625,
      0.0625,
      0.03999999910593033,
      0.25,
      0.25,
      0.03999999910593033,
      0.25,
      0.03999999910593033,
      0.02777777798473835,
      0.1111111119389534,
      0.020408162847161293,
      0.03999999910593033,
      0.1111111119389534,
      0.02777777798473835,
      0.1111111119389534,
      0.0625,
      1
    ],
    [
      0.0625,
      1,
      0.03999999910593033,
      0.25,
      1,
      0.1111111119389534,
      0.25,
      0.1111111119389534,
      0.25,
      0.0625,
      1,
      0.0625,
      0.0625,
      0.1111111119389534,
      0.25,
      1,
      0.25,
      1,
      0.1111111119389534,
      0.1111111119389534,
      0.1111111119389534,
      0.25,
      0.03999999910593033,
      0.25,
      0.1111111119389534
    ],
    [
      1,
      0.03999999910593033,
      1,
      0.1111111119389534,
      0.0625,
      0.25,
      0.1111111119389534,
      0.0625,
      0.03999999910593033,
      0.03999999910593033,
      0.02777777798473835,
      1,
      0.1111111119389534,
      0.0625,
      0.1111111119389534,
      0.02777777798473835,
      0.020408162847161293,
      0.0625,
      0.015625,
      0.02777777798473835,
      0.25,
      0.020408162847161293,
      0.0625,
      0.03999999910593033,
      0.25
    ],
    [
      0.0625,
      0.25,
      0.1111111119389534,
      1,
      0.1111111119389534,
      0.1111111119389534,
      0.25,
      0.03999999910593033,
      0.0625,
      0.02777777798473835,
      0.1111111119389534,
      0.25,
      0.02777777798473835,
      1,
      0.0625,
      0.1111111119389534,
      0.0625,
      1,
      0.03999999910593033,
      0.03999999910593033,
      1,
      0.0625,
      0.020408162847161293,
      0.25,
      0.03999999910593033
    ],
    [
      0.1111111119389534,
      1,
      0.0625,
      0.1111111119389534,
      1,
      0.25,
      1,
      0.25,
      1,
      0.1111111119389534,
      0.25,
      0.1111111119389534,
      0.1111111119389534,
      0.0625,
      1,
      0.25,
      0.1111111119389534,
      0.25,
      0.0625,
      0.25,
      0.25,
      0.1111111119389534,
      0.0625,
      0.1111111119389534,
      0.25
    ],
    [
      1,
      0.1111111119389534,
      0.25,
      0.1111111119389534,
      0.25,
      1,
      1,
      0.25,
      0.1111111119389534,
      0.1111111119389534,
      0.0625,
      1,
      0.1111111119389534,
      0.0625,
      1,
      0.0625,
      0.03999999910593033,
      0.25,
      0.02777777798473835,
      0.0625,
      0.25,
      0.03999999910593033,
      0.0625,
      0.1111111119389534,
      0.25
    ],
    [
      0.25,
      0.25,
      0.1111111119389534,
      0.25,
      1,
      1,
      1,
      0.1111111119389534,
      0.25,
      0.0625,
      0.1111111119389534,
      0.25,
      0.0625,
      0.1111111119389534,
      0.25,
      0.1111111119389534,
      0.0625,
      1,
      0.03999999910593033,
      0.1111111119389534,
      1,
      0.0625,
      0.03999999910593033,
      0.25,
      0.1111111119389534
    ],
    [
      0.1111111119389534,
      0.1111111119389534,
      0.0625,
      0.03999999910593033,
      0.25,
      0.25,
      0.1111111119389534,
      1,
      1,
      1,
      0.0625,
      0.1111111119389534,
      1,
      0.02777777798473835,
      1,
      0.25,
      0.1111111119389534,
      0.0625,
      0.0625,
      0.25,
      0.0625,
      0.1111111119389534,
      0.25,
      0.03999999910593033,
      0.25
    ],
    [
      0.0625,
      0.25,
      0.03999999910593033,
      0.0625,
      1,
      0.1111111119389534,
      0.25,
      1,
      1,
      0.25,
      0.1111111119389534,
      0.0625,
      0.25,
      0.03999999910593033,
      0.25,
      1,
      0.25,
      0.1111111119389534,
      0.1111111119389534,
      1,
      0.1111111119389534,
      0.25,
      0.1111111119389534,
      0.0625,
      0.1111111119389534
    ],
    [
      0.0625,
      0.0625,
      0.03999999910593033,
      0.02777777798473835,
      0.1111111119389534,
      0.1111111119389534,
      0.0625,
      1,
      0.25,
      1,
      0.03999999910593033,
      0.0625,
      0.25,
      0.020408162847161293,
      0.25,
      0.1111111119389534,
      0.25,
      0.03999999910593033,
      0.1111111119389534,
      1,
      0.03999999910593033,
      0.0625,
      1,
      0.02777777798473835,
      0.1111111119389534
    ],
    [
      0.03999999910593033,
      1,
      0.02777777798473835,
      0.1111111119389534,
      0.25,
      0.0625,
      0.1111111119389534,
      0.0625,
      0.1111111119389534,
      0.03999999910593033,
      1,
      0.03999999910593033,
      0.03999999910593033,
      0.25,
      0.1111111119389534,
      0.25,
      0.1111111119389534,
      0.25,
      0.25,
      0.0625,
      0.0625,
      1,
      0.02777777798473835,
      1,
      0.0625
    ],
    [
      0.25,
      0.0625,
      1,
      0.25,
      0.1111111119389534,
      1,
      0.25,
      0.1111111119389534,
      0.0625,
      0.0625,
      0.03999999910593033,
      1,
      0.0625,
      0.1111111119389534,
      0.25,
      0.03999999910593033,
      0.02777777798473835,
      0.1111111119389534,
      0.020408162847161293,
      0.03999999910593033,
      1,
      0.02777777798473835,
      0.03999999910593033,
      0.0625,
      0.1111111119389534
    ],
    [
      0.25,
      0.0625,
      0.1111111119389534,
      0.02777777798473835,
      0.1111111119389534,
      0.1111111119389534,
      0.0625,
      1,
      0.25,
      0.25,
      0.03999999910593033,
      0.0625,
      1,
      0.020408162847161293,
      0.25,
      0.1111111119389534,
      0.0625,
      0.03999999910593033,
      0.03999999910593033,
      0.1111111119389534,
      0.03999999910593033,
      0.0625,
      1,
      0.02777777798473835,
      1
    ],
    [
      0.03999999910593033,
      0.1111111119389534,
      0.0625,
      1,
      0.0625,
      0.0625,
      0.1111111119389534,
      0.02777777798473835,
      0.03999999910593033,
      0.020408162847161293,
      0.25,
      0.1111111119389534,
      0.020408162847161293,
      1,
      0.03999999910593033,
      0.0625,
      0.03999999910593033,
      0.25,
      0.0625,
      0.02777777798473835,
      0.25,
      0.1111111119389534,
      0.015625,
      1,
      0.02777777798473835
    ],
    [
      0.25,
      0.25,
      0.1111111119389534,
      0.0625,
      1,
      1,
      0.25,
      1,
      0.25,
      0.25,
      0.1111111119389534,
      0.25,
      0.25,
      0.03999999910593033,
      1,
      0.1111111119389534,
      0.0625,
      0.1111111119389534,
      0.03999999910593033,
      0.1111111119389534,
      0.1111111119389534,
      0.0625,
      0.1111111119389534,
      0.0625,
      1
    ],
    [
      0.03999999910593033,
      1,
      0.02777777798473835,
      0.1111111119389534,
      0.25,
      0.0625,
      0.1111111119389534,
      0.25,
      1,
      0.1111111119389534,
      0.25,
      0.03999999910593033,
      0.1111111119389534,
      0.0625,
      0.1111111119389534,
      1,
      1,
      0.25,
      0.25,
      0.25,
      0.0625,
      1,
      0.0625,
      0.1111111119389534,
      0.0625
    ],
    [
      0.02777777798473835,
      0.25,
      0.020408162847161293,
      0.0625,
      0.1111111119389534,
      0.03999999910593033,
      0.0625,
      0.1111111119389534,
      0.25,
      0.25,
      0.1111111119389534,
      0.02777777798473835,
      0.0625,
      0.03999999910593033,
      0.0625,
      1,
      1,
      0.1111111119389534,
      1,
      1,
      0.03999999910593033,
      0.25,
      0.1111111119389534,
      0.0625,
      0.03999999910593033
    ],
    [
      0.1111111119389534,
      1,
      0.0625,
      1,
      0.25,
      0.25,
      1,
      0.0625,
      0.1111111119389534,
      0.03999999910593033,
      0.25,
      0.1111111119389534,
      0.03999999910593033,
      0.25,
      0.1111111119389534,
      0.25,
      0.1111111119389534,
      1,
      0.0625,
      0.0625,
      0.25,
      0.1111111119389534,
      0.02777777798473835,
      1,
      0.0625
    ],
    [
      0.020408162847161293,
      0.1111111119389534,
      0.015625,
      0.03999999910593033,
      0.0625,
      0.02777777798473835,
      0.03999999910593033,
      0.0625,
      0.1111111119389534,
      0.1111111119389534,
      0.25,
      0.020408162847161293,
      0.03999999910593033,
      0.0625,
      0.03999999910593033,
      0.25,
      1,
      0.0625,
      1,
      0.25,
      0.02777777798473835,
      1,
      0.0625,
      0.1111111119389534,
      0.02777777798473835
    ],
    [
      0.03999999910593033,
      0.1111111119389534,
      0.02777777798473835,
      0.03999999910593033,
      0.25,
      0.0625,
      0.1111111119389534,
      0.25,
      1,
      1,
      0.0625,
      0.03999999910593033,
      0.1111111119389534,
      0.02777777798473835,
      0.1111111119389534,
      0.25,
      1,
      0.0625,
      0.25,
      1,
      0.0625,
      0.1111111119389534,
      0.25,
      0.03999999910593033,
      0.0625
    ],
    [
      0.1111111119389534,
      0.1111111119389534,
      0.25,
      1,
      0.25,
      0.25,
      1,
      0.0625,
      0.1111111119389534,
      0.03999999910593033,
      0.0625,
      1,
      0.03999999910593033,
      0.25,
      0.1111111119389534,
      0.0625,
      0.03999999910593033,
      0.25,
      0.02777777798473835,
      0.0625,
      1,
      0.03999999910593033,
      0.02777777798473835,
      0.1111111119389534,
      0.0625
    ],
    [
      0.02777777798473835,
      0.25,
      0.020408162847161293,
      0.0625,
      0.1111111119389534,
      0.03999999910593033,
      0.0625,
      0.1111111119389534,
      0.25,
      0.0625,
      1,
      0.02777777798473835,
      0.0625,
      0.1111111119389534,
      0.0625,
      1,
      0.25,
      0.1111111119389534,
      1,
      0.1111111119389534,
      0.03999999910593033,
      1,
      0.03999999910593033,
      0.25,
      0.03999999910593033
    ],
    [
      0.1111111119389534,
      0.03999999910593033,
      0.0625,
      0.020408162847161293,
      0.0625,
      0.0625,
      0.03999999910593033,
      0.25,
      0.1111111119389534,
      1,
      0.02777777798473835,
      0.03999999910593033,
      1,
      0.015625,
      0.1111111119389534,
      0.0625,
      0.1111111119389534,
      0.02777777798473835,
      0.0625,
      0.25,
      0.02777777798473835,
      0.03999999910593033,
      1,
      0.020408162847161293,
      0.25
    ],
    [
      0.0625,
      0.25,
      0.03999999910593033,
      0.25,
      0.1111111119389534,
      0.1111111119389534,
      0.25,
      0.03999999910593033,
      0.0625,
      0.02777777798473835,
      1,
      0.0625,
      0.02777777798473835,
      1,
      0.0625,
      0.1111111119389534,
      0.0625,
      1,
      0.1111111119389534,
      0.03999999910593033,
      0.1111111119389534,
      0.25,
      0.020408162847161293,
      1,
      0.03999999910593033
    ],
    [
      1,
      0.1111111119389534,
      0.25,
      0.03999999910593033,
      0.25,
      0.25,
      0.1111111119389534,
      0.25,
      0.1111111119389534,
      0.1111111119389534,
      0.0625,
      0.1111111119389534,
      1,
      0.02777777798473835,
      1,
      0.0625,
      0.03999999910593033,
      0.0625,
      0.02777777798473835,
      0.0625,
      0.0625,
      0.03999999910593033,
      0.25,
      0.03999999910593033,
      1
    ]
  ]
}