{
  "nodes": [
    {
      "index": 0,
      "id": 0,
      "x": 0.027367720380425453,
      "y": 0.6161137223243713
    },
    {
      "index": 1,
      "id": 1,
      "x": 0.516376793384552,
      "y": 0.7208918333053589
    },
    {
      "index": 2,
      "id": 2,
      "x": 0.19978280365467072,
      "y": 1.0
    },
    {
      "index": 3,
      "id": 3,
      "x": 0.0,
      "y": 0.6500657796859741
    },
    {
      "index": 4,
      "id": 4,
      "x": 0.32390740513801575,
      "y": 0.5337868928909302
    },
    {
      "index": 5,
      "id": 5,
      "x": 0.06422387808561325,
      "y": 0.9451594948768616
    },
    {
      "index": 6,
      "id": 6,
      "x": 0.4696332514286041,
      "y": 0.5643844604492188
    },
    {
      "index": 7,
      "id": 7,
      "x": 0.13881641626358032,
      "y": 0.7270081639289856
    },
    {
      "index": 8,
      "id": 8,
      "x": 0.43555888533592224,
      "y": 0.6765668392181396
    },
    {
      "index": 9,
      "id": 9,
      "x": 0.3867965340614319,
      "y": 0.34473100304603577
    },
    {
      "index": 10,
      "id": 10,
      "x": 0.6464256048202515,
      "y": 0.2170763909816742
    },
    {
      "index": 11,
      "id": 11,
      "x": 0.1915629804134369,
      "y": 0.36297836899757385
    },
    {
      "index": 12,
      "id": 12,
      "x": 0.19172999262809753,
      "y": 0.6324642300605774
    },
    {
      "index": 13,
      "id": 13,
      "x": 0.4243048131465912,
      "y": 0.689723014831543
    },
    {
      "index": 14,
      "id": 14,
      "x": 0.4572453796863556,
      "y": 0.35664889216423035
    },
    {
      "index": 15,
      "id": 15,
      "x": 0.5535178780555725,
      "y": 0.5672694444656372
    },
    {
      "index": 16,
      "id": 16,
      "x": 0.5524985194206238,
      "y": 0.6691488027572632
    },
    {
      "index": 17,
      "id": 17,
      "x": 0.5488801002502441,
      "y": 0.48001205921173096
    },
    {
      "index": 18,
      "id": 18,
      "x": 0.6502167582511902,
      "y": 0.4238804280757904
    },
    {
      "index": 19,
      "id": 19,
      "x": 0.01931251585483551,
      "y": 0.3085573613643646
    },
    {
      "index": 20,
      "id": 20,
      "x": 0.4399678111076355,
      "y": 0.6787863373756409
    },
    {
      "index": 21,
      "id": 21,
      "x": 0.5661262273788452,
      "y": 0.09264310449361801
    },
    {
      "index": 22,
      "id": 22,
      "x": 0.3848441243171692,
      "y": 0.6218476891517639
    },
    {
      "index": 23,
      "id": 23,
      "x": 0.3530144989490509,
      "y": 0.0
    },
    {
      "index": 24,
      "id": 24,
      "x": 0.36908891797065735,
      "y": 0.33691874146461487
    }
  ],
  "edges": [
    {
      "source": 0,
      "target": 1
    },
    {
      "source": 0,
      "target": 2
    },
    {
      "source": 0,
      "target": 3
    },
    {
      "source": 0,
      "target": 4
    },
    {
      "source": 0,
      "target": 5
    },
    {
      "source": 0,
      "target": 20
    },
    {
      "source": 1,
      "target": 2
    },
    {
      "source": 1,
      "target": 3
    },
    {
      "source": 1,
      "target": 4
    },
    {
      "source": 2,
      "target": 3
    },
    {
      "source": 2,
      "target": 4
    },
    {
      "source": 3,
      "target": 4
    },
    {
      "source": 5,
      "target": 6
    },
    {
      "source": 5,
      "target": 7
    },
    {
      "source": 5,
      "target": 8
    },
    {
      "source": 5,
      "target": 9
    },
    {
      "source": 5,
      "target": 10
    },
    {
      "source": 6,
      "target": 8
    },
    {
      "source": 6,
      "target": 9
    },
    {
      "source": 6,
      "target": 7
    },
    {
      "source": 7,
      "target": 8
    },
    {
      "source": 7,
      "target": 9
    },
    {
      "source": 8,
      "target": 9
    },
    {
      "source": 10,
      "target": 11
    },
    {
      "source": 10,
      "target": 12
    },
    {
      "source": 10,
      "target": 13
    },
    {
      "source": 10,
      "target": 14
    },
    {
      "source": 10,
      "target": 15
    },
    {
      "source": 11,
      "target": 12
    },
    {
      "source": 11,
      "target": 13
    },
    {
      "source": 11,
      "target": 14
    },
    {
      "source": 12,
      "target": 13
    },
    {
      "source": 12,
      "target": 14
    },
    {
      "source": 13,
      "target": 14
    },
    {
      "source": 15,
      "target": 16
    },
    {
      "source": 15,
      "target": 17
    },
    {
      "source": 15,
      "target": 18
    },
    {
      "source": 15,
      "target": 19
    },
    {
      "source": 15,
      "target": 20
    },
    {
      "source": 16,
      "target": 17
    },
    {
      "source": 16,
      "target": 18
    },
    {
      "source": 16,
      "target": 19
    },
    {
      "source": 17,
      "target": 18
    },
    {
      "source": 17,
      "target": 19
    },
    {
      "source": 18,
      "target": 19
    },
    {
      "source": 20,
      "target": 21
    },
    {
      "source": 20,
      "target": 22
    },
    {
      "source": 20,
      "target": 23
    },
    {
      "source": 20,
      "target": 24
    },
    {
      "source": 21,
      "target": 24
    },
    {
      "source": 21,
      "target": 22
    },
    {
      "source": 21,
      "target": 23
    },
    {
      "source": 22,
      "target": 24
    },
    {
      "source": 22,
      "target": 23
    },
    {
      "source": 23,
      "target": 24
    }
  ],
  "weight": [
    [
      1.0,
      1.0,
      1.0,
      1.0,
      1.0,
      1.0,
      0.25,
      0.25,
      0.25,
      0.25,
      0.25,
      0.1111111119389534,
      0.1111111119389534,
      0.1111111119389534,
      0.1111111119389534,
      0.25,
      0.1111111119389534,
      0.1111111119389534,
      0.1111111119389534,
      0.1111111119389534,
      1.0,
      0.25,
      0.25,
      0.25,
      0.25
    ],
    [
      1.0,
      1.0,
      1.0,
      1.0,
      1.0,
      0.25,
      0.1111111119389534,
      0.1111111119389534,
      0.1111111119389534,
      0.1111111119389534,
      0.1111111119389534,
      0.0625,
      0.0625,
      0.0625,
      0.0625,
      0.1111111119389534,
      0.0625,
      0.0625,
      0.0625,
      0.0625,
      0.25,
      0.1111111119389534,
      0.1111111119389534,
      0.1111111119389534,
      0.1111111119389534
    ],
    [
      1.0,
      1.0,
      1.0,
      1.0,
      1.0,
      0.25,
      0.1111111119389534,
      0.1111111119389534,
      0.1111111119389534,
      0.1111111119389534,
      0.1111111119389534,
      0.0625,
      0.0625,
      0.0625,
      0.0625,
      0.1111111119389534,
      0.0625,
      0.0625,
      0.0625,
      0.0625,
      0.25,
      0.1111111119389534,
      0.1111111119389534,
      0.1111111119389534,
      0.1111111119389534
    ],
    [
      1.0,
      1.0,
      1.0,
      1.0,
      1.0,
      0.25,
      0.1111111119389534,
      0.1111111119389534,
      0.1111111119389534,
      0.1111111119389534,
      0.1111111119389534,
      0.0625,
      0.0625,
      0.0625,
      0.0625,
      0.1111111119389534,
      0.0625,
      0.0625,
      0.0625,
      0.0625,
      0.25,
      0.1111111119389534,
      0.1111111119389534,
      0.1111111119389534,
      0.1111111119389534
    ],
    [
      1.0,
      1.0,
      1.0,
      1.0,
      1.0,
      0.25,
      0.1111111119389534,
      0.1111111119389534,
      0.1111111119389534,
      0.1111111119389534,
      0.1111111119389534,
      0.0625,
      0.0625,
      0.0625,
      0.0625,
      0.1111111119389534,
      0.0625,
      0.0625,
      0.0625,
      0.0625,
      0.25,
      0.1111111119389534,
      0.1111111119389534,
      0.1111111119389534,
      0.1111111119389534
    ],
    [
      1.0,
      0.25,
      0.25,
      0.25,
      0.25,
      1.0,
      1.0,
      1.0,
      1.0,
      1.0,
      1.0,
      0.25,
      0.25,
      0.25,
      0.25,
      0.25,
      0.1111111119389534,
      0.1111111119389534,
      0.1111111119389534,
      0.1111111119389534,
      0.25,
      0.1111111119389534,
      0.1111111119389534,
      0.1111111119389534,
      0.1111111119389534
    ],
    [
      0.25,
      0.1111111119389534,
      0.1111111119389534,
      0.1111111119389534,
      0.1111111119389534,
      1.0,
      1.0,
      1.0,
      1.0,
      1.0,
      0.25,
      0.1111111119389534,
      0.1111111119389534,
      0.1111111119389534,
      0.1111111119389534,
      0.1111111119389534,
      0.0625,
      0.0625,
      0.0625,
      0.0625,
      0.1111111119389534,
      0.0625,
      0.0625,
      0.0625,
      0.0625
    ],
    [
      0.25,
      0.1111111119389534,
      0.1111111119389534,
      0.1111111119389534,
      0.1111111119389534,
      1.0,
      1.0,
      1.0,
      1.0,
      1.0,
      0.25,
      0.1111111119389534,
      0.1111111119389534,
      0.1111111119389534,
      0.1111111119389534,
      0.1111111119389534,
      0.0625,
      0.0625,
      0.0625,
      0.0625,
      0.1111111119389534,
      0.0625,
      0.0625,
      0.0625,
      0.0625
    ],
    [
      0.25,
      0.1111111119389534,
      0.1111111119389534,
      0.1111111119389534,
      0.1111111119389534,
      1.0,
      1.0,
      1.0,
      1.0,
      1.0,
      0.25,
      0.1111111119389534,
      0.1111111119389534,
      0.1111111119389534,
      0.1111111119389534,
      0.1111111119389534,
      0.0625,
      0.0625,
      0.0625,
      0.0625,
      0.1111111119389534,
      0.0625,
      0.0625,
      0.0625,
      0.0625
    ],
    [
      0.25,
      0.1111111119389534,
      0.1111111119389534,
      0.1111111119389534,
      0.1111111119389534,
      1.0,
      1.0,
      1.0,
      1.0,
      1.0,
      0.25,
      0.1111111119389534,
      0.1111111119389534,
      0.1111111119389534,
      0.1111111119389534,
      0.1111111119389534,
      0.0625,
      0.0625,
      0.0625,
      0.0625,
      0.1111111119389534,
      0.0625,
      0.0625,
      0.0625,
      0.0625
    ],
    [
      0.25,
      0.1111111119389534,
      0.1111111119389534,
      0.1111111119389534,
      0.1111111119389534,
      1.0,
      0.25,
      0.25,
      0.25,
      0.25,
      1.0,
      1.0,
      1.0,
      1.0,
      1.0,
      1.0,
      0.25,
      0.25,
      0.25,
      0.25,
      0.25,
      0.1111111119389534,
      0.1111111119389534,
      0.1111111119389534,
      0.1111111119389534
    ],
    [
      0.1111111119389534,
      0.0625,
      0.0625,
      0.0625,
      0.0625,
      0.25,
      0.1111111119389534,
      0.1111111119389534,
      0.1111111119389534,
      0.1111111119389534,
      1.0,
      1.0,
      1.0,
      1.0,
      1.0,
      0.25,
      0.1111111119389534,
      0.1111111119389534,
      0.1111111119389534,
      0.1111111119389534,
      0.1111111119389534,
      0.0625,
      0.0625,
      0.0625,
      0.0625
    ],
    [
      0.1111111119389534,
      0.0625,
      0.0625,
      0.0625,
      0.0625,
      0.25,
      0.1111111119389534,
      0.1111111119389534,
      0.1111111119389534,
      0.1111111119389534,
      1.0,
      1.0,
      1.0,
      1.0,
      1.0,
      0.25,
      0.1111111119389534,
      0.1111111119389534,
      0.1111111119389534,
      0.1111111119389534,
      0.1111111119389534,
      0.0625,
      0.0625,
      0.0625,
      0.0625
    ],
    [
      0.1111111119389534,
      0.0625,
      0.0625,
      0.0625,
      0.0625,
      0.25,
      0.1111111119389534,
      0.1111111119389534,
      0.1111111119389534,
      0.1111111119389534,
      1.0,
      1.0,
      1.0,
      1.0,
      1.0,
      0.25,
      0.1111111119389534,
      0.1111111119389534,
      0.1111111119389534,
      0.1111111119389534,
      0.1111111119389534,
      0.0625,
      0.0625,
      0.0625,
      0.0625
    ],
    [
      0.1111111119389534,
      0.0625,
      0.0625,
      0.0625,
      0.0625,
      0.25,
      0.1111111119389534,
      0.1111111119389534,
      0.1111111119389534,
      0.1111111119389534,
      1.0,
      1.0,
      1.0,
      1.0,
      1.0,
      0.25,
      0.1111111119389534,
      0.1111111119389534,
      0.1111111119389534,
      0.1111111119389534,
      0.1111111119389534,
      0.0625,
      0.0625,
      0.0625,
      0.0625
    ],
    [
      0.25,
      0.1111111119389534,
      0.1111111119389534,
      0.1111111119389534,
      0.1111111119389534,
      0.25,
      0.1111111119389534,
      0.1111111119389534,
      0.1111111119389534,
      0.1111111119389534,
      1.0,
      0.25,
      0.25,
      0.25,
      0.25,
      1.0,
      1.0,
      1.0,
      1.0,
      1.0,
      1.0,
      0.25,
      0.25,
      0.25,
      0.25
    ],
    [
      0.1111111119389534,
      0.0625,
      0.0625,
      0.0625,
      0.0625,
      0.1111111119389534,
      0.0625,
      0.0625,
      0.0625,
      0.0625,
      0.25,
      0.1111111119389534,
      0.1111111119389534,
      0.1111111119389534,
      0.1111111119389534,
      1.0,
      1.0,
      1.0,
      1.0,
      1.0,
      0.25,
      0.1111111119389534,
      0.1111111119389534,
      0.1111111119389534,
      0.1111111119389534
    ],
    [
      0.1111111119389534,
      0.0625,
      0.0625,
      0.0625,
      0.0625,
      0.1111111119389534,
      0.0625,
      0.0625,
      0.0625,
      0.0625,
      0.25,
      0.1111111119389534,
      0.1111111119389534,
      0.1111111119389534,
      0.1111111119389534,
      1.0,
      1.0,
      1.0,
      1.0,
      1.0,
      0.25,
      0.1111111119389534,
      0.1111111119389534,
      0.1111111119389534,
      0.1111111119389534
    ],
    [
      0.1111111119389534,
      0.0625,
      0.0625,
      0.0625,
      0.0625,
      0.1111111119389534,
      0.0625,
      0.0625,
      0.0625,
      0.0625,
      0.25,
      0.1111111119389534,
      0.1111111119389534,
      0.1111111119389534,
      0.1111111119389534,
      1.0,
      1.0,
      1.0,
      1.0,
      1.0,
      0.25,
      0.1111111119389534,
      0.1111111119389534,
      0.1111111119389534,
      0.1111111119389534
    ],
    [
      0.1111111119389534,
      0.0625,
      0.0625,
      0.0625,
      0.0625,
      0.1111111119389534,
      0.0625,
      0.0625,
      0.0625,
      0.0625,
      0.25,
      0.1111111119389534,
      0.1111111119389534,
      0.1111111119389534,
      0.1111111119389534,
      1.0,
      1.0,
      1.0,
      1.0,
      1.0,
      0.25,
      0.1111111119389534,
      0.1111111119389534,
      0.1111111119389534,
      0.1111111119389534
    ],
    [
      1.0,
      0.25,
      0.25,
      0.25,
      0.25,
      0.25,
      0.1111111119389534,
      0.1111111119389534,
      0.1111111119389534,
      0.1111111119389534,
      0.25,
      0.1111111119389534,
      0.1111111119389534,
      0.1111111119389534,
      0.1111111119389534,
      1.0,
      0.25,
      0.25,
      0.25,
      0.25,
      1.0,
      1.0,
      1.0,
      1.0,
      1.0
    ],
    [
      0.25,
      0.1111111119389534,
      0.1111111119389534,
      0.1111111119389534,
      0.1111111119389534,
      0.1111111119389534,
      0.0625,
      0.0625,
      0.0625,
      0.0625,
      0.1111111119389534,
      0.0625,
      0.0625,
      0.0625,
      0.0625,
      0.25,
      0.1111111119389534,
      0.1111111119389534,
      0.1111111119389534,
      0.1111111119389534,
      1.0,
      1.0,
      1.0,
      1.0,
      1.0
    ],
    [
      0.25,
      0.1111111119389534,
      0.1111111119389534,
      0.1111111119389534,
      0.1111111119389534,
      0.1111111119389534,
      0.0625,
      0.0625,
      0.0625,
      0.0625,
      0.1111111119389534,
      0.0625,
      0.0625,
      0.0625,
      0.0625,
      0.25,
      0.1111111119389534,
      0.1111111119389534,
      0.1111111119389534,
      0.1111111119389534,
      1.0,
      1.0,
      1.0,
      1.0,
      1.0
    ],
    [
      0.25,
      0.1111111119389534,
      0.1111111119389534,
      0.1111111119389534,
      0.1111111119389534,
      0.1111111119389534,
      0.0625,
      0.0625,
      0.0625,
      0.0625,
      0.1111111119389534,
      0.0625,
      0.0625,
      0.0625,
      0.0625,
      0.25,
      0.1111111119389534,
      0.1111111119389534,
      0.1111111119389534,
      0.1111111119389534,
      1.0,
      1.0,
      1.0,
      1.0,
      1.0
    ],
    [
      0.25,
      0.1111111119389534,
      0.1111111119389534,
      0.1111111119389534,
      0.1111111119389534,
      0.1111111119389534,
      0.0625,
      0.0625,
      0.0625,
      0.0625,
      0.1111111119389534,
      0.0625,
      0.0625,
      0.0625,
      0.0625,
      0.25,
      0.1111111119389534,
      0.1111111119389534,
      0.1111111119389534,
      0.1111111119389534,
      1.0,
      1.0,
      1.0,
      1.0,
      1.0
    ]
  ],
  "graphDistance": [
    [
      0.0,
      1.0,
      1.0,
      1.0,
      1.0,
      1.0,
      2.0,
      2.0,
      2.0,
      2.0,
      2.0,
      3.0,
      3.0,
      3.0,
      3.0,
      2.0,
      3.0,
      3.0,
      3.0,
      3.0,
      1.0,
      2.0,
      2.0,
      2.0,
      2.0
    ],
    [
      1.0,
      0.0,
      1.0,
      1.0,
      1.0,
      2.0,
      3.0,
      3.0,
      3.0,
      3.0,
      3.0,
      4.0,
      4.0,
      4.0,
      4.0,
      3.0,
      4.0,
      4.0,
      4.0,
      4.0,
      2.0,
      3.0,
      3.0,
      3.0,
      3.0
    ],
    [
      1.0,
      1.0,
      0.0,
      1.0,
      1.0,
      2.0,
      3.0,
      3.0,
      3.0,
      3.0,
      3.0,
      4.0,
      4.0,
      4.0,
      4.0,
      3.0,
      4.0,
      4.0,
      4.0,
      4.0,
      2.0,
      3.0,
      3.0,
      3.0,
      3.0
    ],
    [
      1.0,
      1.0,
      1.0,
      0.0,
      1.0,
      2.0,
      3.0,
      3.0,
      3.0,
      3.0,
      3.0,
      4.0,
      4.0,
      4.0,
      4.0,
      3.0,
      4.0,
      4.0,
      4.0,
      4.0,
      2.0,
      3.0,
      3.0,
      3.0,
      3.0
    ],
    [
      1.0,
      1.0,
      1.0,
      1.0,
      0.0,
      2.0,
      3.0,
      3.0,
      3.0,
      3.0,
      3.0,
      4.0,
      4.0,
      4.0,
      4.0,
      3.0,
      4.0,
      4.0,
      4.0,
      4.0,
      2.0,
      3.0,
      3.0,
      3.0,
      3.0
    ],
    [
      1.0,
      2.0,
      2.0,
      2.0,
      2.0,
      0.0,
      1.0,
      1.0,
      1.0,
      1.0,
      1.0,
      2.0,
      2.0,
      2.0,
      2.0,
      2.0,
      3.0,
      3.0,
      3.0,
      3.0,
      2.0,
      3.0,
      3.0,
      3.0,
      3.0
    ],
    [
      2.0,
      3.0,
      3.0,
      3.0,
      3.0,
      1.0,
      0.0,
      1.0,
      1.0,
      1.0,
      2.0,
      3.0,
      3.0,
      3.0,
      3.0,
      3.0,
      4.0,
      4.0,
      4.0,
      4.0,
      3.0,
      4.0,
      4.0,
      4.0,
      4.0
    ],
    [
      2.0,
      3.0,
      3.0,
      3.0,
      3.0,
      1.0,
      1.0,
      0.0,
      1.0,
      1.0,
      2.0,
      3.0,
      3.0,
      3.0,
      3.0,
      3.0,
      4.0,
      4.0,
      4.0,
      4.0,
      3.0,
      4.0,
      4.0,
      4.0,
      4.0
    ],
    [
      2.0,
      3.0,
      3.0,
      3.0,
      3.0,
      1.0,
      1.0,
      1.0,
      0.0,
      1.0,
      2.0,
      3.0,
      3.0,
      3.0,
      3.0,
      3.0,
      4.0,
      4.0,
      4.0,
      4.0,
      3.0,
      4.0,
      4.0,
      4.0,
      4.0
    ],
    [
      2.0,
      3.0,
      3.0,
      3.0,
      3.0,
      1.0,
      1.0,
      1.0,
      1.0,
      0.0,
      2.0,
      3.0,
      3.0,
      3.0,
      3.0,
      3.0,
      4.0,
      4.0,
      4.0,
      4.0,
      3.0,
      4.0,
      4.0,
      4.0,
      4.0
    ],
    [
      2.0,
      3.0,
      3.0,
      3.0,
      3.0,
      1.0,
      2.0,
      2.0,
      2.0,
      2.0,
      0.0,
      1.0,
      1.0,
      1.0,
      1.0,
      1.0,
      2.0,
      2.0,
      2.0,
      2.0,
      2.0,
      3.0,
      3.0,
      3.0,
      3.0
    ],
    [
      3.0,
      4.0,
      4.0,
      4.0,
      4.0,
      2.0,
      3.0,
      3.0,
      3.0,
      3.0,
      1.0,
      0.0,
      1.0,
      1.0,
      1.0,
      2.0,
      3.0,
      3.0,
      3.0,
      3.0,
      3.0,
      4.0,
      4.0,
      4.0,
      4.0
    ],
    [
      3.0,
      4.0,
      4.0,
      4.0,
      4.0,
      2.0,
      3.0,
      3.0,
      3.0,
      3.0,
      1.0,
      1.0,
      0.0,
      1.0,
      1.0,
      2.0,
      3.0,
      3.0,
      3.0,
      3.0,
      3.0,
      4.0,
      4.0,
      4.0,
      4.0
    ],
    [
      3.0,
      4.0,
      4.0,
      4.0,
      4.0,
      2.0,
      3.0,
      3.0,
      3.0,
      3.0,
      1.0,
      1.0,
      1.0,
      0.0,
      1.0,
      2.0,
      3.0,
      3.0,
      3.0,
      3.0,
      3.0,
      4.0,
      4.0,
      4.0,
      4.0
    ],
    [
      3.0,
      4.0,
      4.0,
      4.0,
      4.0,
      2.0,
      3.0,
      3.0,
      3.0,
      3.0,
      1.0,
      1.0,
      1.0,
      1.0,
      0.0,
      2.0,
      3.0,
      3.0,
      3.0,
      3.0,
      3.0,
      4.0,
      4.0,
      4.0,
      4.0
    ],
    [
      2.0,
      3.0,
      3.0,
      3.0,
      3.0,
      2.0,
      3.0,
      3.0,
      3.0,
      3.0,
      1.0,
      2.0,
      2.0,
      2.0,
      2.0,
      0.0,
      1.0,
      1.0,
      1.0,
      1.0,
      1.0,
      2.0,
      2.0,
      2.0,
      2.0
    ],
    [
      3.0,
      4.0,
      4.0,
      4.0,
      4.0,
      3.0,
      4.0,
      4.0,
      4.0,
      4.0,
      2.0,
      3.0,
      3.0,
      3.0,
      3.0,
      1.0,
      0.0,
      1.0,
      1.0,
      1.0,
      2.0,
      3.0,
      3.0,
      3.0,
      3.0
    ],
    [
      3.0,
      4.0,
      4.0,
      4.0,
      4.0,
      3.0,
      4.0,
      4.0,
      4.0,
      4.0,
      2.0,
      3.0,
      3.0,
      3.0,
      3.0,
      1.0,
      1.0,
      0.0,
      1.0,
      1.0,
      2.0,
      3.0,
      3.0,
      3.0,
      3.0
    ],
    [
      3.0,
      4.0,
      4.0,
      4.0,
      4.0,
      3.0,
      4.0,
      4.0,
      4.0,
      4.0,
      2.0,
      3.0,
      3.0,
      3.0,
      3.0,
      1.0,
      1.0,
      1.0,
      0.0,
      1.0,
      2.0,
      3.0,
      3.0,
      3.0,
      3.0
    ],
    [
      3.0,
      4.0,
      4.0,
      4.0,
      4.0,
      3.0,
      4.0,
      4.0,
      4.0,
      4.0,
      2.0,
      3.0,
      3.0,
      3.0,
      3.0,
      1.0,
      1.0,
      1.0,
      1.0,
      0.0,
      2.0,
      3.0,
      3.0,
      3.0,
      3.0
    ],
    [
      1.0,
      2.0,
      2.0,
      2.0,
      2.0,
      2.0,
      3.0,
      3.0,
      3.0,
      3.0,
      2.0,
      3.0,
      3.0,
      3.0,
      3.0,
      1.0,
      2.0,
      2.0,
      2.0,
      2.0,
      0.0,
      1.0,
      1.0,
      1.0,
      1.0
    ],
    [
      2.0,
      3.0,
      3.0,
      3.0,
      3.0,
      3.0,
      4.0,
      4.0,
      4.0,
      4.0,
      3.0,
      4.0,
      4.0,
      4.0,
      4.0,
      2.0,
      3.0,
      3.0,
      3.0,
      3.0,
      1.0,
      0.0,
      1.0,
      1.0,
      1.0
    ],
    [
      2.0,
      3.0,
      3.0,
      3.0,
      3.0,
      3.0,
      4.0,
      4.0,
      4.0,
      4.0,
      3.0,
      4.0,
      4.0,
      4.0,
      4.0,
      2.0,
      3.0,
      3.0,
      3.0,
      3.0,
      1.0,
      1.0,
      0.0,
      1.0,
      1.0
    ],
    [
      2.0,
      3.0,
      3.0,
      3.0,
      3.0,
      3.0,
      4.0,
      4.0,
      4.0,
      4.0,
      3.0,
      4.0,
      4.0,
      4.0,
      4.0,
      2.0,
      3.0,
      3.0,
      3.0,
      3.0,
      1.0,
      1.0,
      1.0,
      0.0,
      1.0
    ],
    [
      2.0,
      3.0,
      3.0,
      3.0,
      3.0,
      3.0,
      4.0,
      4.0,
      4.0,
      4.0,
      3.0,
      4.0,
      4.0,
      4.0,
      4.0,
      2.0,
      3.0,
      3.0,
      3.0,
      3.0,
      1.0,
      1.0,
      1.0,
      1.0,
      0.0
    ]
  ]
}