{
  "nodes": [
    {
      "index": 0,
      "id": 0,
      "x": 149,
      "y": 56
    },
    {
      "index": 1,
      "id": 1,
      "x": 120,
      "y": 150
    },
    {
      "index": 2,
      "id": 2,
      "x": 69,
      "y": 144
    },
    {
      "index": 3,
      "id": 3,
      "x": 59,
      "y": 64
    },
    {
      "index": 4,
      "id": 4,
      "x": 35,
      "y": 25
    },
    {
      "index": 5,
      "id": 5,
      "x": 22,
      "y": 29
    },
    {
      "index": 6,
      "id": 6,
      "x": 95,
      "y": 57
    },
    {
      "index": 7,
      "id": 7,
      "x": 83,
      "y": 116
    },
    {
      "index": 8,
      "id": 8,
      "x": 168,
      "y": 140
    },
    {
      "index": 9,
      "id": 9,
      "x": 33,
      "y": 50
    },
    {
      "index": 10,
      "id": 10,
      "x": 165,
      "y": 41
    },
    {
      "index": 11,
      "id": 11,
      "x": 79,
      "y": 133
    },
    {
      "index": 12,
      "id": 12,
      "x": 105,
      "y": 67
    },
    {
      "index": 13,
      "id": 13,
      "x": 50,
      "y": 75
    },
    {
      "index": 14,
      "id": 14,
      "x": 131,
      "y": 126
    },
    {
      "index": 15,
      "id": 15,
      "x": 130,
      "y": 162
    },
    {
      "index": 16,
      "id": 16,
      "x": 120,
      "y": 115
    },
    {
      "index": 17,
      "id": 17,
      "x": 97,
      "y": 165
    },
    {
      "index": 18,
      "id": 18,
      "x": 22,
      "y": 78
    },
    {
      "index": 19,
      "id": 19,
      "x": 174,
      "y": 115
    },
    {
      "index": 20,
      "id": 20,
      "x": 106,
      "y": 121
    },
    {
      "index": 21,
      "id": 21,
      "x": 48,
      "y": 178
    },
    {
      "index": 22,
      "id": 22,
      "x": 115,
      "y": 169
    },
    {
      "index": 23,
      "id": 23,
      "x": 89,
      "y": 38
    },
    {
      "index": 24,
      "id": 24,
      "x": 164,
      "y": 107
    },
    {
      "index": 25,
      "id": 25,
      "x": 41,
      "y": 73
    },
    {
      "index": 26,
      "id": 26,
      "x": 52,
      "y": 154
    },
    {
      "index": 27,
      "id": 27,
      "x": 154,
      "y": 94
    },
    {
      "index": 28,
      "id": 28,
      "x": 158,
      "y": 21
    },
    {
      "index": 29,
      "id": 29,
      "x": 144,
      "y": 173
    }
  ],
  "edges": [
    {
      "source": 3,
      "target": 26
    },
    {
      "source": 0,
      "target": 22
    },
    {
      "source": 13,
      "target": 20
    },
    {
      "source": 2,
      "target": 1
    },
    {
      "source": 7,
      "target": 20
    },
    {
      "source": 27,
      "target": 24
    },
    {
      "source": 10,
      "target": 16
    },
    {
      "source": 12,
      "target": 25
    },
    {
      "source": 12,
      "target": 11
    },
    {
      "source": 28,
      "target": 29
    },
    {
      "source": 25,
      "target": 18
    },
    {
      "source": 5,
      "target": 23
    },
    {
      "source": 12,
      "target": 8
    },
    {
      "source": 15,
      "target": 17
    },
    {
      "source": 13,
      "target": 14
    },
    {
      "source": 24,
      "target": 7
    },
    {
      "source": 27,
      "target": 7
    },
    {
      "source": 6,
      "target": 15
    },
    {
      "source": 8,
      "target": 26
    },
    {
      "source": 25,
      "target": 11
    },
    {
      "source": 10,
      "target": 22
    },
    {
      "source": 3,
      "target": 8
    },
    {
      "source": 23,
      "target": 10
    },
    {
      "source": 25,
      "target": 8
    },
    {
      "source": 18,
      "target": 11
    },
    {
      "source": 27,
      "target": 20
    },
    {
      "source": 16,
      "target": 2
    },
    {
      "source": 11,
      "target": 8
    },
    {
      "source": 19,
      "target": 7
    },
    {
      "source": 9,
      "target": 22
    },
    {
      "source": 28,
      "target": 4
    },
    {
      "source": 9,
      "target": 0
    },
    {
      "source": 9,
      "target": 16
    },
    {
      "source": 6,
      "target": 3
    },
    {
      "source": 13,
      "target": 7
    },
    {
      "source": 5,
      "target": 1
    },
    {
      "source": 0,
      "target": 6
    },
    {
      "source": 6,
      "target": 26
    },
    {
      "source": 23,
      "target": 1
    },
    {
      "source": 18,
      "target": 20
    },
    {
      "source": 17,
      "target": 22
    },
    {
      "source": 0,
      "target": 15
    },
    {
      "source": 3,
      "target": 15
    },
    {
      "source": 25,
      "target": 14
    },
    {
      "source": 10,
      "target": 9
    },
    {
      "source": 3,
      "target": 12
    },
    {
      "source": 27,
      "target": 19
    },
    {
      "source": 4,
      "target": 29
    },
    {
      "source": 9,
      "target": 17
    },
    {
      "source": 5,
      "target": 29
    },
    {
      "source": 1,
      "target": 29
    },
    {
      "source": 13,
      "target": 27
    },
    {
      "source": 28,
      "target": 21
    },
    {
      "source": 26,
      "target": 15
    },
    {
      "source": 10,
      "target": 2
    },
    {
      "source": 24,
      "target": 19
    },
    {
      "source": 4,
      "target": 5
    },
    {
      "source": 18,
      "target": 14
    },
    {
      "source": 20,
      "target": 14
    },
    {
      "source": 12,
      "target": 26
    },
    {
      "source": 29,
      "target": 21
    },
    {
      "source": 4,
      "target": 1
    },
    {
      "source": 23,
      "target": 2
    },
    {
      "source": 14,
      "target": 11
    },
    {
      "source": 5,
      "target": 2
    }
  ],
  "width": 200,
  "height": 200,
  "weight": [
    [
      1.0,
      0.0625,
      0.1111111111111111,
      0.25,
      0.04,
      0.0625,
      1.0,
      0.02040816326530612,
      0.1111111111111111,
      1.0,
      0.25,
      0.0625,
      0.1111111111111111,
      0.027777777777777776,
      0.04,
      1.0,
      0.25,
      0.25,
      0.04,
      0.015625,
      0.027777777777777776,
      0.027777777777777776,
      1.0,
      0.1111111111111111,
      0.015625,
      0.0625,
      0.25,
      0.02040816326530612,
      0.027777777777777776,
      0.04
    ],
    [
      0.0625,
      1.0,
      1.0,
      0.027777777777777776,
      1.0,
      1.0,
      0.04,
      0.008264462809917356,
      0.02040816326530612,
      0.1111111111111111,
      0.25,
      0.015625,
      0.02040816326530612,
      0.01,
      0.012345679012345678,
      0.04,
      0.25,
      0.0625,
      0.012345679012345678,
      0.006944444444444444,
      0.01,
      0.25,
      0.1111111111111111,
      1.0,
      0.006944444444444444,
      0.015625,
      0.027777777777777776,
      0.008264462809917356,
      0.25,
      1.0
    ],
    [
      0.1111111111111111,
      1.0,
      1.0,
      0.04,
      0.25,
      1.0,
      0.0625,
      0.01,
      0.027777777777777776,
      0.25,
      1.0,
      0.02040816326530612,
      0.027777777777777776,
      0.012345679012345678,
      0.015625,
      0.0625,
      1.0,
      0.1111111111111111,
      0.015625,
      0.008264462809917356,
      0.012345679012345678,
      0.1111111111111111,
      0.25,
      1.0,
      0.008264462809917356,
      0.02040816326530612,
      0.04,
      0.01,
      0.1111111111111111,
      0.25
    ],
    [
      0.25,
      0.027777777777777776,
      0.04,
      1.0,
      0.02040816326530612,
      0.027777777777777776,
      1.0,
      0.04,
      1.0,
      0.1111111111111111,
      0.0625,
      0.25,
      1.0,
      0.0625,
      0.1111111111111111,
      1.0,
      0.0625,
      0.25,
      0.1111111111111111,
      0.027777777777777776,
      0.0625,
      0.015625,
      0.1111111111111111,
      0.04,
      0.027777777777777776,
      0.25,
      1.0,
      0.04,
      0.015625,
      0.02040816326530612
    ],
    [
      0.04,
      1.0,
      0.25,
      0.02040816326530612,
      1.0,
      1.0,
      0.027777777777777776,
      0.006944444444444444,
      0.015625,
      0.0625,
      0.1111111111111111,
      0.012345679012345678,
      0.015625,
      0.008264462809917356,
      0.01,
      0.027777777777777776,
      0.1111111111111111,
      0.04,
      0.01,
      0.005917159763313609,
      0.008264462809917356,
      0.25,
      0.0625,
      0.25,
      0.005917159763313609,
      0.012345679012345678,
      0.02040816326530612,
      0.006944444444444444,
      1.0,
      1.0
    ],
    [
      0.0625,
      1.0,
      1.0,
      0.027777777777777776,
      1.0,
      1.0,
      0.04,
      0.008264462809917356,
      0.02040816326530612,
      0.1111111111111111,
      0.25,
      0.015625,
      0.02040816326530612,
      0.01,
      0.012345679012345678,
      0.04,
      0.25,
      0.0625,
      0.012345679012345678,
      0.006944444444444444,
      0.01,
      0.25,
      0.1111111111111111,
      1.0,
      0.006944444444444444,
      0.015625,
      0.027777777777777776,
      0.008264462809917356,
      0.25,
      1.0
    ],
    [
      1.0,
      0.04,
      0.0625,
      1.0,
      0.027777777777777776,
      0.04,
      1.0,
      0.027777777777777776,
      0.25,
      0.25,
      0.1111111111111111,
      0.1111111111111111,
      0.25,
      0.04,
      0.0625,
      1.0,
      0.1111111111111111,
      0.25,
      0.0625,
      0.02040816326530612,
      0.04,
      0.02040816326530612,
      0.25,
      0.0625,
      0.02040816326530612,
      0.1111111111111111,
      1.0,
      0.027777777777777776,
      0.02040816326530612,
      0.027777777777777776
    ],
    [
      0.02040816326530612,
      0.008264462809917356,
      0.01,
      0.04,
      0.006944444444444444,
      0.008264462809917356,
      0.027777777777777776,
      1.0,
      0.0625,
      0.015625,
      0.012345679012345678,
      0.1111111111111111,
      0.0625,
      1.0,
      0.25,
      0.027777777777777776,
      0.012345679012345678,
      0.02040816326530612,
      0.25,
      1.0,
      1.0,
      0.005917159763313609,
      0.015625,
      0.01,
      1.0,
      0.1111111111111111,
      0.04,
      1.0,
      0.005917159763313609,
      0.006944444444444444
    ],
    [
      0.1111111111111111,
      0.02040816326530612,
      0.027777777777777776,
      1.0,
      0.015625,
      0.02040816326530612,
      0.25,
      0.0625,
      1.0,
      0.0625,
      0.04,
      1.0,
      1.0,
      0.1111111111111111,
      0.25,
      0.25,
      0.04,
      0.1111111111111111,
      0.25,
      0.04,
      0.1111111111111111,
      0.012345679012345678,
      0.0625,
      0.027777777777777776,
      0.04,
      1.0,
      1.0,
      0.0625,
      0.012345679012345678,
      0.015625
    ],
    [
      1.0,
      0.1111111111111111,
      0.25,
      0.1111111111111111,
      0.0625,
      0.1111111111111111,
      0.25,
      0.015625,
      0.0625,
      1.0,
      1.0,
      0.04,
      0.0625,
      0.02040816326530612,
      0.027777777777777776,
      0.25,
      1.0,
      1.0,
      0.027777777777777776,
      0.012345679012345678,
      0.02040816326530612,
      0.04,
      1.0,
      0.25,
      0.012345679012345678,
      0.04,
      0.1111111111111111,
      0.015625,
      0.04,
      0.0625
    ],
    [
      0.25,
      0.25,
      1.0,
      0.0625,
      0.1111111111111111,
      0.25,
      0.1111111111111111,
      0.012345679012345678,
      0.04,
      1.0,
      1.0,
      0.027777777777777776,
      0.04,
      0.015625,
      0.02040816326530612,
      0.1111111111111111,
      1.0,
      0.25,
      0.02040816326530612,
      0.01,
      0.015625,
      0.0625,
      1.0,
      1.0,
      0.01,
      0.027777777777777776,
      0.0625,
      0.012345679012345678,
      0.0625,
      0.1111111111111111
    ],
    [
      0.0625,
      0.015625,
      0.02040816326530612,
      0.25,
      0.012345679012345678,
      0.015625,
      0.1111111111111111,
      0.1111111111111111,
      1.0,
      0.04,
      0.027777777777777776,
      1.0,
      1.0,
      0.25,
      1.0,
      0.1111111111111111,
      0.027777777777777776,
      0.0625,
      1.0,
      0.0625,
      0.25,
      0.01,
      0.04,
      0.02040816326530612,
      0.0625,
      1.0,
      0.25,
      0.1111111111111111,
      0.01,
      0.012345679012345678
    ],
    [
      0.1111111111111111,
      0.02040816326530612,
      0.027777777777777776,
      1.0,
      0.015625,
      0.02040816326530612,
      0.25,
      0.0625,
      1.0,
      0.0625,
      0.04,
      1.0,
      1.0,
      0.1111111111111111,
      0.25,
      0.25,
      0.04,
      0.1111111111111111,
      0.25,
      0.04,
      0.1111111111111111,
      0.012345679012345678,
      0.0625,
      0.027777777777777776,
      0.04,
      1.0,
      1.0,
      0.0625,
      0.012345679012345678,
      0.015625
    ],
    [
      0.027777777777777776,
      0.01,
      0.012345679012345678,
      0.0625,
      0.008264462809917356,
      0.01,
      0.04,
      1.0,
      0.1111111111111111,
      0.02040816326530612,
      0.015625,
      0.25,
      0.1111111111111111,
      1.0,
      1.0,
      0.04,
      0.015625,
      0.027777777777777776,
      0.25,
      0.25,
      1.0,
      0.006944444444444444,
      0.02040816326530612,
      0.012345679012345678,
      0.25,
      0.25,
      0.0625,
      1.0,
      0.006944444444444444,
      0.008264462809917356
    ],
    [
      0.04,
      0.012345679012345678,
      0.015625,
      0.1111111111111111,
      0.01,
      0.012345679012345678,
      0.0625,
      0.25,
      0.25,
      0.027777777777777776,
      0.02040816326530612,
      1.0,
      0.25,
      1.0,
      1.0,
      0.0625,
      0.02040816326530612,
      0.04,
      1.0,
      0.1111111111111111,
      1.0,
      0.008264462809917356,
      0.027777777777777776,
      0.015625,
      0.1111111111111111,
      1.0,
      0.1111111111111111,
      0.25,
      0.008264462809917356,
      0.01
    ],
    [
      1.0,
      0.04,
      0.0625,
      1.0,
      0.027777777777777776,
      0.04,
      1.0,
      0.027777777777777776,
      0.25,
      0.25,
      0.1111111111111111,
      0.1111111111111111,
      0.25,
      0.04,
      0.0625,
      1.0,
      0.1111111111111111,
      1.0,
      0.0625,
      0.02040816326530612,
      0.04,
      0.02040816326530612,
      0.25,
      0.0625,
      0.02040816326530612,
      0.1111111111111111,
      1.0,
      0.027777777777777776,
      0.02040816326530612,
      0.027777777777777776
    ],
    [
      0.25,
      0.25,
      1.0,
      0.0625,
      0.1111111111111111,
      0.25,
      0.1111111111111111,
      0.012345679012345678,
      0.04,
      1.0,
      1.0,
      0.027777777777777776,
      0.04,
      0.015625,
      0.02040816326530612,
      0.1111111111111111,
      1.0,
      0.25,
      0.02040816326530612,
      0.01,
      0.015625,
      0.0625,
      0.25,
      0.25,
      0.01,
      0.027777777777777776,
      0.0625,
      0.012345679012345678,
      0.0625,
      0.1111111111111111
    ],
    [
      0.25,
      0.0625,
      0.1111111111111111,
      0.25,
      0.04,
      0.0625,
      0.25,
      0.02040816326530612,
      0.1111111111111111,
      1.0,
      0.25,
      0.0625,
      0.1111111111111111,
      0.027777777777777776,
      0.04,
      1.0,
      0.25,
      1.0,
      0.04,
      0.015625,
      0.027777777777777776,
      0.027777777777777776,
      1.0,
      0.1111111111111111,
      0.015625,
      0.0625,
      0.25,
      0.02040816326530612,
      0.027777777777777776,
      0.04
    ],
    [
      0.04,
      0.012345679012345678,
      0.015625,
      0.1111111111111111,
      0.01,
      0.012345679012345678,
      0.0625,
      0.25,
      0.25,
      0.027777777777777776,
      0.02040816326530612,
      1.0,
      0.25,
      0.25,
      1.0,
      0.0625,
      0.02040816326530612,
      0.04,
      1.0,
      0.1111111111111111,
      1.0,
      0.008264462809917356,
      0.027777777777777776,
      0.015625,
      0.1111111111111111,
      1.0,
      0.1111111111111111,
      0.25,
      0.008264462809917356,
      0.01
    ],
    [
      0.015625,
      0.006944444444444444,
      0.008264462809917356,
      0.027777777777777776,
      0.005917159763313609,
      0.006944444444444444,
      0.02040816326530612,
      1.0,
      0.04,
      0.012345679012345678,
      0.01,
      0.0625,
      0.04,
      0.25,
      0.1111111111111111,
      0.02040816326530612,
      0.01,
      0.015625,
      0.1111111111111111,
      1.0,
      0.25,
      0.00510204081632653,
      0.012345679012345678,
      0.008264462809917356,
      1.0,
      0.0625,
      0.027777777777777776,
      1.0,
      0.00510204081632653,
      0.005917159763313609
    ],
    [
      0.027777777777777776,
      0.01,
      0.012345679012345678,
      0.0625,
      0.008264462809917356,
      0.01,
      0.04,
      1.0,
      0.1111111111111111,
      0.02040816326530612,
      0.015625,
      0.25,
      0.1111111111111111,
      1.0,
      1.0,
      0.04,
      0.015625,
      0.027777777777777776,
      1.0,
      0.25,
      1.0,
      0.006944444444444444,
      0.02040816326530612,
      0.012345679012345678,
      0.25,
      0.25,
      0.0625,
      1.0,
      0.006944444444444444,
      0.008264462809917356
    ],
    [
      0.027777777777777776,
      0.25,
      0.1111111111111111,
      0.015625,
      0.25,
      0.25,
      0.02040816326530612,
      0.005917159763313609,
      0.012345679012345678,
      0.04,
      0.0625,
      0.01,
      0.012345679012345678,
      0.006944444444444444,
      0.008264462809917356,
      0.02040816326530612,
      0.0625,
      0.027777777777777776,
      0.008264462809917356,
      0.00510204081632653,
      0.006944444444444444,
      1.0,
      0.04,
      0.1111111111111111,
      0.00510204081632653,
      0.01,
      0.015625,
      0.005917159763313609,
      1.0,
      1.0
    ],
    [
      1.0,
      0.1111111111111111,
      0.25,
      0.1111111111111111,
      0.0625,
      0.1111111111111111,
      0.25,
      0.015625,
      0.0625,
      1.0,
      1.0,
      0.04,
      0.0625,
      0.02040816326530612,
      0.027777777777777776,
      0.25,
      0.25,
      1.0,
      0.027777777777777776,
      0.012345679012345678,
      0.02040816326530612,
      0.04,
      1.0,
      0.25,
      0.012345679012345678,
      0.04,
      0.1111111111111111,
      0.015625,
      0.04,
      0.0625
    ],
    [
      0.1111111111111111,
      1.0,
      1.0,
      0.04,
      0.25,
      1.0,
      0.0625,
      0.01,
      0.027777777777777776,
      0.25,
      1.0,
      0.02040816326530612,
      0.027777777777777776,
      0.012345679012345678,
      0.015625,
      0.0625,
      0.25,
      0.1111111111111111,
      0.015625,
      0.008264462809917356,
      0.012345679012345678,
      0.1111111111111111,
      0.25,
      1.0,
      0.008264462809917356,
      0.02040816326530612,
      0.04,
      0.01,
      0.1111111111111111,
      0.25
    ],
    [
      0.015625,
      0.006944444444444444,
      0.008264462809917356,
      0.027777777777777776,
      0.005917159763313609,
      0.006944444444444444,
      0.02040816326530612,
      1.0,
      0.04,
      0.012345679012345678,
      0.01,
      0.0625,
      0.04,
      0.25,
      0.1111111111111111,
      0.02040816326530612,
      0.01,
      0.015625,
      0.1111111111111111,
      1.0,
      0.25,
      0.00510204081632653,
      0.012345679012345678,
      0.008264462809917356,
      1.0,
      0.0625,
      0.027777777777777776,
      1.0,
      0.00510204081632653,
      0.005917159763313609
    ],
    [
      0.0625,
      0.015625,
      0.02040816326530612,
      0.25,
      0.012345679012345678,
      0.015625,
      0.1111111111111111,
      0.1111111111111111,
      1.0,
      0.04,
      0.027777777777777776,
      1.0,
      1.0,
      0.25,
      1.0,
      0.1111111111111111,
      0.027777777777777776,
      0.0625,
      1.0,
      0.0625,
      0.25,
      0.01,
      0.04,
      0.02040816326530612,
      0.0625,
      1.0,
      0.25,
      0.1111111111111111,
      0.01,
      0.012345679012345678
    ],
    [
      0.25,
      0.027777777777777776,
      0.04,
      1.0,
      0.02040816326530612,
      0.027777777777777776,
      1.0,
      0.04,
      1.0,
      0.1111111111111111,
      0.0625,
      0.25,
      1.0,
      0.0625,
      0.1111111111111111,
      1.0,
      0.0625,
      0.25,
      0.1111111111111111,
      0.027777777777777776,
      0.0625,
      0.015625,
      0.1111111111111111,
      0.04,
      0.027777777777777776,
      0.25,
      1.0,
      0.04,
      0.015625,
      0.02040816326530612
    ],
    [
      0.02040816326530612,
      0.008264462809917356,
      0.01,
      0.04,
      0.006944444444444444,
      0.008264462809917356,
      0.027777777777777776,
      1.0,
      0.0625,
      0.015625,
      0.012345679012345678,
      0.1111111111111111,
      0.0625,
      1.0,
      0.25,
      0.027777777777777776,
      0.012345679012345678,
      0.02040816326530612,
      0.25,
      1.0,
      1.0,
      0.005917159763313609,
      0.015625,
      0.01,
      1.0,
      0.1111111111111111,
      0.04,
      1.0,
      0.005917159763313609,
      0.006944444444444444
    ],
    [
      0.027777777777777776,
      0.25,
      0.1111111111111111,
      0.015625,
      1.0,
      0.25,
      0.02040816326530612,
      0.005917159763313609,
      0.012345679012345678,
      0.04,
      0.0625,
      0.01,
      0.012345679012345678,
      0.006944444444444444,
      0.008264462809917356,
      0.02040816326530612,
      0.0625,
      0.027777777777777776,
      0.008264462809917356,
      0.00510204081632653,
      0.006944444444444444,
      1.0,
      0.04,
      0.1111111111111111,
      0.00510204081632653,
      0.01,
      0.015625,
      0.005917159763313609,
      1.0,
      1.0
    ],
    [
      0.04,
      1.0,
      0.25,
      0.02040816326530612,
      1.0,
      1.0,
      0.027777777777777776,
      0.006944444444444444,
      0.015625,
      0.0625,
      0.1111111111111111,
      0.012345679012345678,
      0.015625,
      0.008264462809917356,
      0.01,
      0.027777777777777776,
      0.1111111111111111,
      0.04,
      0.01,
      0.005917159763313609,
      0.008264462809917356,
      1.0,
      0.0625,
      0.25,
      0.005917159763313609,
      0.012345679012345678,
      0.02040816326530612,
      0.006944444444444444,
      1.0,
      1.0
    ]
  ],
  "graphDistance": [
    [
      0.0,
      4.0,
      3.0,
      2.0,
      5.0,
      4.0,
      1.0,
      7.0,
      3.0,
      1.0,
      2.0,
      4.0,
      3.0,
      6.0,
      5.0,
      1.0,
      2.0,
      2.0,
      5.0,
      8.0,
      6.0,
      6.0,
      1.0,
      3.0,
      8.0,
      4.0,
      2.0,
      7.0,
      6.0,
      5.0
    ],
    [
      4.0,
      0.0,
      1.0,
      6.0,
      1.0,
      1.0,
      5.0,
      11.0,
      7.0,
      3.0,
      2.0,
      8.0,
      7.0,
      10.0,
      9.0,
      5.0,
      2.0,
      4.0,
      9.0,
      12.0,
      10.0,
      2.0,
      3.0,
      1.0,
      12.0,
      8.0,
      6.0,
      11.0,
      2.0,
      1.0
    ],
    [
      3.0,
      1.0,
      0.0,
      5.0,
      2.0,
      1.0,
      4.0,
      10.0,
      6.0,
      2.0,
      1.0,
      7.0,
      6.0,
      9.0,
      8.0,
      4.0,
      1.0,
      3.0,
      8.0,
      11.0,
      9.0,
      3.0,
      2.0,
      1.0,
      11.0,
      7.0,
      5.0,
      10.0,
      3.0,
      2.0
    ],
    [
      2.0,
      6.0,
      5.0,
      0.0,
      7.0,
      6.0,
      1.0,
      5.0,
      1.0,
      3.0,
      4.0,
      2.0,
      1.0,
      4.0,
      3.0,
      1.0,
      4.0,
      2.0,
      3.0,
      6.0,
      4.0,
      8.0,
      3.0,
      5.0,
      6.0,
      2.0,
      1.0,
      5.0,
      8.0,
      7.0
    ],
    [
      5.0,
      1.0,
      2.0,
      7.0,
      0.0,
      1.0,
      6.0,
      12.0,
      8.0,
      4.0,
      3.0,
      9.0,
      8.0,
      11.0,
      10.0,
      6.0,
      3.0,
      5.0,
      10.0,
      13.0,
      11.0,
      2.0,
      4.0,
      2.0,
      13.0,
      9.0,
      7.0,
      12.0,
      1.0,
      1.0
    ],
    [
      4.0,
      1.0,
      1.0,
      6.0,
      1.0,
      0.0,
      5.0,
      11.0,
      7.0,
      3.0,
      2.0,
      8.0,
      7.0,
      10.0,
      9.0,
      5.0,
      2.0,
      4.0,
      9.0,
      12.0,
      10.0,
      2.0,
      3.0,
      1.0,
      12.0,
      8.0,
      6.0,
      11.0,
      2.0,
      1.0
    ],
    [
      1.0,
      5.0,
      4.0,
      1.0,
      6.0,
      5.0,
      0.0,
      6.0,
      2.0,
      2.0,
      3.0,
      3.0,
      2.0,
      5.0,
      4.0,
      1.0,
      3.0,
      2.0,
      4.0,
      7.0,
      5.0,
      7.0,
      2.0,
      4.0,
      7.0,
      3.0,
      1.0,
      6.0,
      7.0,
      6.0
    ],
    [
      7.0,
      11.0,
      10.0,
      5.0,
      12.0,
      11.0,
      6.0,
      0.0,
      4.0,
      8.0,
      9.0,
      3.0,
      4.0,
      1.0,
      2.0,
      6.0,
      9.0,
      7.0,
      2.0,
      1.0,
      1.0,
      13.0,
      8.0,
      10.0,
      1.0,
      3.0,
      5.0,
      1.0,
      13.0,
      12.0
    ],
    [
      3.0,
      7.0,
      6.0,
      1.0,
      8.0,
      7.0,
      2.0,
      4.0,
      0.0,
      4.0,
      5.0,
      1.0,
      1.0,
      3.0,
      2.0,
      2.0,
      5.0,
      3.0,
      2.0,
      5.0,
      3.0,
      9.0,
      4.0,
      6.0,
      5.0,
      1.0,
      1.0,
      4.0,
      9.0,
      8.0
    ],
    [
      1.0,
      3.0,
      2.0,
      3.0,
      4.0,
      3.0,
      2.0,
      8.0,
      4.0,
      0.0,
      1.0,
      5.0,
      4.0,
      7.0,
      6.0,
      2.0,
      1.0,
      1.0,
      6.0,
      9.0,
      7.0,
      5.0,
      1.0,
      2.0,
      9.0,
      5.0,
      3.0,
      8.0,
      5.0,
      4.0
    ],
    [
      2.0,
      2.0,
      1.0,
      4.0,
      3.0,
      2.0,
      3.0,
      9.0,
      5.0,
      1.0,
      0.0,
      6.0,
      5.0,
      8.0,
      7.0,
      3.0,
      1.0,
      2.0,
      7.0,
      10.0,
      8.0,
      4.0,
      1.0,
      1.0,
      10.0,
      6.0,
      4.0,
      9.0,
      4.0,
      3.0
    ],
    [
      4.0,
      8.0,
      7.0,
      2.0,
      9.0,
      8.0,
      3.0,
      3.0,
      1.0,
      5.0,
      6.0,
      0.0,
      1.0,
      2.0,
      1.0,
      3.0,
      6.0,
      4.0,
      1.0,
      4.0,
      2.0,
      10.0,
      5.0,
      7.0,
      4.0,
      1.0,
      2.0,
      3.0,
      10.0,
      9.0
    ],
    [
      3.0,
      7.0,
      6.0,
      1.0,
      8.0,
      7.0,
      2.0,
      4.0,
      1.0,
      4.0,
      5.0,
      1.0,
      0.0,
      3.0,
      2.0,
      2.0,
      5.0,
      3.0,
      2.0,
      5.0,
      3.0,
      9.0,
      4.0,
      6.0,
      5.0,
      1.0,
      1.0,
      4.0,
      9.0,
      8.0
    ],
    [
      6.0,
      10.0,
      9.0,
      4.0,
      11.0,
      10.0,
      5.0,
      1.0,
      3.0,
      7.0,
      8.0,
      2.0,
      3.0,
      0.0,
      1.0,
      5.0,
      8.0,
      6.0,
      2.0,
      2.0,
      1.0,
      12.0,
      7.0,
      9.0,
      2.0,
      2.0,
      4.0,
      1.0,
      12.0,
      11.0
    ],
    [
      5.0,
      9.0,
      8.0,
      3.0,
      10.0,
      9.0,
      4.0,
      2.0,
      2.0,
      6.0,
      7.0,
      1.0,
      2.0,
      1.0,
      0.0,
      4.0,
      7.0,
      5.0,
      1.0,
      3.0,
      1.0,
      11.0,
      6.0,
      8.0,
      3.0,
      1.0,
      3.0,
      2.0,
      11.0,
      10.0
    ],
    [
      1.0,
      5.0,
      4.0,
      1.0,
      6.0,
      5.0,
      1.0,
      6.0,
      2.0,
      2.0,
      3.0,
      3.0,
      2.0,
      5.0,
      4.0,
      0.0,
      3.0,
      1.0,
      4.0,
      7.0,
      5.0,
      7.0,
      2.0,
      4.0,
      7.0,
      3.0,
      1.0,
      6.0,
      7.0,
      6.0
    ],
    [
      2.0,
      2.0,
      1.0,
      4.0,
      3.0,
      2.0,
      3.0,
      9.0,
      5.0,
      1.0,
      1.0,
      6.0,
      5.0,
      8.0,
      7.0,
      3.0,
      0.0,
      2.0,
      7.0,
      10.0,
      8.0,
      4.0,
      2.0,
      2.0,
      10.0,
      6.0,
      4.0,
      9.0,
      4.0,
      3.0
    ],
    [
      2.0,
      4.0,
      3.0,
      2.0,
      5.0,
      4.0,
      2.0,
      7.0,
      3.0,
      1.0,
      2.0,
      4.0,
      3.0,
      6.0,
      5.0,
      1.0,
      2.0,
      0.0,
      5.0,
      8.0,
      6.0,
      6.0,
      1.0,
      3.0,
      8.0,
      4.0,
      2.0,
      7.0,
      6.0,
      5.0
    ],
    [
      5.0,
      9.0,
      8.0,
      3.0,
      10.0,
      9.0,
      4.0,
      2.0,
      2.0,
      6.0,
      7.0,
      1.0,
      2.0,
      2.0,
      1.0,
      4.0,
      7.0,
      5.0,
      0.0,
      3.0,
      1.0,
      11.0,
      6.0,
      8.0,
      3.0,
      1.0,
      3.0,
      2.0,
      11.0,
      10.0
    ],
    [
      8.0,
      12.0,
      11.0,
      6.0,
      13.0,
      12.0,
      7.0,
      1.0,
      5.0,
      9.0,
      10.0,
      4.0,
      5.0,
      2.0,
      3.0,
      7.0,
      10.0,
      8.0,
      3.0,
      0.0,
      2.0,
      14.0,
      9.0,
      11.0,
      1.0,
      4.0,
      6.0,
      1.0,
      14.0,
      13.0
    ],
    [
      6.0,
      10.0,
      9.0,
      4.0,
      11.0,
      10.0,
      5.0,
      1.0,
      3.0,
      7.0,
      8.0,
      2.0,
      3.0,
      1.0,
      1.0,
      5.0,
      8.0,
      6.0,
      1.0,
      2.0,
      0.0,
      12.0,
      7.0,
      9.0,
      2.0,
      2.0,
      4.0,
      1.0,
      12.0,
      11.0
    ],
    [
      6.0,
      2.0,
      3.0,
      8.0,
      2.0,
      2.0,
      7.0,
      13.0,
      9.0,
      5.0,
      4.0,
      10.0,
      9.0,
      12.0,
      11.0,
      7.0,
      4.0,
      6.0,
      11.0,
      14.0,
      12.0,
      0.0,
      5.0,
      3.0,
      14.0,
      10.0,
      8.0,
      13.0,
      1.0,
      1.0
    ],
    [
      1.0,
      3.0,
      2.0,
      3.0,
      4.0,
      3.0,
      2.0,
      8.0,
      4.0,
      1.0,
      1.0,
      5.0,
      4.0,
      7.0,
      6.0,
      2.0,
      2.0,
      1.0,
      6.0,
      9.0,
      7.0,
      5.0,
      0.0,
      2.0,
      9.0,
      5.0,
      3.0,
      8.0,
      5.0,
      4.0
    ],
    [
      3.0,
      1.0,
      1.0,
      5.0,
      2.0,
      1.0,
      4.0,
      10.0,
      6.0,
      2.0,
      1.0,
      7.0,
      6.0,
      9.0,
      8.0,
      4.0,
      2.0,
      3.0,
      8.0,
      11.0,
      9.0,
      3.0,
      2.0,
      0.0,
      11.0,
      7.0,
      5.0,
      10.0,
      3.0,
      2.0
    ],
    [
      8.0,
      12.0,
      11.0,
      6.0,
      13.0,
      12.0,
      7.0,
      1.0,
      5.0,
      9.0,
      10.0,
      4.0,
      5.0,
      2.0,
      3.0,
      7.0,
      10.0,
      8.0,
      3.0,
      1.0,
      2.0,
      14.0,
      9.0,
      11.0,
      0.0,
      4.0,
      6.0,
      1.0,
      14.0,
      13.0
    ],
    [
      4.0,
      8.0,
      7.0,
      2.0,
      9.0,
      8.0,
      3.0,
      3.0,
      1.0,
      5.0,
      6.0,
      1.0,
      1.0,
      2.0,
      1.0,
      3.0,
      6.0,
      4.0,
      1.0,
      4.0,
      2.0,
      10.0,
      5.0,
      7.0,
      4.0,
      0.0,
      2.0,
      3.0,
      10.0,
      9.0
    ],
    [
      2.0,
      6.0,
      5.0,
      1.0,
      7.0,
      6.0,
      1.0,
      5.0,
      1.0,
      3.0,
      4.0,
      2.0,
      1.0,
      4.0,
      3.0,
      1.0,
      4.0,
      2.0,
      3.0,
      6.0,
      4.0,
      8.0,
      3.0,
      5.0,
      6.0,
      2.0,
      0.0,
      5.0,
      8.0,
      7.0
    ],
    [
      7.0,
      11.0,
      10.0,
      5.0,
      12.0,
      11.0,
      6.0,
      1.0,
      4.0,
      8.0,
      9.0,
      3.0,
      4.0,
      1.0,
      2.0,
      6.0,
      9.0,
      7.0,
      2.0,
      1.0,
      1.0,
      13.0,
      8.0,
      10.0,
      1.0,
      3.0,
      5.0,
      0.0,
      13.0,
      12.0
    ],
    [
      6.0,
      2.0,
      3.0,
      8.0,
      1.0,
      2.0,
      7.0,
      13.0,
      9.0,
      5.0,
      4.0,
      10.0,
      9.0,
      12.0,
      11.0,
      7.0,
      4.0,
      6.0,
      11.0,
      14.0,
      12.0,
      1.0,
      5.0,
      3.0,
      14.0,
      10.0,
      8.0,
      13.0,
      0.0,
      1.0
    ],
    [
      5.0,
      1.0,
      2.0,
      7.0,
      1.0,
      1.0,
      6.0,
      12.0,
      8.0,
      4.0,
      3.0,
      9.0,
      8.0,
      11.0,
      10.0,
      6.0,
      3.0,
      5.0,
      10.0,
      13.0,
      11.0,
      1.0,
      4.0,
      2.0,
      13.0,
      9.0,
      7.0,
      12.0,
      1.0,
      0.0
    ]
  ]
}