{
  "nodes": [
    {
      "index": 0,
      "id": 0,
      "x": 653,
      "y": 425
    },
    {
      "index": 1,
      "id": 1,
      "x": 836,
      "y": 222
    },
    {
      "index": 2,
      "id": 2,
      "x": 758,
      "y": 329
    },
    {
      "index": 3,
      "id": 3,
      "x": 765,
      "y": 271
    },
    {
      "index": 4,
      "id": 4,
      "x": 756,
      "y": 813
    },
    {
      "index": 5,
      "id": 5,
      "x": 769,
      "y": 376
    },
    {
      "index": 6,
      "id": 6,
      "x": 725,
      "y": 187
    },
    {
      "index": 7,
      "id": 7,
      "x": 771,
      "y": 717
    },
    {
      "index": 8,
      "id": 8,
      "x": 564,
      "y": 578
    },
    {
      "index": 9,
      "id": 9,
      "x": 634,
      "y": 683
    },
    {
      "index": 10,
      "id": 10,
      "x": 789,
      "y": 439
    },
    {
      "index": 11,
      "id": 11,
      "x": 313,
      "y": 294
    },
    {
      "index": 12,
      "id": 12,
      "x": 210,
      "y": 370
    },
    {
      "index": 13,
      "id": 13,
      "x": 809,
      "y": 649
    },
    {
      "index": 14,
      "id": 14,
      "x": 567,
      "y": 641
    },
    {
      "index": 15,
      "id": 15,
      "x": 325,
      "y": 650
    },
    {
      "index": 16,
      "id": 16,
      "x": 289,
      "y": 546
    },
    {
      "index": 17,
      "id": 17,
      "x": 386,
      "y": 803
    },
    {
      "index": 18,
      "id": 18,
      "x": 452,
      "y": 304
    },
    {
      "index": 19,
      "id": 19,
      "x": 606,
      "y": 527
    },
    {
      "index": 20,
      "id": 20,
      "x": 832,
      "y": 445
    },
    {
      "index": 21,
      "id": 21,
      "x": 388,
      "y": 809
    },
    {
      "index": 22,
      "id": 22,
      "x": 772,
      "y": 839
    },
    {
      "index": 23,
      "id": 23,
      "x": 759,
      "y": 144
    },
    {
      "index": 24,
      "id": 24,
      "x": 710,
      "y": 286
    },
    {
      "index": 25,
      "id": 25,
      "x": 848,
      "y": 488
    },
    {
      "index": 26,
      "id": 26,
      "x": 426,
      "y": 402
    },
    {
      "index": 27,
      "id": 27,
      "x": 750,
      "y": 556
    },
    {
      "index": 28,
      "id": 28,
      "x": 347,
      "y": 193
    },
    {
      "index": 29,
      "id": 29,
      "x": 428,
      "y": 459
    }
  ],
  "edges": [
    {
      "source": 19,
      "target": 27
    },
    {
      "source": 10,
      "target": 16
    },
    {
      "source": 19,
      "target": 14
    },
    {
      "source": 14,
      "target": 13
    },
    {
      "source": 0,
      "target": 8
    },
    {
      "source": 6,
      "target": 11
    },
    {
      "source": 26,
      "target": 14
    },
    {
      "source": 1,
      "target": 5
    },
    {
      "source": 29,
      "target": 15
    },
    {
      "source": 18,
      "target": 26
    },
    {
      "source": 28,
      "target": 2
    },
    {
      "source": 0,
      "target": 29
    },
    {
      "source": 3,
      "target": 15
    },
    {
      "source": 25,
      "target": 14
    },
    {
      "source": 12,
      "target": 0
    },
    {
      "source": 2,
      "target": 10
    },
    {
      "source": 9,
      "target": 7
    },
    {
      "source": 8,
      "target": 21
    },
    {
      "source": 20,
      "target": 19
    },
    {
      "source": 27,
      "target": 7
    },
    {
      "source": 10,
      "target": 9
    },
    {
      "source": 5,
      "target": 9
    },
    {
      "source": 29,
      "target": 21
    },
    {
      "source": 2,
      "target": 15
    },
    {
      "source": 6,
      "target": 12
    },
    {
      "source": 12,
      "target": 4
    },
    {
      "source": 24,
      "target": 4
    },
    {
      "source": 3,
      "target": 2
    },
    {
      "source": 18,
      "target": 20
    },
    {
      "source": 28,
      "target": 3
    },
    {
      "source": 12,
      "target": 13
    },
    {
      "source": 16,
      "target": 7
    },
    {
      "source": 6,
      "target": 0
    },
    {
      "source": 13,
      "target": 17
    },
    {
      "source": 19,
      "target": 16
    },
    {
      "source": 11,
      "target": 0
    },
    {
      "source": 2,
      "target": 29
    },
    {
      "source": 16,
      "target": 27
    },
    {
      "source": 23,
      "target": 24
    },
    {
      "source": 29,
      "target": 8
    },
    {
      "source": 11,
      "target": 8
    },
    {
      "source": 16,
      "target": 9
    },
    {
      "source": 14,
      "target": 17
    },
    {
      "source": 13,
      "target": 22
    },
    {
      "source": 26,
      "target": 19
    },
    {
      "source": 13,
      "target": 4
    },
    {
      "source": 1,
      "target": 10
    },
    {
      "source": 18,
      "target": 19
    },
    {
      "source": 5,
      "target": 10
    },
    {
      "source": 25,
      "target": 17
    },
    {
      "source": 15,
      "target": 21
    },
    {
      "source": 4,
      "target": 22
    },
    {
      "source": 26,
      "target": 25
    },
    {
      "source": 28,
      "target": 1
    },
    {
      "source": 17,
      "target": 22
    },
    {
      "source": 0,
      "target": 8
    },
    {
      "source": 23,
      "target": 6
    },
    {
      "source": 20,
      "target": 27
    },
    {
      "source": 24,
      "target": 12
    },
    {
      "source": 1,
      "target": 2
    },
    {
      "source": 23,
      "target": 12
    }
  ],
  "width": 1000,
  "height": 1000,
  "weight": [
    [
      1.0,
      0.1111111111111111,
      0.25,
      0.1111111111111111,
      0.25,
      0.0625,
      1.0,
      0.04,
      1.0,
      0.0625,
      0.1111111111111111,
      1.0,
      1.0,
      0.25,
      0.1111111111111111,
      0.25,
      0.0625,
      0.1111111111111111,
      0.04,
      0.0625,
      0.04,
      0.25,
      0.1111111111111111,
      0.25,
      0.25,
      0.0625,
      0.0625,
      0.04,
      0.1111111111111111,
      1.0
    ],
    [
      0.1111111111111111,
      1.0,
      1.0,
      0.25,
      0.04,
      1.0,
      0.0625,
      0.1111111111111111,
      0.1111111111111111,
      0.25,
      1.0,
      0.0625,
      0.0625,
      0.04,
      0.0625,
      0.25,
      0.25,
      0.04,
      0.0625,
      0.1111111111111111,
      0.0625,
      0.1111111111111111,
      0.027777777777777776,
      0.04,
      0.04,
      0.04,
      0.0625,
      0.1111111111111111,
      1.0,
      0.25
    ],
    [
      0.25,
      1.0,
      1.0,
      1.0,
      0.0625,
      0.25,
      0.1111111111111111,
      0.1111111111111111,
      0.25,
      0.25,
      1.0,
      0.1111111111111111,
      0.1111111111111111,
      0.0625,
      0.0625,
      1.0,
      0.25,
      0.04,
      0.0625,
      0.1111111111111111,
      0.0625,
      0.25,
      0.04,
      0.0625,
      0.0625,
      0.04,
      0.0625,
      0.1111111111111111,
      1.0,
      1.0
    ],
    [
      0.1111111111111111,
      0.25,
      1.0,
      1.0,
      0.04,
      0.1111111111111111,
      0.0625,
      0.0625,
      0.1111111111111111,
      0.1111111111111111,
      0.25,
      0.0625,
      0.0625,
      0.04,
      0.04,
      1.0,
      0.1111111111111111,
      0.027777777777777776,
      0.04,
      0.0625,
      0.04,
      0.25,
      0.027777777777777776,
      0.04,
      0.04,
      0.027777777777777776,
      0.04,
      0.0625,
      1.0,
      0.25
    ],
    [
      0.25,
      0.04,
      0.0625,
      0.04,
      1.0,
      0.027777777777777776,
      0.25,
      0.04,
      0.1111111111111111,
      0.04,
      0.04,
      0.1111111111111111,
      1.0,
      1.0,
      0.25,
      0.0625,
      0.0625,
      0.25,
      0.0625,
      0.1111111111111111,
      0.0625,
      0.0625,
      1.0,
      0.25,
      1.0,
      0.1111111111111111,
      0.1111111111111111,
      0.0625,
      0.04,
      0.1111111111111111
    ],
    [
      0.0625,
      1.0,
      0.25,
      0.1111111111111111,
      0.027777777777777776,
      1.0,
      0.04,
      0.25,
      0.0625,
      1.0,
      1.0,
      0.04,
      0.04,
      0.04,
      0.0625,
      0.1111111111111111,
      0.25,
      0.04,
      0.0625,
      0.1111111111111111,
      0.0625,
      0.0625,
      0.027777777777777776,
      0.027777777777777776,
      0.027777777777777776,
      0.04,
      0.0625,
      0.1111111111111111,
      0.25,
      0.1111111111111111
    ],
    [
      1.0,
      0.0625,
      0.1111111111111111,
      0.0625,
      0.25,
      0.04,
      1.0,
      0.027777777777777776,
      0.25,
      0.04,
      0.0625,
      1.0,
      1.0,
      0.25,
      0.1111111111111111,
      0.1111111111111111,
      0.04,
      0.1111111111111111,
      0.04,
      0.0625,
      0.04,
      0.1111111111111111,
      0.1111111111111111,
      1.0,
      0.25,
      0.0625,
      0.0625,
      0.04,
      0.0625,
      0.25
    ],
    [
      0.04,
      0.1111111111111111,
      0.1111111111111111,
      0.0625,
      0.04,
      0.25,
      0.027777777777777776,
      1.0,
      0.04,
      1.0,
      0.25,
      0.027777777777777776,
      0.04,
      0.0625,
      0.1111111111111111,
      0.0625,
      1.0,
      0.0625,
      0.1111111111111111,
      0.25,
      0.25,
      0.04,
      0.04,
      0.027777777777777776,
      0.027777777777777776,
      0.0625,
      0.1111111111111111,
      1.0,
      0.0625,
      0.0625
    ],
    [
      1.0,
      0.1111111111111111,
      0.25,
      0.1111111111111111,
      0.1111111111111111,
      0.0625,
      0.25,
      0.04,
      1.0,
      0.0625,
      0.1111111111111111,
      1.0,
      0.25,
      0.1111111111111111,
      0.0625,
      0.25,
      0.0625,
      0.0625,
      0.027777777777777776,
      0.04,
      0.027777777777777776,
      1.0,
      0.0625,
      0.1111111111111111,
      0.1111111111111111,
      0.04,
      0.04,
      0.04,
      0.1111111111111111,
      1.0
    ],
    [
      0.0625,
      0.25,
      0.25,
      0.1111111111111111,
      0.04,
      1.0,
      0.04,
      1.0,
      0.0625,
      1.0,
      1.0,
      0.04,
      0.04,
      0.0625,
      0.1111111111111111,
      0.1111111111111111,
      1.0,
      0.0625,
      0.1111111111111111,
      0.25,
      0.1111111111111111,
      0.0625,
      0.04,
      0.027777777777777776,
      0.027777777777777776,
      0.0625,
      0.1111111111111111,
      0.25,
      0.1111111111111111,
      0.1111111111111111
    ],
    [
      0.1111111111111111,
      1.0,
      1.0,
      0.25,
      0.04,
      1.0,
      0.0625,
      0.25,
      0.1111111111111111,
      1.0,
      1.0,
      0.0625,
      0.0625,
      0.0625,
      0.1111111111111111,
      0.25,
      1.0,
      0.0625,
      0.1111111111111111,
      0.25,
      0.1111111111111111,
      0.1111111111111111,
      0.04,
      0.04,
      0.04,
      0.0625,
      0.1111111111111111,
      0.25,
      0.25,
      0.25
    ],
    [
      1.0,
      0.0625,
      0.1111111111111111,
      0.0625,
      0.1111111111111111,
      0.04,
      1.0,
      0.027777777777777776,
      1.0,
      0.04,
      0.0625,
      1.0,
      0.25,
      0.1111111111111111,
      0.0625,
      0.1111111111111111,
      0.04,
      0.0625,
      0.027777777777777776,
      0.04,
      0.027777777777777776,
      0.25,
      0.0625,
      0.25,
      0.1111111111111111,
      0.04,
      0.04,
      0.027777777777777776,
      0.0625,
      0.25
    ],
    [
      1.0,
      0.0625,
      0.1111111111111111,
      0.0625,
      1.0,
      0.04,
      1.0,
      0.04,
      0.25,
      0.04,
      0.0625,
      0.25,
      1.0,
      1.0,
      0.25,
      0.1111111111111111,
      0.0625,
      0.25,
      0.0625,
      0.1111111111111111,
      0.0625,
      0.1111111111111111,
      0.25,
      1.0,
      1.0,
      0.1111111111111111,
      0.1111111111111111,
      0.0625,
      0.0625,
      0.25
    ],
    [
      0.25,
      0.04,
      0.0625,
      0.04,
      1.0,
      0.04,
      0.25,
      0.0625,
      0.1111111111111111,
      0.0625,
      0.0625,
      0.1111111111111111,
      1.0,
      1.0,
      1.0,
      0.0625,
      0.1111111111111111,
      1.0,
      0.1111111111111111,
      0.25,
      0.1111111111111111,
      0.0625,
      1.0,
      0.25,
      0.25,
      0.25,
      0.25,
      0.1111111111111111,
      0.04,
      0.1111111111111111
    ],
    [
      0.1111111111111111,
      0.0625,
      0.0625,
      0.04,
      0.25,
      0.0625,
      0.1111111111111111,
      0.1111111111111111,
      0.0625,
      0.1111111111111111,
      0.1111111111111111,
      0.0625,
      0.25,
      1.0,
      1.0,
      0.04,
      0.25,
      1.0,
      0.25,
      1.0,
      0.25,
      0.04,
      0.25,
      0.1111111111111111,
      0.1111111111111111,
      1.0,
      1.0,
      0.25,
      0.04,
      0.0625
    ],
    [
      0.25,
      0.25,
      1.0,
      1.0,
      0.0625,
      0.1111111111111111,
      0.1111111111111111,
      0.0625,
      0.25,
      0.1111111111111111,
      0.25,
      0.1111111111111111,
      0.1111111111111111,
      0.0625,
      0.04,
      1.0,
      0.1111111111111111,
      0.04,
      0.04,
      0.0625,
      0.04,
      1.0,
      0.04,
      0.0625,
      0.0625,
      0.027777777777777776,
      0.04,
      0.0625,
      0.25,
      1.0
    ],
    [
      0.0625,
      0.25,
      0.25,
      0.1111111111111111,
      0.0625,
      0.25,
      0.04,
      1.0,
      0.0625,
      1.0,
      1.0,
      0.04,
      0.0625,
      0.1111111111111111,
      0.25,
      0.1111111111111111,
      1.0,
      0.1111111111111111,
      0.25,
      1.0,
      0.25,
      0.0625,
      0.0625,
      0.04,
      0.04,
      0.1111111111111111,
      0.25,
      1.0,
      0.1111111111111111,
      0.1111111111111111
    ],
    [
      0.1111111111111111,
      0.04,
      0.04,
      0.027777777777777776,
      0.25,
      0.04,
      0.1111111111111111,
      0.0625,
      0.0625,
      0.0625,
      0.0625,
      0.0625,
      0.25,
      1.0,
      1.0,
      0.04,
      0.1111111111111111,
      1.0,
      0.1111111111111111,
      0.25,
      0.1111111111111111,
      0.04,
      1.0,
      0.1111111111111111,
      0.1111111111111111,
      1.0,
      0.25,
      0.1111111111111111,
      0.027777777777777776,
      0.0625
    ],
    [
      0.04,
      0.0625,
      0.0625,
      0.04,
      0.0625,
      0.0625,
      0.04,
      0.1111111111111111,
      0.027777777777777776,
      0.1111111111111111,
      0.1111111111111111,
      0.027777777777777776,
      0.0625,
      0.1111111111111111,
      0.25,
      0.04,
      0.25,
      0.1111111111111111,
      1.0,
      1.0,
      1.0,
      0.027777777777777776,
      0.0625,
      0.04,
      0.04,
      0.25,
      1.0,
      0.25,
      0.04,
      0.04
    ],
    [
      0.0625,
      0.1111111111111111,
      0.1111111111111111,
      0.0625,
      0.1111111111111111,
      0.1111111111111111,
      0.0625,
      0.25,
      0.04,
      0.25,
      0.25,
      0.04,
      0.1111111111111111,
      0.25,
      1.0,
      0.0625,
      1.0,
      0.25,
      1.0,
      1.0,
      1.0,
      0.04,
      0.1111111111111111,
      0.0625,
      0.0625,
      0.25,
      1.0,
      1.0,
      0.0625,
      0.0625
    ],
    [
      0.04,
      0.0625,
      0.0625,
      0.04,
      0.0625,
      0.0625,
      0.04,
      0.25,
      0.027777777777777776,
      0.1111111111111111,
      0.1111111111111111,
      0.027777777777777776,
      0.0625,
      0.1111111111111111,
      0.25,
      0.04,
      0.25,
      0.1111111111111111,
      1.0,
      1.0,
      1.0,
      0.027777777777777776,
      0.0625,
      0.04,
      0.04,
      0.1111111111111111,
      0.25,
      1.0,
      0.04,
      0.04
    ],
    [
      0.25,
      0.1111111111111111,
      0.25,
      0.25,
      0.0625,
      0.0625,
      0.1111111111111111,
      0.04,
      1.0,
      0.0625,
      0.1111111111111111,
      0.25,
      0.1111111111111111,
      0.0625,
      0.04,
      1.0,
      0.0625,
      0.04,
      0.027777777777777776,
      0.04,
      0.027777777777777776,
      1.0,
      0.04,
      0.0625,
      0.0625,
      0.027777777777777776,
      0.027777777777777776,
      0.04,
      0.1111111111111111,
      1.0
    ],
    [
      0.1111111111111111,
      0.027777777777777776,
      0.04,
      0.027777777777777776,
      1.0,
      0.027777777777777776,
      0.1111111111111111,
      0.04,
      0.0625,
      0.04,
      0.04,
      0.0625,
      0.25,
      1.0,
      0.25,
      0.04,
      0.0625,
      1.0,
      0.0625,
      0.1111111111111111,
      0.0625,
      0.04,
      1.0,
      0.1111111111111111,
      0.25,
      0.25,
      0.1111111111111111,
      0.0625,
      0.027777777777777776,
      0.0625
    ],
    [
      0.25,
      0.04,
      0.0625,
      0.04,
      0.25,
      0.027777777777777776,
      1.0,
      0.027777777777777776,
      0.1111111111111111,
      0.027777777777777776,
      0.04,
      0.25,
      1.0,
      0.25,
      0.1111111111111111,
      0.0625,
      0.04,
      0.1111111111111111,
      0.04,
      0.0625,
      0.04,
      0.0625,
      0.1111111111111111,
      1.0,
      1.0,
      0.0625,
      0.0625,
      0.04,
      0.04,
      0.1111111111111111
    ],
    [
      0.25,
      0.04,
      0.0625,
      0.04,
      1.0,
      0.027777777777777776,
      0.25,
      0.027777777777777776,
      0.1111111111111111,
      0.027777777777777776,
      0.04,
      0.1111111111111111,
      1.0,
      0.25,
      0.1111111111111111,
      0.0625,
      0.04,
      0.1111111111111111,
      0.04,
      0.0625,
      0.04,
      0.0625,
      0.25,
      1.0,
      1.0,
      0.0625,
      0.0625,
      0.04,
      0.04,
      0.1111111111111111
    ],
    [
      0.0625,
      0.04,
      0.04,
      0.027777777777777776,
      0.1111111111111111,
      0.04,
      0.0625,
      0.0625,
      0.04,
      0.0625,
      0.0625,
      0.04,
      0.1111111111111111,
      0.25,
      1.0,
      0.027777777777777776,
      0.1111111111111111,
      1.0,
      0.25,
      0.25,
      0.1111111111111111,
      0.027777777777777776,
      0.25,
      0.0625,
      0.0625,
      1.0,
      1.0,
      0.1111111111111111,
      0.027777777777777776,
      0.04
    ],
    [
      0.0625,
      0.0625,
      0.0625,
      0.04,
      0.1111111111111111,
      0.0625,
      0.0625,
      0.1111111111111111,
      0.04,
      0.1111111111111111,
      0.1111111111111111,
      0.04,
      0.1111111111111111,
      0.25,
      1.0,
      0.04,
      0.25,
      0.25,
      1.0,
      1.0,
      0.25,
      0.027777777777777776,
      0.1111111111111111,
      0.0625,
      0.0625,
      1.0,
      1.0,
      0.25,
      0.04,
      0.04
    ],
    [
      0.04,
      0.1111111111111111,
      0.1111111111111111,
      0.0625,
      0.0625,
      0.1111111111111111,
      0.04,
      1.0,
      0.04,
      0.25,
      0.25,
      0.027777777777777776,
      0.0625,
      0.1111111111111111,
      0.25,
      0.0625,
      1.0,
      0.1111111111111111,
      0.25,
      1.0,
      1.0,
      0.04,
      0.0625,
      0.04,
      0.04,
      0.1111111111111111,
      0.25,
      1.0,
      0.0625,
      0.0625
    ],
    [
      0.1111111111111111,
      1.0,
      1.0,
      1.0,
      0.04,
      0.25,
      0.0625,
      0.0625,
      0.1111111111111111,
      0.1111111111111111,
      0.25,
      0.0625,
      0.0625,
      0.04,
      0.04,
      0.25,
      0.1111111111111111,
      0.027777777777777776,
      0.04,
      0.0625,
      0.04,
      0.1111111111111111,
      0.027777777777777776,
      0.04,
      0.04,
      0.027777777777777776,
      0.04,
      0.0625,
      1.0,
      0.25
    ],
    [
      1.0,
      0.25,
      1.0,
      0.25,
      0.1111111111111111,
      0.1111111111111111,
      0.25,
      0.0625,
      1.0,
      0.1111111111111111,
      0.25,
      0.25,
      0.25,
      0.1111111111111111,
      0.0625,
      1.0,
      0.1111111111111111,
      0.0625,
      0.04,
      0.0625,
      0.04,
      1.0,
      0.0625,
      0.1111111111111111,
      0.1111111111111111,
      0.04,
      0.04,
      0.0625,
      0.25,
      1.0
    ]
  ],
  "graphDistance": [
    [
      0.0,
      3.0,
      2.0,
      3.0,
      2.0,
      4.0,
      1.0,
      5.0,
      1.0,
      4.0,
      3.0,
      1.0,
      1.0,
      2.0,
      3.0,
      2.0,
      4.0,
      3.0,
      5.0,
      4.0,
      5.0,
      2.0,
      3.0,
      2.0,
      2.0,
      4.0,
      4.0,
      5.0,
      3.0,
      1.0
    ],
    [
      3.0,
      0.0,
      1.0,
      2.0,
      5.0,
      1.0,
      4.0,
      3.0,
      3.0,
      2.0,
      1.0,
      4.0,
      4.0,
      5.0,
      4.0,
      2.0,
      2.0,
      5.0,
      4.0,
      3.0,
      4.0,
      3.0,
      6.0,
      5.0,
      5.0,
      5.0,
      4.0,
      3.0,
      1.0,
      2.0
    ],
    [
      2.0,
      1.0,
      0.0,
      1.0,
      4.0,
      2.0,
      3.0,
      3.0,
      2.0,
      2.0,
      1.0,
      3.0,
      3.0,
      4.0,
      4.0,
      1.0,
      2.0,
      5.0,
      4.0,
      3.0,
      4.0,
      2.0,
      5.0,
      4.0,
      4.0,
      5.0,
      4.0,
      3.0,
      1.0,
      1.0
    ],
    [
      3.0,
      2.0,
      1.0,
      0.0,
      5.0,
      3.0,
      4.0,
      4.0,
      3.0,
      3.0,
      2.0,
      4.0,
      4.0,
      5.0,
      5.0,
      1.0,
      3.0,
      6.0,
      5.0,
      4.0,
      5.0,
      2.0,
      6.0,
      5.0,
      5.0,
      6.0,
      5.0,
      4.0,
      1.0,
      2.0
    ],
    [
      2.0,
      5.0,
      4.0,
      5.0,
      0.0,
      6.0,
      2.0,
      5.0,
      3.0,
      5.0,
      5.0,
      3.0,
      1.0,
      1.0,
      2.0,
      4.0,
      4.0,
      2.0,
      4.0,
      3.0,
      4.0,
      4.0,
      1.0,
      2.0,
      1.0,
      3.0,
      3.0,
      4.0,
      5.0,
      3.0
    ],
    [
      4.0,
      1.0,
      2.0,
      3.0,
      6.0,
      0.0,
      5.0,
      2.0,
      4.0,
      1.0,
      1.0,
      5.0,
      5.0,
      5.0,
      4.0,
      3.0,
      2.0,
      5.0,
      4.0,
      3.0,
      4.0,
      4.0,
      6.0,
      6.0,
      6.0,
      5.0,
      4.0,
      3.0,
      2.0,
      3.0
    ],
    [
      1.0,
      4.0,
      3.0,
      4.0,
      2.0,
      5.0,
      0.0,
      6.0,
      2.0,
      5.0,
      4.0,
      1.0,
      1.0,
      2.0,
      3.0,
      3.0,
      5.0,
      3.0,
      5.0,
      4.0,
      5.0,
      3.0,
      3.0,
      1.0,
      2.0,
      4.0,
      4.0,
      5.0,
      4.0,
      2.0
    ],
    [
      5.0,
      3.0,
      3.0,
      4.0,
      5.0,
      2.0,
      6.0,
      0.0,
      5.0,
      1.0,
      2.0,
      6.0,
      5.0,
      4.0,
      3.0,
      4.0,
      1.0,
      4.0,
      3.0,
      2.0,
      2.0,
      5.0,
      5.0,
      6.0,
      6.0,
      4.0,
      3.0,
      1.0,
      4.0,
      4.0
    ],
    [
      1.0,
      3.0,
      2.0,
      3.0,
      3.0,
      4.0,
      2.0,
      5.0,
      0.0,
      4.0,
      3.0,
      1.0,
      2.0,
      3.0,
      4.0,
      2.0,
      4.0,
      4.0,
      6.0,
      5.0,
      6.0,
      1.0,
      4.0,
      3.0,
      3.0,
      5.0,
      5.0,
      5.0,
      3.0,
      1.0
    ],
    [
      4.0,
      2.0,
      2.0,
      3.0,
      5.0,
      1.0,
      5.0,
      1.0,
      4.0,
      0.0,
      1.0,
      5.0,
      5.0,
      4.0,
      3.0,
      3.0,
      1.0,
      4.0,
      3.0,
      2.0,
      3.0,
      4.0,
      5.0,
      6.0,
      6.0,
      4.0,
      3.0,
      2.0,
      3.0,
      3.0
    ],
    [
      3.0,
      1.0,
      1.0,
      2.0,
      5.0,
      1.0,
      4.0,
      2.0,
      3.0,
      1.0,
      0.0,
      4.0,
      4.0,
      4.0,
      3.0,
      2.0,
      1.0,
      4.0,
      3.0,
      2.0,
      3.0,
      3.0,
      5.0,
      5.0,
      5.0,
      4.0,
      3.0,
      2.0,
      2.0,
      2.0
    ],
    [
      1.0,
      4.0,
      3.0,
      4.0,
      3.0,
      5.0,
      1.0,
      6.0,
      1.0,
      5.0,
      4.0,
      0.0,
      2.0,
      3.0,
      4.0,
      3.0,
      5.0,
      4.0,
      6.0,
      5.0,
      6.0,
      2.0,
      4.0,
      2.0,
      3.0,
      5.0,
      5.0,
      6.0,
      4.0,
      2.0
    ],
    [
      1.0,
      4.0,
      3.0,
      4.0,
      1.0,
      5.0,
      1.0,
      5.0,
      2.0,
      5.0,
      4.0,
      2.0,
      0.0,
      1.0,
      2.0,
      3.0,
      4.0,
      2.0,
      4.0,
      3.0,
      4.0,
      3.0,
      2.0,
      1.0,
      1.0,
      3.0,
      3.0,
      4.0,
      4.0,
      2.0
    ],
    [
      2.0,
      5.0,
      4.0,
      5.0,
      1.0,
      5.0,
      2.0,
      4.0,
      3.0,
      4.0,
      4.0,
      3.0,
      1.0,
      0.0,
      1.0,
      4.0,
      3.0,
      1.0,
      3.0,
      2.0,
      3.0,
      4.0,
      1.0,
      2.0,
      2.0,
      2.0,
      2.0,
      3.0,
      5.0,
      3.0
    ],
    [
      3.0,
      4.0,
      4.0,
      5.0,
      2.0,
      4.0,
      3.0,
      3.0,
      4.0,
      3.0,
      3.0,
      4.0,
      2.0,
      1.0,
      0.0,
      5.0,
      2.0,
      1.0,
      2.0,
      1.0,
      2.0,
      5.0,
      2.0,
      3.0,
      3.0,
      1.0,
      1.0,
      2.0,
      5.0,
      4.0
    ],
    [
      2.0,
      2.0,
      1.0,
      1.0,
      4.0,
      3.0,
      3.0,
      4.0,
      2.0,
      3.0,
      2.0,
      3.0,
      3.0,
      4.0,
      5.0,
      0.0,
      3.0,
      5.0,
      5.0,
      4.0,
      5.0,
      1.0,
      5.0,
      4.0,
      4.0,
      6.0,
      5.0,
      4.0,
      2.0,
      1.0
    ],
    [
      4.0,
      2.0,
      2.0,
      3.0,
      4.0,
      2.0,
      5.0,
      1.0,
      4.0,
      1.0,
      1.0,
      5.0,
      4.0,
      3.0,
      2.0,
      3.0,
      0.0,
      3.0,
      2.0,
      1.0,
      2.0,
      4.0,
      4.0,
      5.0,
      5.0,
      3.0,
      2.0,
      1.0,
      3.0,
      3.0
    ],
    [
      3.0,
      5.0,
      5.0,
      6.0,
      2.0,
      5.0,
      3.0,
      4.0,
      4.0,
      4.0,
      4.0,
      4.0,
      2.0,
      1.0,
      1.0,
      5.0,
      3.0,
      0.0,
      3.0,
      2.0,
      3.0,
      5.0,
      1.0,
      3.0,
      3.0,
      1.0,
      2.0,
      3.0,
      6.0,
      4.0
    ],
    [
      5.0,
      4.0,
      4.0,
      5.0,
      4.0,
      4.0,
      5.0,
      3.0,
      6.0,
      3.0,
      3.0,
      6.0,
      4.0,
      3.0,
      2.0,
      5.0,
      2.0,
      3.0,
      0.0,
      1.0,
      1.0,
      6.0,
      4.0,
      5.0,
      5.0,
      2.0,
      1.0,
      2.0,
      5.0,
      5.0
    ],
    [
      4.0,
      3.0,
      3.0,
      4.0,
      3.0,
      3.0,
      4.0,
      2.0,
      5.0,
      2.0,
      2.0,
      5.0,
      3.0,
      2.0,
      1.0,
      4.0,
      1.0,
      2.0,
      1.0,
      0.0,
      1.0,
      5.0,
      3.0,
      4.0,
      4.0,
      2.0,
      1.0,
      1.0,
      4.0,
      4.0
    ],
    [
      5.0,
      4.0,
      4.0,
      5.0,
      4.0,
      4.0,
      5.0,
      2.0,
      6.0,
      3.0,
      3.0,
      6.0,
      4.0,
      3.0,
      2.0,
      5.0,
      2.0,
      3.0,
      1.0,
      1.0,
      0.0,
      6.0,
      4.0,
      5.0,
      5.0,
      3.0,
      2.0,
      1.0,
      5.0,
      5.0
    ],
    [
      2.0,
      3.0,
      2.0,
      2.0,
      4.0,
      4.0,
      3.0,
      5.0,
      1.0,
      4.0,
      3.0,
      2.0,
      3.0,
      4.0,
      5.0,
      1.0,
      4.0,
      5.0,
      6.0,
      5.0,
      6.0,
      0.0,
      5.0,
      4.0,
      4.0,
      6.0,
      6.0,
      5.0,
      3.0,
      1.0
    ],
    [
      3.0,
      6.0,
      5.0,
      6.0,
      1.0,
      6.0,
      3.0,
      5.0,
      4.0,
      5.0,
      5.0,
      4.0,
      2.0,
      1.0,
      2.0,
      5.0,
      4.0,
      1.0,
      4.0,
      3.0,
      4.0,
      5.0,
      0.0,
      3.0,
      2.0,
      2.0,
      3.0,
      4.0,
      6.0,
      4.0
    ],
    [
      2.0,
      5.0,
      4.0,
      5.0,
      2.0,
      6.0,
      1.0,
      6.0,
      3.0,
      6.0,
      5.0,
      2.0,
      1.0,
      2.0,
      3.0,
      4.0,
      5.0,
      3.0,
      5.0,
      4.0,
      5.0,
      4.0,
      3.0,
      0.0,
      1.0,
      4.0,
      4.0,
      5.0,
      5.0,
      3.0
    ],
    [
      2.0,
      5.0,
      4.0,
      5.0,
      1.0,
      6.0,
      2.0,
      6.0,
      3.0,
      6.0,
      5.0,
      3.0,
      1.0,
      2.0,
      3.0,
      4.0,
      5.0,
      3.0,
      5.0,
      4.0,
      5.0,
      4.0,
      2.0,
      1.0,
      0.0,
      4.0,
      4.0,
      5.0,
      5.0,
      3.0
    ],
    [
      4.0,
      5.0,
      5.0,
      6.0,
      3.0,
      5.0,
      4.0,
      4.0,
      5.0,
      4.0,
      4.0,
      5.0,
      3.0,
      2.0,
      1.0,
      6.0,
      3.0,
      1.0,
      2.0,
      2.0,
      3.0,
      6.0,
      2.0,
      4.0,
      4.0,
      0.0,
      1.0,
      3.0,
      6.0,
      5.0
    ],
    [
      4.0,
      4.0,
      4.0,
      5.0,
      3.0,
      4.0,
      4.0,
      3.0,
      5.0,
      3.0,
      3.0,
      5.0,
      3.0,
      2.0,
      1.0,
      5.0,
      2.0,
      2.0,
      1.0,
      1.0,
      2.0,
      6.0,
      3.0,
      4.0,
      4.0,
      1.0,
      0.0,
      2.0,
      5.0,
      5.0
    ],
    [
      5.0,
      3.0,
      3.0,
      4.0,
      4.0,
      3.0,
      5.0,
      1.0,
      5.0,
      2.0,
      2.0,
      6.0,
      4.0,
      3.0,
      2.0,
      4.0,
      1.0,
      3.0,
      2.0,
      1.0,
      1.0,
      5.0,
      4.0,
      5.0,
      5.0,
      3.0,
      2.0,
      0.0,
      4.0,
      4.0
    ],
    [
      3.0,
      1.0,
      1.0,
      1.0,
      5.0,
      2.0,
      4.0,
      4.0,
      3.0,
      3.0,
      2.0,
      4.0,
      4.0,
      5.0,
      5.0,
      2.0,
      3.0,
      6.0,
      5.0,
      4.0,
      5.0,
      3.0,
      6.0,
      5.0,
      5.0,
      6.0,
      5.0,
      4.0,
      0.0,
      2.0
    ],
    [
      1.0,
      2.0,
      1.0,
      2.0,
      3.0,
      3.0,
      2.0,
      4.0,
      1.0,
      3.0,
      2.0,
      2.0,
      2.0,
      3.0,
      4.0,
      1.0,
      3.0,
      4.0,
      5.0,
      4.0,
      5.0,
      1.0,
      4.0,
      3.0,
      3.0,
      5.0,
      5.0,
      4.0,
      2.0,
      0.0
    ]
  ]
}